event_id,match_id,date,season,manager_id,opponent,minute,x,y,xg,shot_type,outcome,body_part
a6444b87-87c8-4786-ac30-cbfbb725876c,68313,2004-10-24,2004/2005,4953,Osasuna,77,107.1,38.7,0.05436392,Open Play,Saved,Head
69f7edf8-090d-4fbd-ac5b-8afb9daa2756,68314,2004-12-04,2004/2005,4953,Málaga,86,112.8,27.2,0.087893374,Open Play,Saved,Left Foot
8e6ec37a-afb8-45e5-a751-c2fd8144e613,68314,2004-12-04,2004/2005,4953,Málaga,88,110.0,41.0,0.24486223,Open Play,Saved,Left Foot
d6101d1f-dfd5-4fe1-b4a7-f33cb80d339f,68315,2004-12-21,2004/2005,4953,Levante UD,67,95.9,59.6,0.010079262,Open Play,Saved,Left Foot
d3a1fae2-f6e3-4765-bbb2-b61df1f8fabe,68315,2004-12-21,2004/2005,4953,Levante UD,79,98.4,53.3,0.03265231,Open Play,Off T,Left Foot
33475e03-b72c-436b-b32e-20cfaacffa74,68316,2005-05-01,2004/2005,4953,Albacete,90,106.0,29.3,0.14505877,Open Play,Goal,Left Foot
5bc4a898-c947-40e6-b838-44c51b8ef056,68317,2005-10-01,2005/2006,4953,Real Zaragoza,87,94.4,52.2,0.02042063,Open Play,Wayward,Left Foot
88ddc0e4-7c19-4369-afd4-66f1db3dff1c,68318,2005-10-22,2005/2006,4953,Osasuna,6,97.9,49.8,0.0341115,Open Play,Off T,Left Foot
f79593a8-254e-41db-9c6d-b80b4701547d,68318,2005-10-22,2005/2006,4953,Osasuna,25,113.0,39.2,0.21042491,Open Play,Post,Head
51cc1e9e-b2af-42f6-9ded-004decd027ef,68318,2005-10-22,2005/2006,4953,Osasuna,34,114.5,23.7,0.009673016,Open Play,Saved,Left Foot
6c0906c0-b825-40ad-99d7-10d464704a04,68318,2005-10-22,2005/2006,4953,Osasuna,45,113.7,27.6,0.11197676,Open Play,Blocked,Left Foot
867ff900-550b-451b-8d68-ca3c34fa20cc,68318,2005-10-22,2005/2006,4953,Osasuna,86,102.4,45.4,0.1942224,Open Play,Saved,Left Foot
a18a4f80-5167-46b4-b41c-eb6166252a4c,69164,2005-10-26,2005/2006,4953,Málaga,71,102.0,39.8,0.103708066,Open Play,Saved,Left Foot
ad510442-a499-4d86-992d-e57a61694b78,68339,2005-11-06,2005/2006,4953,Getafe,91,105.9,34.9,0.45258602,Open Play,Saved,Left Foot
3e2e68e1-17f3-4e28-a431-955bb102e8a7,68319,2005-11-19,2005/2006,4953,Real Madrid,13,94.2,56.4,0.014786665,Open Play,Blocked,Left Foot
7e2b7058-ddb7-46a6-b3a9-de7943c2fcb1,68319,2005-11-19,2005/2006,4953,Real Madrid,30,100.8,41.2,0.23336092,Open Play,Saved,Left Foot
92031605-cd4a-4840-b5ca-9a746e2aec55,68319,2005-11-19,2005/2006,4953,Real Madrid,40,110.6,43.4,0.06940046,Open Play,Off T,Head
bcc748c0-0c4e-4ef1-a636-e9632d987dec,68319,2005-11-19,2005/2006,4953,Real Madrid,47,115.6,52.4,0.024335222,Open Play,Blocked,Right Foot
3f08c2cc-18c6-4042-bae4-cbc2b3bf1a34,68319,2005-11-19,2005/2006,4953,Real Madrid,55,109.6,51.5,0.20298232,Open Play,Saved,Right Foot
dcbc41c3-da3d-48fb-9934-8a13af297b07,68319,2005-11-19,2005/2006,4953,Real Madrid,66,91.5,18.3,0.006936732,Open Play,Off T,Left Foot
2e36aff4-270d-4b33-a5ac-58d624d80153,68319,2005-11-19,2005/2006,4953,Real Madrid,67,101.0,49.4,0.0417342,Open Play,Blocked,Left Foot
639745ca-cae4-4ad3-b6f3-67671938e0ce,68354,2005-11-27,2005/2006,4953,Racing Santander,20,93.4,53.2,0.021156926,Open Play,Blocked,Left Foot
c6c1f8a6-f26c-4af3-934c-ddb2acbef63a,68354,2005-11-27,2005/2006,4953,Racing Santander,29,105.5,32.0,0.12720343,Open Play,Blocked,Left Foot
e4aa0844-8e66-48fd-ab1a-06eeb71367b6,68354,2005-11-27,2005/2006,4953,Racing Santander,51,104.9,44.7,0.15295842,Open Play,Goal,Left Foot
e84f969e-0b1a-4e3f-9a50-0c75514b2b94,68320,2005-12-04,2005/2006,4953,Villarreal,18,107.6,29.6,0.06338402,Open Play,Off T,Left Foot
55b7071b-0cb5-40fe-8259-b0c80d8d7416,68320,2005-12-04,2005/2006,4953,Villarreal,65,97.7,34.0,0.06803406,Open Play,Saved,Left Foot
a8c28805-6052-4296-b606-53c660f4f5c0,68321,2005-12-11,2005/2006,4953,Sevilla,19,87.4,41.0,0.019413058,Open Play,Blocked,Left Foot
810b79c0-903f-42aa-a7e6-3a119e39b2ba,68321,2005-12-11,2005/2006,4953,Sevilla,44,108.7,19.2,0.0063753948,Open Play,Off T,Left Foot
b7a44121-453d-46de-9f03-6c07fafc6d1c,68322,2005-12-17,2005/2006,4953,Cádiz,63,110.0,36.0,0.13060383,Open Play,Wayward,Right Foot
b43923df-dbb0-48fd-bb2f-c8c4096a0acc,68322,2005-12-17,2005/2006,4953,Cádiz,70,112.5,35.9,0.07383403,Open Play,Off T,Right Foot
7d7b5d11-9515-45e1-8a7c-72c2028af271,68323,2005-12-20,2005/2006,4953,Celta Vigo,26,99.1,49.6,0.05619402,Open Play,Saved,Right Foot
412e7253-cba8-45ab-97a6-e0460f8633ac,68348,2006-01-07,2005/2006,4953,Espanyol,25,107.9,46.5,0.08143755,Open Play,Blocked,Right Foot
a775e8c0-0f7f-4b89-be32-14cebac085c7,68348,2006-01-07,2005/2006,4953,Espanyol,33,107.4,42.2,0.3680332,Open Play,Off T,Right Foot
57a635a1-fafa-4f9e-84e7-c89c045284f2,68342,2006-01-15,2005/2006,4953,Athletic Club,2,99.8,49.3,0.017750617,Open Play,Blocked,Left Foot
785e335c-eff1-40a1-9d77-71782368dec5,68342,2006-01-15,2005/2006,4953,Athletic Club,47,109.5,53.1,0.047371287,Open Play,Saved,Left Foot
daf41d94-6fc4-4962-b2d8-4dbb021cf5a1,68342,2006-01-15,2005/2006,4953,Athletic Club,49,107.7,47.8,0.092452556,Open Play,Wayward,Head
c024ea4d-691a-4068-809d-4472ad78db7d,68342,2006-01-15,2005/2006,4953,Athletic Club,50,116.2,32.8,0.52280796,Open Play,Goal,Left Foot
788c4fdd-fa27-48d5-b499-3cf251b2d9fe,68324,2006-01-22,2005/2006,4953,Deportivo Alavés,81,115.6,35.1,0.4738737,Open Play,Goal,Left Foot
23fa10c0-c180-4c23-b2a0-67691501da4b,68325,2006-01-29,2005/2006,4953,Mallorca,75,107.5,35.4,0.13055193,Open Play,Goal,Right Foot
a4dda9ee-63c6-478d-a4d6-367e63ef41af,68325,2006-01-29,2005/2006,4953,Mallorca,81,109.8,27.1,0.14567757,Open Play,Goal,Left Foot
3eef7766-25fb-4329-a1ce-085c395ce47b,68350,2006-02-05,2005/2006,4953,Atlético Madrid,30,86.4,37.7,0.020061474,Open Play,Saved,Left Foot
93c6104a-7b7d-4217-a71f-c77144074d7e,69172,2006-02-18,2005/2006,4953,Real Betis,83,108.7,30.9,0.16836978,Open Play,Saved,Left Foot
19e5ccf7-af99-404c-b80d-220e6676b940,69172,2006-02-18,2005/2006,4953,Real Betis,83,117.2,32.7,0.28117236,Open Play,Goal,Left Foot
ebc54b31-aa6b-4d06-b2f8-3035c766f951,68351,2006-02-25,2005/2006,4953,Real Zaragoza,4,116.8,53.6,0.014616117,Open Play,Off T,Right Foot
f2065229-88c6-4e6f-91b2-e83a7956e583,68326,2006-08-28,2006/2007,4953,Celta Vigo,23,98.9,30.3,0.037955824,Open Play,Saved,Right Foot
e35001cb-bfe0-488b-86a9-f492f8829215,68326,2006-08-28,2006/2007,4953,Celta Vigo,43,98.8,48.1,0.061513826,Open Play,Saved,Left Foot
0cdd856e-a478-4606-af8d-1ef38e406d21,68326,2006-08-28,2006/2007,4953,Celta Vigo,59,104.0,36.1,0.13645959,Open Play,Goal,Left Foot
775a202a-dceb-474d-8387-2ccc09dfee67,68327,2006-09-09,2006/2007,4953,Osasuna,36,110.2,47.3,0.19429968,Open Play,Goal,Left Foot
b2f1a6f4-a4a8-42a3-b3f3-a3a3e713c20e,68327,2006-09-09,2006/2007,4953,Osasuna,60,112.5,49.3,0.28725752,Open Play,Saved to Post,Left Foot
00ea44ee-b1c6-409f-a7c1-1f12bcbf3b24,68340,2006-09-17,2006/2007,4953,Racing Santander,39,105.6,47.5,0.055875115,Open Play,Off T,Left Foot
4ca91b4e-63fc-4821-a0d7-eb59aa8aa449,68340,2006-09-17,2006/2007,4953,Racing Santander,51,112.2,45.3,0.134712,Open Play,Off T,Right Foot
70410d0d-18e7-40f6-ad8f-52748a5ea896,68328,2006-09-24,2006/2007,4953,Valencia,52,107.0,54.7,0.02548179,Open Play,Off T,Left Foot
d595476a-a506-48ae-949a-aa11f45f0cde,68328,2006-09-24,2006/2007,4953,Valencia,58,108.6,62.4,0.0071842927,Open Play,Blocked,Left Foot
3cade4d1-49f4-4960-b56c-da075892991f,68328,2006-09-24,2006/2007,4953,Valencia,70,113.5,27.2,0.030308895,Open Play,Blocked,Left Foot
34881999-b62f-4a31-a1f7-5c2ba2549b62,68347,2006-09-30,2006/2007,4953,Athletic Club,83,107.5,34.0,0.21833913,Open Play,Saved,Left Foot
6fd32b08-942f-4243-bc7b-0b4508419564,68329,2006-10-15,2006/2007,4953,Sevilla,10,95.1,48.2,0.0301103,Open Play,Saved,Left Foot
a1c2bcc9-2a6a-4f67-ace4-90e91f07c75a,68329,2006-10-15,2006/2007,4953,Sevilla,69,110.0,33.2,0.15721133,Open Play,Off T,Left Foot
ac18d21d-4500-4bf5-9e7a-2605da042f30,68329,2006-10-15,2006/2007,4953,Sevilla,80,110.7,50.2,0.13291487,Open Play,Goal,Right Foot
461a41c4-522e-48f3-9775-4ac8f77eb4ff,68330,2006-10-22,2006/2007,4953,Real Madrid,23,95.4,50.9,0.029983455,Open Play,Saved,Left Foot
6edacac7-ba57-4e5e-9756-deb193172e7e,68330,2006-10-22,2006/2007,4953,Real Madrid,27,104.8,39.3,0.15333222,Open Play,Off T,Left Foot
b844026f-2c87-4e6c-a486-7bf94190b5ad,68330,2006-10-22,2006/2007,4953,Real Madrid,31,110.2,47.7,0.22182554,Open Play,Saved,Left Foot
1eda36f2-809c-40b5-95a3-ae1f747231d1,68330,2006-10-22,2006/2007,4953,Real Madrid,63,113.8,27.3,0.069140375,Open Play,Off T,Left Foot
ba62a130-1a9d-45d4-9750-2c7832e59a24,69174,2006-11-04,2006/2007,4953,RC Deportivo La Coruña,46,99.0,56.8,0.023332302,Open Play,Blocked,Left Foot
e6f21c92-318c-4983-a817-11681f00cf04,69174,2006-11-04,2006/2007,4953,RC Deportivo La Coruña,76,106.2,26.3,0.09098874,Open Play,Off T,Left Foot
3e7c4afa-bdce-410d-9a6d-392747adcb09,68331,2006-11-12,2006/2007,4953,Real Zaragoza,6,101.8,49.6,0.08329088,Open Play,Blocked,Left Foot
29ca15ad-772d-4d06-b6a4-da9a452bac84,68332,2007-02-18,2006/2007,4953,Valencia,56,98.3,50.5,0.031417098,Open Play,Blocked,Left Foot
6b100867-957e-4a48-bfdf-5519482d7ccd,68332,2007-02-18,2006/2007,4953,Valencia,66,92.3,27.3,0.027110556,Open Play,Off T,Left Foot
8394f236-46c2-42b4-bace-bc0a9556a651,68334,2007-03-03,2006/2007,4953,Sevilla,57,89.5,49.4,0.022685438,Open Play,Saved,Left Foot
19889d81-d0f7-42ea-80c5-221d3833f7ef,68335,2007-03-10,2006/2007,4953,Real Madrid,10,108.9,48.4,0.3706672,Open Play,Goal,Left Foot
27c7ba1a-ef7c-44aa-8173-8ae03574658c,68335,2007-03-10,2006/2007,4953,Real Madrid,23,95.6,54.1,0.027922854,Open Play,Blocked,Left Foot
ab6284a4-adb8-4cab-9552-e29a0ab21d8b,68335,2007-03-10,2006/2007,4953,Real Madrid,27,111.0,42.1,0.30498907,Open Play,Goal,Left Foot
d2520cb0-fcc1-4479-844c-c2fa41fd284b,68335,2007-03-10,2006/2007,4953,Real Madrid,31,111.2,50.7,0.20313296,Open Play,Off T,Left Foot
2c7a55a9-a8ef-4a44-a123-1c3a9ac2ae5c,68335,2007-03-10,2006/2007,4953,Real Madrid,88,92.8,29.8,0.024348615,Open Play,Off T,Left Foot
3ae2ec53-4fb2-404c-9400-4a6ba4895e30,68335,2007-03-10,2006/2007,4953,Real Madrid,90,107.0,27.4,0.101708755,Open Play,Goal,Left Foot
8154f8df-adea-4321-b9f0-5492f3b36117,68341,2007-03-17,2006/2007,4953,Recreativo Huelva,34,105.6,53.3,0.050582137,Open Play,Blocked,Left Foot
b2101978-be73-45b3-8bb4-0ab32c78c7e6,68341,2007-03-17,2006/2007,4953,Recreativo Huelva,85,108.8,57.2,0.015440912,Open Play,Blocked,Left Foot
0ad2c052-a927-4544-835f-2ca50713b924,68341,2007-03-17,2006/2007,4953,Recreativo Huelva,86,102.3,34.5,0.14739461,Open Play,Goal,Left Foot
1e0b6245-f59c-4153-91a2-2895e5cc6b85,69175,2007-03-31,2006/2007,4953,RC Deportivo La Coruña,9,97.5,51.3,0.028352251,Open Play,Blocked,Left Foot
33ea69e7-b5f4-457f-a1f2-3dd26d0ae2e5,69175,2007-03-31,2006/2007,4953,RC Deportivo La Coruña,44,111.3,36.4,0.42423213,Open Play,Goal,Left Foot
277f083c-51e7-472b-91b4-b592665765cb,69179,2007-04-07,2006/2007,4953,Real Zaragoza,22,107.5,28.0,0.04107358,Open Play,Saved,Left Foot
0f9e761b-6989-45c7-8ed8-60d8d14ef633,69179,2007-04-07,2006/2007,4953,Real Zaragoza,73,114.8,43.6,0.30960956,Open Play,Saved,Left Foot
d95d5ead-160d-4668-9319-f344d33cb2cd,69159,2007-04-15,2006/2007,4953,Mallorca,31,113.7,62.1,0.0074054915,Free Kick,Blocked,Left Foot
7c45a052-b5c8-43a4-9390-d389cd2f2084,69159,2007-04-15,2006/2007,4953,Mallorca,47,102.1,52.7,0.07690114,Open Play,Saved,Left Foot
afca0f0c-c469-48b3-8980-308ba7f5051a,69159,2007-04-15,2006/2007,4953,Mallorca,83,107.4,42.0,0.06799393,Open Play,Off T,Left Foot
a471a635-3d02-4649-8f50-cdc347908f9d,69155,2007-04-22,2006/2007,4953,Villarreal,17,95.3,42.4,0.05437806,Open Play,Saved,Left Foot
54de5155-24a6-4280-b412-5763504cbbaa,69156,2007-04-29,2006/2007,4953,Levante UD,89,113.1,41.6,0.43383035,Open Play,Post,Left Foot
9b2b57bc-1c75-4bf9-916b-83d09d02bcfe,69160,2007-05-05,2006/2007,4953,Real Sociedad,49,100.5,49.6,0.102155015,Open Play,Off T,Left Foot
39ab95a8-b53e-40b9-b2d9-fdf7b4cc1a53,69160,2007-05-05,2006/2007,4953,Real Sociedad,80,107.9,49.6,0.09527301,Open Play,Off T,Left Foot
fef93313-0b33-4785-8b28-2934e195ae30,69162,2007-05-13,2006/2007,4953,Real Betis,24,99.7,51.3,0.057939347,Open Play,Off T,Left Foot
d99979d1-d6f8-4a8c-b46c-ac3cd18f2db9,69162,2007-05-13,2006/2007,4953,Real Betis,46,99.0,35.2,0.042683933,Open Play,Off T,Left Foot
515c3e69-de80-459e-9591-6cc7faf7acf0,69176,2007-05-20,2006/2007,4953,Atlético Madrid,32,106.3,60.0,0.008777275,Open Play,Saved,Left Foot
234282cf-4140-4b5f-8f86-9efe8f656a57,69176,2007-05-20,2006/2007,4953,Atlético Madrid,38,108.7,35.5,0.17531699,Open Play,Goal,Left Foot
3f8a700d-4043-4235-a8b1-38138cd095bf,69176,2007-05-20,2006/2007,4953,Atlético Madrid,47,114.2,54.7,0.026914494,Open Play,Blocked,Left Foot
2b4c61be-9345-4406-a2c9-f77e087b4c92,69176,2007-05-20,2006/2007,4953,Atlético Madrid,79,108.7,29.7,0.32183823,Open Play,Goal,Left Foot
24a51a71-d9a6-476e-9a22-d580b207be98,69176,2007-05-20,2006/2007,4953,Atlético Madrid,88,106.9,30.2,0.092201106,Open Play,Saved,Left Foot
c6b1980c-30c5-4dd7-80ee-84d0a0396aef,69157,2007-05-26,2006/2007,4953,Getafe,56,119.4,49.1,0.014084264,Open Play,Blocked,Head
ef4d52da-ca09-4b7d-826c-102e0ae986b0,69157,2007-05-26,2006/2007,4953,Getafe,57,114.5,48.9,0.10468473,Open Play,Blocked,Left Foot
155bb382-e483-4fef-9162-5a78f9fa9532,69157,2007-05-26,2006/2007,4953,Getafe,57,104.1,42.6,0.081413314,Open Play,Wayward,Left Foot
4c3af483-40c2-4186-b7a1-f486ab071ece,69165,2007-06-09,2006/2007,4953,Espanyol,15,112.7,29.1,0.051560547,Open Play,Off T,Left Foot
4aa70f31-0e78-410a-97de-ff31302108dd,69165,2007-06-09,2006/2007,4953,Espanyol,32,100.0,43.7,0.04833841,Open Play,Saved,Left Foot
194dae69-ae58-4c8a-8862-e88869677ebf,69165,2007-06-09,2006/2007,4953,Espanyol,43,115.7,42.0,0.50070816,Open Play,Goal,Other
b97941b1-86a6-4caa-b162-d1755b2e914c,69165,2007-06-09,2006/2007,4953,Espanyol,46,103.8,56.2,0.03141189,Open Play,Blocked,Left Foot
618cb340-eacc-4b72-86b1-79e2669a2989,69165,2007-06-09,2006/2007,4953,Espanyol,56,113.2,50.8,0.19221863,Open Play,Goal,Right Foot
08468f08-8504-4f0e-a105-917cd6d3a2aa,69165,2007-06-09,2006/2007,4953,Espanyol,82,107.9,42.6,0.10552784,Open Play,Blocked,Left Foot
f0bbe23a-43bf-4531-991f-056b15b3d613,68336,2007-06-17,2006/2007,4953,Gimnàstic Tarragona,17,109.1,50.3,0.12786077,Open Play,Saved,Right Foot
e0dd3d56-46b0-46f5-9532-7121cfa8b88b,68336,2007-06-17,2006/2007,4953,Gimnàstic Tarragona,34,100.7,51.5,0.051677063,Open Play,Goal,Left Foot
59536a49-ca2d-4709-b236-904de5c2eda6,68336,2007-06-17,2006/2007,4953,Gimnàstic Tarragona,50,119.0,38.7,0.9373957,Open Play,Goal,Left Foot
e2689a41-e18c-42f1-95c6-5a36a0ceb460,69180,2007-08-26,2007/2008,4953,Racing Santander,43,106.9,59.8,0.009912537,Open Play,Saved,Left Foot
7f429efd-7017-44f8-81a1-359c8bf8ab76,69169,2007-09-02,2007/2008,4953,Athletic Club,21,90.5,30.8,0.013718978,Open Play,Blocked,Left Foot
096f5f37-6e2e-4094-b664-df46609791f8,69169,2007-09-02,2007/2008,4953,Athletic Club,41,112.4,49.8,0.17874062,Open Play,Off T,Left Foot
6b891808-393e-4042-8321-c19eeda2d952,69169,2007-09-02,2007/2008,4953,Athletic Club,59,100.3,50.6,0.04811127,Open Play,Saved,Left Foot
11192227-07c1-42d7-b320-156fc8f4fb08,69148,2007-09-22,2007/2008,4953,Sevilla,5,101.9,51.3,0.029055808,Open Play,Off T,Left Foot
35b63984-c47f-4ceb-bc7d-c8287916291a,69148,2007-09-22,2007/2008,4953,Sevilla,69,92.9,41.1,0.026038185,Open Play,Blocked,Left Foot
e008eab2-b136-4f8b-ae0a-45e9e91dfe5d,69148,2007-09-22,2007/2008,4953,Sevilla,73,109.4,40.6,0.18078898,Open Play,Goal,Left Foot
1845a772-a010-471c-a8bf-4b99dc32c89c,69148,2007-09-22,2007/2008,4953,Sevilla,79,108.0,39.9,0.7835,Penalty,Goal,Left Foot
f7480889-b827-4bc7-965d-d0c4a690b985,69148,2007-09-22,2007/2008,4953,Sevilla,81,107.0,27.9,0.0789904,Open Play,Saved,Left Foot
6551d563-e4b3-4145-950d-7b833ce6acfa,69151,2007-09-29,2007/2008,4953,Levante UD,16,112.2,47.9,0.17694004,Open Play,Saved,Left Foot
279127da-094b-4b41-9485-e34426c61936,69151,2007-09-29,2007/2008,4953,Levante UD,30,99.1,46.2,0.104615174,Open Play,Off T,Left Foot
a686774e-aa0c-4359-82c7-47cd7cd95793,69151,2007-09-29,2007/2008,4953,Levante UD,41,104.9,28.5,0.13594356,Open Play,Off T,Left Foot
10920802-259a-4ec9-8837-5afa3567aad9,69151,2007-09-29,2007/2008,4953,Levante UD,50,115.1,50.2,0.15727653,Open Play,Goal,Left Foot
59996a83-b2f8-4b1b-b482-5180422c9693,69144,2007-10-07,2007/2008,4953,Atlético Madrid,19,107.7,26.4,0.06877679,Open Play,Goal,Left Foot
29c6669d-786c-4993-bac8-b3260158ad24,69144,2007-10-07,2007/2008,4953,Atlético Madrid,42,104.8,45.2,0.14580332,Open Play,Saved,Left Foot
e500eb3f-f7ba-4302-a248-ba29c3648256,69144,2007-10-07,2007/2008,4953,Atlético Madrid,86,108.2,38.6,0.43886298,Open Play,Saved to Post,Left Foot
20528610-c092-482c-8238-6b9679328680,68364,2007-10-20,2007/2008,4953,Villarreal,28,105.3,29.4,0.077898495,Open Play,Off T,Right Foot
9e8a7b2d-a86f-4972-b32e-cede00a13c5d,68364,2007-10-20,2007/2008,4953,Villarreal,35,94.4,28.3,0.03275524,Open Play,Blocked,Left Foot
4ce22ffa-23c6-40a5-b700-4909ae846bc7,69158,2007-10-28,2007/2008,4953,Almería,80,108.1,40.1,0.7835,Penalty,Goal,Left Foot
3e657ed3-68ea-4850-9532-4651d836cbb2,69166,2007-11-04,2007/2008,4953,Real Betis,58,113.7,28.6,0.12009625,Open Play,Saved,Left Foot
467d9f8f-4113-4119-bc93-e29313f5981c,69166,2007-11-04,2007/2008,4953,Real Betis,70,110.9,49.3,0.104918346,Open Play,Off T,Right Foot
9c8c0091-5c74-47f2-a056-70c63954abf1,69178,2007-11-10,2007/2008,4953,Getafe,19,99.0,54.7,0.028240308,Open Play,Blocked,Left Foot
c999ffe3-8183-4d87-aa4f-e9350cedd0c4,69184,2007-11-24,2007/2008,4953,Recreativo Huelva,19,93.3,55.2,0.023844311,Free Kick,Blocked,Left Foot
989c009b-bdb1-4c2f-a048-123ac5ce8c27,69184,2007-11-24,2007/2008,4953,Recreativo Huelva,37,116.2,48.8,0.20332766,Open Play,Saved,Left Foot
74c2c0d5-f14f-4a69-8007-2c3d79650243,69184,2007-11-24,2007/2008,4953,Recreativo Huelva,42,100.0,60.0,0.012711453,Free Kick,Off T,Left Foot
d5a14edf-b80b-4a1d-8f24-420ae8439e75,69184,2007-11-24,2007/2008,4953,Recreativo Huelva,53,111.5,49.1,0.4073226,Open Play,Off T,Right Foot
1eb93fb6-e979-4768-92b4-c42e1ab33fe0,69184,2007-11-24,2007/2008,4953,Recreativo Huelva,81,108.1,40.1,0.7835,Penalty,Goal,Left Foot
4a743a57-1930-4515-b02c-401b17e05f57,69184,2007-11-24,2007/2008,4953,Recreativo Huelva,84,108.0,52.5,0.18419498,Open Play,Saved,Left Foot
450a196f-cb7a-4b73-8396-8e6897b2670e,68356,2007-12-01,2007/2008,4953,Espanyol,18,101.9,53.5,0.03825783,Open Play,Off T,Left Foot
667aa782-e1de-4e15-816f-9c266211f2cb,68356,2007-12-01,2007/2008,4953,Espanyol,42,109.8,52.1,0.06520394,Open Play,Saved,Right Foot
085794eb-24fb-44c6-83f5-fa9b30afb735,68356,2007-12-01,2007/2008,4953,Espanyol,86,109.7,51.5,0.11531915,Open Play,Saved,Left Foot
dbdd9fbe-b0ad-408c-a9cf-5ef57b2795e6,68356,2007-12-01,2007/2008,4953,Espanyol,89,97.7,39.1,0.044462245,Open Play,Saved,Left Foot
375f389c-2576-43c6-b6d7-517603e390c6,69170,2007-12-09,2007/2008,4953,RC Deportivo La Coruña,22,117.9,51.3,0.015094667,Open Play,Blocked,Right Foot
d73b6c69-76d1-4032-b32e-eed177a65e30,69170,2007-12-09,2007/2008,4953,RC Deportivo La Coruña,56,100.8,55.2,0.029040342,Open Play,Blocked,Left Foot
35f94ee7-c02b-4608-a1a5-253835dd0edd,69145,2007-12-15,2007/2008,4953,Valencia,8,92.4,43.7,0.03182432,Open Play,Blocked,Left Foot
17a01647-1006-46cf-84d6-d75aacdc9469,69181,2008-01-27,2007/2008,4953,Athletic Club,16,96.0,58.8,0.008285057,Open Play,Saved,Left Foot
e3d66f78-3a6e-464e-90cb-a3f2649daa3a,69181,2008-01-27,2007/2008,4953,Athletic Club,55,99.5,52.3,0.03502511,Open Play,Off T,Left Foot
8f117bd9-b32e-41f9-950b-24af5e77e7d9,69181,2008-01-27,2007/2008,4953,Athletic Club,70,100.0,51.2,0.041921962,Open Play,Blocked,Left Foot
d4f669ff-474e-489f-b662-f187bc73f823,69187,2008-02-03,2007/2008,4953,Osasuna,6,103.4,30.3,0.06027474,Open Play,Off T,Left Foot
e1174bb8-304b-4226-a1d2-8c41da0bf232,69187,2008-02-03,2007/2008,4953,Osasuna,9,111.3,35.4,0.08100464,Open Play,Off T,Left Foot
708526ec-0516-405c-801f-61416620560d,69187,2008-02-03,2007/2008,4953,Osasuna,40,110.8,50.1,0.14402995,Open Play,Off T,Right Foot
456ffb65-8ae3-4d85-9d35-f77167318323,69187,2008-02-03,2007/2008,4953,Osasuna,56,92.9,44.1,0.032361396,Open Play,Blocked,Left Foot
5b5b2e97-ddd3-48ec-ad98-acac6cfaa25b,69146,2008-02-09,2007/2008,4953,Sevilla,4,106.8,28.9,0.06692356,Open Play,Saved,Left Foot
d0a70cba-3d2d-44b0-8865-edd891ae4101,69146,2008-02-09,2007/2008,4953,Sevilla,22,102.3,53.8,0.021679385,Open Play,Blocked,Left Foot
96047de8-bebd-4260-a428-04fb3f425208,69146,2008-02-09,2007/2008,4953,Sevilla,85,119.1,34.8,0.18144956,Open Play,Wayward,Left Foot
6e774977-6c20-4a72-af6c-fe8b9fff7c11,68360,2008-02-24,2007/2008,4953,Levante UD,22,94.4,51.3,0.024650207,Open Play,Blocked,Left Foot
326320a7-e3da-42b8-83b6-9532e03ea5a4,68360,2008-02-24,2007/2008,4953,Levante UD,44,103.5,47.9,0.063563906,Open Play,Goal,Left Foot
589ccb63-c09f-4fdc-91ad-0dac292852c6,68359,2008-04-19,2007/2008,4953,Espanyol,46,117.8,50.3,0.027154777,Open Play,Saved,Right Foot
0d0e24cf-d11f-4ff5-9b85-9e733f73c7a9,68359,2008-04-19,2007/2008,4953,Espanyol,54,117.2,53.2,0.009831462,Open Play,Blocked,Left Foot
9e5ba826-da40-401c-8344-6f5901172f96,68359,2008-04-19,2007/2008,4953,Espanyol,62,94.9,45.2,0.03333893,Open Play,Blocked,Left Foot
c47b7e56-5271-437d-9445-e1f356d53c86,69141,2008-05-04,2007/2008,4953,Valencia,5,107.9,40.0,0.7835,Penalty,Goal,Left Foot
7e2cc82c-acc7-41ff-853e-f2e8ae91c3b8,69141,2008-05-04,2007/2008,4953,Valencia,27,95.2,33.4,0.042085737,Open Play,Blocked,Left Foot
5139c4f4-b5b8-4fef-b581-d38784040619,69141,2008-05-04,2007/2008,4953,Valencia,31,113.6,47.7,0.2177476,Open Play,Saved,Left Foot
973d7254-52a7-44a3-84e3-4ebcde1ab663,69141,2008-05-04,2007/2008,4953,Valencia,43,115.4,47.5,0.17233682,Open Play,Off T,Head
d1002df7-a449-4627-89a5-5f48af8e263c,69141,2008-05-04,2007/2008,4953,Valencia,69,104.4,31.7,0.082822405,Open Play,Saved,Left Foot
6fc2bf93-8c3d-4126-ab01-d769121b7ef0,68361,2008-05-07,2007/2008,4953,Real Madrid,22,98.7,72.7,0.007990013,Free Kick,Saved,Left Foot
7a6e11f2-0324-4267-9c1c-cca50a41f2ff,68361,2008-05-07,2007/2008,4953,Real Madrid,23,94.6,39.9,0.0149690695,Open Play,Blocked,Left Foot
36e3850c-8270-4ce2-9f39-295eae965b68,68361,2008-05-07,2007/2008,4953,Real Madrid,81,101.3,43.9,0.11870101,Open Play,Saved,Left Foot
f81030d8-c4bb-4590-bbc1-0ea827a8dd21,68361,2008-05-07,2007/2008,4953,Real Madrid,85,117.3,51.0,0.026884077,Open Play,Saved,Right Foot
10569376-e0bb-4a13-815d-134fe0b596c8,68361,2008-05-07,2007/2008,4953,Real Madrid,85,99.2,59.3,0.010356899,Open Play,Off T,Left Foot
4351d14e-9995-4585-ac5c-2520a912904d,68361,2008-05-07,2007/2008,4953,Real Madrid,91,97.8,27.5,0.06039266,Free Kick,Blocked,Left Foot
920bdb69-3b51-420a-ad83-58982205f0c9,68366,2008-05-11,2007/2008,4953,Mallorca,9,100.7,38.8,0.07365239,Open Play,Blocked,Left Foot
d372920e-1276-4d0d-b8cf-f5ce85166f68,68366,2008-05-11,2007/2008,4953,Mallorca,55,104.5,41.7,0.088879876,Open Play,Saved,Left Foot
30ba9c20-90c8-47ae-9d3f-5233a3e3b3e1,69186,2008-05-17,2007/2008,4953,Real Murcia CF,7,96.7,47.1,0.040547177,Open Play,Blocked,Left Foot
18a4c8a5-56f5-4616-b46b-f92a7ba68967,69186,2008-05-17,2007/2008,4953,Real Murcia CF,49,101.0,52.8,0.03504475,Open Play,Saved,Left Foot
183ac5f0-c97b-4d99-ac87-989242e79ce2,69147,2008-08-31,2008/2009,36,CD Numancia de Soria,1,85.8,42.7,0.024572602,Open Play,Saved,Left Foot
157afa4a-4f97-4d6a-a6f9-b0b6c15f6051,69147,2008-08-31,2008/2009,36,CD Numancia de Soria,49,113.3,29.5,0.13760374,Open Play,Blocked,Left Foot
63895864-4db9-40d0-a986-2ffc2ca577a7,69147,2008-08-31,2008/2009,36,CD Numancia de Soria,53,100.1,36.6,0.06247645,Open Play,Blocked,Left Foot
a4b7d392-70ff-4f82-82f5-fe24eefde975,69147,2008-08-31,2008/2009,36,CD Numancia de Soria,77,100.2,55.8,0.020285737,Open Play,Saved,Left Foot
4e3680d2-9728-4679-ad06-c9838ad829ce,69147,2008-08-31,2008/2009,36,CD Numancia de Soria,82,111.6,38.4,0.17425019,Open Play,Off T,Head
56fd189d-492b-40c0-b5b8-399298b63dd9,69147,2008-08-31,2008/2009,36,CD Numancia de Soria,90,101.4,51.4,0.08111187,Free Kick,Post,Left Foot
d6d1bdfd-ccee-4d8e-be21-87ab3f7f683f,69215,2008-09-13,2008/2009,36,Racing Santander,64,111.0,49.9,0.06849366,Open Play,Blocked,Left Foot
00811f27-5607-4989-9cb1-30e46592b494,69215,2008-09-13,2008/2009,36,Racing Santander,70,108.2,40.1,0.7835,Penalty,Goal,Left Foot
877c92e8-60fe-493b-8819-df98e3bc6ce0,69215,2008-09-13,2008/2009,36,Racing Santander,88,102.5,53.7,0.033734586,Open Play,Blocked,Left Foot
0b8d7f86-2820-48af-bee8-aadc7bb355fb,69138,2008-09-21,2008/2009,36,Sporting Gijón,12,98.9,30.5,0.07829556,Open Play,Saved,Right Foot
2c145f88-e5aa-41ac-89cc-f31b26cd64f2,69138,2008-09-21,2008/2009,36,Sporting Gijón,20,112.3,28.6,0.0640794,Open Play,Off T,Left Foot
ecd079a9-53d6-49df-be0e-c216532853f7,69138,2008-09-21,2008/2009,36,Sporting Gijón,24,118.2,33.2,0.08874499,Open Play,Off T,Left Foot
83a080a6-3d73-4b7f-985d-a88fe952f695,69138,2008-09-21,2008/2009,36,Sporting Gijón,43,107.5,48.8,0.077682815,Open Play,Blocked,Left Foot
62598c78-1885-4a7c-a304-f74fad5ec0ee,69138,2008-09-21,2008/2009,36,Sporting Gijón,47,107.3,47.3,0.08496924,Open Play,Blocked,Left Foot
5b2c0dd9-89b5-4143-b0d1-df52a14b3f7d,69138,2008-09-21,2008/2009,36,Sporting Gijón,84,112.0,46.8,0.17722277,Open Play,Goal,Left Foot
292c2922-755d-4cdc-be96-bae6dfe2842a,69138,2008-09-21,2008/2009,36,Sporting Gijón,89,109.6,38.9,0.18341838,Open Play,Goal,Head
3214a038-ef71-4960-97a6-3c2bd3969713,69207,2008-09-24,2008/2009,36,Real Betis,29,105.9,45.0,0.14298195,Open Play,Saved,Left Foot
3401db0a-bb22-44b3-9033-45271497708e,69207,2008-09-24,2008/2009,36,Real Betis,64,99.7,45.7,0.07990836,Open Play,Off T,Left Foot
c792a7c6-0b13-44f6-ab97-e11cab2ff8fc,69207,2008-09-24,2008/2009,36,Real Betis,92,96.3,39.8,0.11091208,Open Play,Off T,Left Foot
78a58322-ec41-4bce-b657-00828dd58af3,69211,2008-09-27,2008/2009,36,Espanyol,35,111.8,50.4,0.2115271,Open Play,Saved,Left Foot
821c9676-38ad-457e-87c5-af51768706cc,69211,2008-09-27,2008/2009,36,Espanyol,41,104.1,48.3,0.09335628,Open Play,Blocked,Left Foot
c1f250e9-7243-4f8b-8621-9eacf67ec7b4,69211,2008-09-27,2008/2009,36,Espanyol,48,97.9,45.1,0.036700517,Open Play,Blocked,Left Foot
4ac62576-e025-430d-8f3a-532d45f778b4,69211,2008-09-27,2008/2009,36,Espanyol,56,96.4,39.5,0.050902586,Open Play,Off T,Right Foot
71033ad7-4b50-412a-8656-644f7ca9f2c9,69211,2008-09-27,2008/2009,36,Espanyol,65,100.8,50.3,0.043506276,Open Play,Blocked,Left Foot
dcd133bc-7801-4f61-bd00-f67179c76b10,69211,2008-09-27,2008/2009,36,Espanyol,98,108.0,39.9,0.7835,Penalty,Goal,Left Foot
f70be1b4-e2b4-4c08-ae61-af1a88037071,69212,2008-10-04,2008/2009,36,Atlético Madrid,8,93.7,56.2,0.01505712,Free Kick,Goal,Left Foot
d3b3bf2f-1985-494b-a6a4-161179e3dada,69212,2008-10-04,2008/2009,36,Atlético Madrid,30,111.6,50.8,0.28727967,Open Play,Wayward,Right Foot
67063be1-6b2b-4c50-8d59-49b31a9bad5b,69212,2008-10-04,2008/2009,36,Atlético Madrid,39,106.8,40.5,0.40179622,Open Play,Off T,Left Foot
2334afe7-4118-45eb-bb72-f51e2f344a9f,69232,2008-10-25,2008/2009,36,Almería,15,112.3,56.5,0.017657684,Open Play,Off T,Right Foot
fbd9abc1-ed96-4cd3-bdb1-2634c6753bf1,69232,2008-10-25,2008/2009,36,Almería,44,103.9,48.5,0.088401124,Open Play,Saved,Left Foot
3a09f54e-977f-496a-8cdf-27a76d575924,69235,2008-11-01,2008/2009,36,Málaga,18,112.7,51.9,0.050486434,Open Play,Goal,Left Foot
d53bd112-db5b-4dc9-a269-aff8c0ce7a44,69279,2008-11-08,2008/2009,36,Real Valladolid,10,103.0,49.8,0.055790477,Open Play,Off T,Left Foot
2947c68a-59f3-44ec-baae-6146e1c483ef,69279,2008-11-08,2008/2009,36,Real Valladolid,77,112.4,51.7,0.13631052,Open Play,Saved,Left Foot
1bc3f94d-a519-4c2b-b5d3-63ad9513d8a2,69279,2008-11-08,2008/2009,36,Real Valladolid,88,98.4,38.9,0.06201045,Open Play,Blocked,Left Foot
94eefc6b-5665-4878-9c4e-5081c0c9369e,69285,2008-11-16,2008/2009,36,Recreativo Huelva,19,95.4,50.3,0.040976986,Open Play,Saved,Left Foot
9d00fd13-04fa-411a-b58a-9c0f488ecd10,69285,2008-11-16,2008/2009,36,Recreativo Huelva,21,109.5,51.3,0.14315186,Open Play,Saved,Right Foot
d3bb1194-781c-41d4-8206-98974b7d083a,69285,2008-11-16,2008/2009,36,Recreativo Huelva,37,95.2,52.4,0.024150092,Open Play,Blocked,Left Foot
7c9d779b-8b88-4afd-b86a-f52dc9729803,69285,2008-11-16,2008/2009,36,Recreativo Huelva,49,107.0,54.3,0.054242894,Open Play,Off T,Left Foot
b147c8bf-afbd-4f3e-8f2d-595938e759c5,69285,2008-11-16,2008/2009,36,Recreativo Huelva,50,109.2,30.6,0.23064853,Open Play,Goal,Left Foot
db8623e1-ae9b-4d1e-905e-76713c93e11f,69171,2008-11-29,2008/2009,36,Sevilla,16,99.2,57.6,0.023208374,Open Play,Off T,Left Foot
0f3fc3a3-733f-463d-8a1f-2cab1676ba48,69171,2008-11-29,2008/2009,36,Sevilla,58,105.1,23.7,0.026616529,Open Play,Blocked,Left Foot
25fea982-f3d6-499e-b043-1791a3ff2b4c,69171,2008-11-29,2008/2009,36,Sevilla,67,101.2,35.5,0.044787,Open Play,Saved,Right Foot
0f0e638f-799e-4287-bc72-60bbb4789946,69171,2008-11-29,2008/2009,36,Sevilla,77,98.6,35.3,0.054646567,Open Play,Goal,Left Foot
e9abe394-3b69-4afc-ac61-4f0bc9a238dd,69171,2008-11-29,2008/2009,36,Sevilla,83,95.1,40.9,0.030771138,Open Play,Off T,Left Foot
79acef12-694e-437a-b51c-b54354858bc5,69171,2008-11-29,2008/2009,36,Sevilla,91,104.5,17.9,0.044685062,Open Play,Goal,Left Foot
9d7ea850-9d8d-44a1-8c5d-862cf07410bd,69149,2008-12-06,2008/2009,36,Valencia,34,97.1,42.1,0.08825176,Free Kick,Blocked,Left Foot
d21ddfd9-c72a-4530-b6eb-6541e37abf53,69149,2008-12-06,2008/2009,36,Valencia,36,114.5,50.9,0.10866672,Open Play,Saved,Right Foot
572ebe7b-7efb-4370-98d4-3d178ce0c59d,69225,2008-12-13,2008/2009,36,Real Madrid,5,110.4,54.2,0.07295281,Open Play,Saved,Right Foot
bb3d8291-0dba-40a9-9ed0-f395eef891f6,69225,2008-12-13,2008/2009,36,Real Madrid,15,108.1,53.1,0.040939737,Open Play,Saved,Left Foot
db71a60f-26ed-470e-b81c-01325d4c883a,69225,2008-12-13,2008/2009,36,Real Madrid,51,95.0,41.3,0.025395785,Open Play,Blocked,Left Foot
ef4feb41-6229-4f01-8466-cbf0f7b4a352,69225,2008-12-13,2008/2009,36,Real Madrid,67,100.8,58.1,0.01735703,Open Play,Off T,Left Foot
89be0308-3b31-481d-8af5-ac7bd324a863,69225,2008-12-13,2008/2009,36,Real Madrid,91,110.6,28.5,0.17463343,Open Play,Goal,Left Foot
120f522f-ee55-4179-975a-33f1ab5cad5f,69228,2008-12-21,2008/2009,36,Villarreal,27,115.6,24.0,0.008093083,Open Play,Blocked,Left Foot
381d8419-00ec-46be-8def-5760f28d53b6,69228,2008-12-21,2008/2009,36,Villarreal,94,98.9,45.5,0.07320216,Open Play,Blocked,Left Foot
0677ceee-a084-4f64-a90b-4f7ab7391f8f,69230,2009-01-11,2008/2009,36,Osasuna,10,106.6,33.1,0.40088445,Open Play,Post,Left Foot
063f24cc-70fd-4f18-b8e5-a4e6aef21184,69230,2009-01-11,2008/2009,36,Osasuna,84,96.6,49.0,0.032566294,Open Play,Goal,Left Foot
4dc66af2-f36c-44a1-afa1-1bb823145987,69183,2009-01-17,2008/2009,36,RC Deportivo La Coruña,20,103.7,34.6,0.24004492,Open Play,Goal,Left Foot
55f0f105-2cf2-4a04-9150-3b45902122d6,69183,2009-01-17,2008/2009,36,RC Deportivo La Coruña,33,113.1,39.9,0.23627156,Open Play,Off T,Head
83290dac-460d-4933-8c27-4131903a189c,69183,2009-01-17,2008/2009,36,RC Deportivo La Coruña,51,100.8,47.8,0.08532405,Open Play,Saved,Left Foot
0f1a4bd4-434b-4617-aec0-041f1c097ef8,69183,2009-01-17,2008/2009,36,RC Deportivo La Coruña,76,109.3,38.7,0.10039405,Open Play,Off T,Head
9ff32a2f-f30d-4348-8e68-5b187f9a0b8c,69189,2009-01-24,2008/2009,36,CD Numancia de Soria,33,106.6,47.9,0.06707883,Open Play,Blocked,Left Foot
630832e0-7961-463b-8b3a-58e6b6e63e4d,69189,2009-01-24,2008/2009,36,CD Numancia de Soria,48,116.3,45.1,0.19638285,Open Play,Goal,Left Foot
91aead49-9dbf-4512-ac7d-aa3e1f40a2ed,69189,2009-01-24,2008/2009,36,CD Numancia de Soria,75,110.2,39.5,0.27486587,Open Play,Saved,Left Foot
8f2a7c0b-27c6-4f97-8738-2f64624b62ba,69189,2009-01-24,2008/2009,36,CD Numancia de Soria,75,116.9,43.9,0.8322804,Open Play,Goal,Right Foot
1c72119d-5f45-4f5b-b918-0f40737f5d44,69189,2009-01-24,2008/2009,36,CD Numancia de Soria,82,105.4,48.9,0.31500906,Open Play,Saved,Right Foot
ec457c5a-3695-4c5f-9bc5-c5048b96969e,69189,2009-01-24,2008/2009,36,CD Numancia de Soria,86,110.2,52.3,0.21709001,Open Play,Post,Left Foot
3b4181b1-5b30-408b-959d-be2d89b8db56,69209,2009-02-01,2008/2009,36,Racing Santander,64,117.3,45.7,0.28083372,Open Play,Goal,Right Foot
5f5fe175-c43e-4239-a7a2-51ced85379da,69209,2009-02-01,2008/2009,36,Racing Santander,80,110.1,50.9,0.056348424,Open Play,Goal,Right Foot
f27e5164-f420-402a-b4f0-d395f0bfb40b,69231,2009-02-08,2008/2009,36,Sporting Gijón,17,110.7,43.0,0.068725295,Open Play,Wayward,Head
9e8c490a-4aae-42ae-bbb9-da10c113c158,69231,2009-02-08,2008/2009,36,Sporting Gijón,60,107.5,44.9,0.33271348,Open Play,Saved,Left Foot
8105d3e5-990b-41ff-a5cb-4a0700a7551d,69231,2009-02-08,2008/2009,36,Sporting Gijón,91,103.2,51.8,0.048019536,Open Play,Off T,Left Foot
e233f22f-0b6b-4061-8d95-a1d431a8996e,69195,2009-02-14,2008/2009,36,Real Betis,67,105.9,30.3,0.063675575,Open Play,Blocked,Left Foot
3341af4e-9ac0-4192-9f8c-585b986543dd,69195,2009-02-14,2008/2009,36,Real Betis,68,112.2,36.0,0.14481887,Open Play,Off T,Head
92ac34a1-39f7-47e9-902b-857e04a3cf07,69195,2009-02-14,2008/2009,36,Real Betis,86,104.7,24.1,0.03185562,Open Play,Saved,Left Foot
61d7ab2d-7f8c-4e55-af41-457df9f4153c,69139,2009-02-21,2008/2009,36,Espanyol,35,115.7,51.5,0.060351975,Open Play,Off T,Right Foot
f08c1623-77d2-4b2d-b321-3d6e19aa766c,69139,2009-02-21,2008/2009,36,Espanyol,50,92.3,45.6,0.057260886,Free Kick,Off T,Left Foot
2e60b661-fd11-4070-b23a-9c7f35de7a7d,69139,2009-02-21,2008/2009,36,Espanyol,80,94.8,42.0,0.04186854,Open Play,Saved,Left Foot
2e5b5327-2d1b-41fa-9bc9-9900880a123e,69139,2009-02-21,2008/2009,36,Espanyol,91,102.3,40.0,0.04780156,Open Play,Blocked,Left Foot
d6e58ae9-a5a9-418d-bd4d-331124a3401b,69185,2009-03-01,2008/2009,36,Atlético Madrid,30,109.8,30.7,0.19976744,Open Play,Goal,Left Foot
08553489-9a70-46c8-9631-1f06400fb89f,69185,2009-03-01,2008/2009,36,Atlético Madrid,42,107.6,30.7,0.2337833,Open Play,Off T,Left Foot
78ba791b-0307-40eb-bbda-93d274bd6c1b,69185,2009-03-01,2008/2009,36,Atlético Madrid,74,106.9,35.2,0.32819754,Open Play,Off T,Left Foot
31ce3d01-5a21-446a-855e-9defd35021cc,69216,2009-03-07,2008/2009,36,Athletic Club,31,107.9,40.1,0.7835,Penalty,Goal,Left Foot
d33d31fd-0654-49a3-9218-ae0d7cbaf647,69216,2009-03-07,2008/2009,36,Athletic Club,64,103.4,48.9,0.057059746,Open Play,Off T,Right Foot
314b4d2b-7fe8-4967-81b5-9e01c462df6a,69177,2009-03-15,2008/2009,36,Almería,34,111.7,29.3,0.04902727,Open Play,Blocked,Left Foot
d27c6e4a-7271-4a45-9794-482a84e70c01,69177,2009-03-15,2008/2009,36,Almería,43,95.3,56.1,0.028903626,Free Kick,Saved,Left Foot
d470e962-696a-4899-be6e-335a8a58fcbc,69177,2009-03-15,2008/2009,36,Almería,52,107.4,42.7,0.14392003,Open Play,Post,Left Foot
ea5e6aff-25e7-483c-8361-726c4c41d29c,69142,2009-03-22,2008/2009,36,Málaga,24,112.6,49.0,0.19017099,Open Play,Goal,Right Foot
4d845ac5-b7f1-49d9-8cf3-311d0238e2b5,69142,2009-03-22,2008/2009,36,Málaga,41,103.9,37.5,0.47086886,Open Play,Off T,Left Foot
31a4a939-5811-4582-88df-bddd533df852,69142,2009-03-22,2008/2009,36,Málaga,45,99.7,43.9,0.057797953,Open Play,Blocked,Left Foot
3c135419-0147-4510-98ee-5d2499e9b5a4,69142,2009-03-22,2008/2009,36,Málaga,46,112.5,37.2,0.26906183,Open Play,Saved,Left Foot
0addd09c-e806-45e9-b51c-ce8a88007458,69273,2009-04-04,2008/2009,36,Real Valladolid,73,92.9,39.7,0.023744676,Open Play,Blocked,Left Foot
13d8ecac-a78e-4cb7-9967-6884f1da5828,69222,2009-04-11,2008/2009,36,Recreativo Huelva,42,104.7,44.1,0.12564333,Open Play,Blocked,Left Foot
fca73354-054c-4b17-8066-d4e77cf78f22,69222,2009-04-11,2008/2009,36,Recreativo Huelva,59,98.4,30.0,0.040316805,Open Play,Blocked,Right Foot
febad414-83fd-4c07-80c1-f83b20373dd8,69222,2009-04-11,2008/2009,36,Recreativo Huelva,80,108.2,40.1,0.7835,Penalty,Saved,Left Foot
b6543ebb-a4a4-46f7-9af1-23e9690bb41c,69223,2009-04-18,2008/2009,36,Getafe,18,113.0,34.8,0.101875275,Open Play,Goal,Left Foot
ba4d5b6f-839a-42ec-b7f0-dfbe3d70434d,69223,2009-04-18,2008/2009,36,Getafe,40,105.0,56.1,0.04322958,Open Play,Saved,Left Foot
03c1b692-5725-4b55-bfaa-ed2bb942a56c,69223,2009-04-18,2008/2009,36,Getafe,51,107.0,50.5,0.0642415,Open Play,Blocked,Left Foot
0b6c8178-ed3a-4b69-a23b-c4c1ae5010c0,69223,2009-04-18,2008/2009,36,Getafe,60,101.1,43.3,0.10639601,Free Kick,Off T,Left Foot
3e4e03d4-75d4-40d8-96cf-54c707df8c52,69223,2009-04-18,2008/2009,36,Getafe,62,113.1,39.8,0.13928434,Open Play,Off T,Left Foot
765f14b7-70b4-48ee-b395-9b6dbf3f564f,69251,2009-04-25,2008/2009,36,Valencia,14,107.2,36.3,0.15574609,Open Play,Off T,Head
c303a280-18ce-44c1-827a-aec1dfeabda7,69251,2009-04-25,2008/2009,36,Valencia,23,111.8,38.8,0.21359439,Open Play,Goal,Left Foot
a0084427-2305-4447-bbe0-70f1350798c9,69251,2009-04-25,2008/2009,36,Valencia,26,101.1,49.7,0.06931454,Open Play,Saved,Left Foot
97e19ce1-f5d9-4611-b125-6daf20bd2572,69249,2009-05-02,2008/2009,36,Real Madrid,23,111.7,28.2,0.1259723,Open Play,Saved,Left Foot
6c6d3647-9060-4ea7-938e-5f01b4c72476,69249,2009-05-02,2008/2009,36,Real Madrid,28,107.8,38.6,0.5577112,Open Play,Saved,Left Foot
752b77e8-0ac8-4636-91ca-b2922a0dac54,69249,2009-05-02,2008/2009,36,Real Madrid,33,101.1,29.1,0.071735665,Open Play,Off T,Right Foot
66ce66da-aa1e-43a9-a0ca-74d7303d858e,69249,2009-05-02,2008/2009,36,Real Madrid,35,108.0,45.5,0.29427844,Open Play,Goal,Left Foot
97908f4a-8c58-4b98-96a3-cd86f7aac7d6,69249,2009-05-02,2008/2009,36,Real Madrid,53,118.3,50.5,0.01520562,Open Play,Wayward,Right Foot
fff7079d-d31f-495a-b238-5870f5bf2c73,69249,2009-05-02,2008/2009,36,Real Madrid,74,113.5,46.1,0.35744956,Open Play,Goal,Left Foot
a9890fdb-1218-49b5-a436-0386f54439aa,69249,2009-05-02,2008/2009,36,Real Madrid,86,112.4,44.0,0.29511234,Open Play,Off T,Left Foot
265685db-298e-4908-9e66-192b434687c5,69217,2009-05-10,2008/2009,36,Villarreal,13,105.0,41.5,0.07828037,Open Play,Blocked,Left Foot
bd99a357-f06b-4318-b42c-35b52715145d,69217,2009-05-10,2008/2009,36,Villarreal,50,111.6,30.7,0.08567554,Open Play,Blocked,Left Foot
8c26119a-68e7-4a06-9b5d-621693193e7c,69229,2009-09-12,2009/2010,36,Getafe,79,113.3,42.8,0.44038737,Open Play,Goal,Head
c5d2a2bd-6e03-47e6-bcbe-be33cee63a47,69229,2009-09-12,2009/2010,36,Getafe,84,97.7,59.8,0.009960766,Open Play,Saved,Left Foot
eccef5ce-872a-479f-8320-025898eea494,69292,2009-09-19,2009/2010,36,Atlético Madrid,15,112.9,40.6,0.4356959,Open Play,Goal,Left Foot
ad1a2a46-7c0a-4e14-baf2-760796b5b1bb,69292,2009-09-19,2009/2010,36,Atlético Madrid,93,103.9,50.2,0.054579612,Open Play,Goal,Right Foot
f64e8cac-6f68-45ac-bf59-92e1f66b285e,69254,2009-09-22,2009/2010,36,Racing Santander,7,105.4,47.9,0.0673969,Open Play,Blocked,Left Foot
7abab8ea-57bc-4ae4-97e3-f14cd68955fa,69254,2009-09-22,2009/2010,36,Racing Santander,11,113.9,21.7,0.0071378807,Open Play,Off T,Left Foot
b77f7651-42d2-4e42-aef7-17f47786350d,69254,2009-09-22,2009/2010,36,Racing Santander,23,101.7,42.7,0.073057316,Open Play,Goal,Left Foot
09c4bf37-7c25-4d25-ae56-07986eb7d197,69254,2009-09-22,2009/2010,36,Racing Santander,62,101.6,41.6,0.1058574,Open Play,Goal,Left Foot
3a4b0e95-d9e1-42d7-86c6-a583c01a4713,69255,2009-09-26,2009/2010,36,Málaga,88,101.1,51.1,0.082910225,Free Kick,Saved,Left Foot
f0ac2a30-60c5-40f9-b75c-cb0b43020d9b,69255,2009-09-26,2009/2010,36,Málaga,90,98.8,54.4,0.025446782,Open Play,Off T,Left Foot
97f51222-7ce5-49c0-9ddc-744e61f7d83c,69255,2009-09-26,2009/2010,36,Málaga,92,105.5,45.7,0.40072855,Open Play,Saved,Right Foot
c7dea148-84fa-4031-8407-4b09b3dafae4,69256,2009-10-03,2009/2010,36,Almería,8,112.0,50.9,0.049717695,Open Play,Off T,Left Foot
ac186ab4-3af3-469f-ae5f-83aad7a1fd57,69256,2009-10-03,2009/2010,36,Almería,14,100.3,40.1,0.054200977,Open Play,Saved,Right Foot
7fd3d445-6aa3-4247-816d-47f393ef1b4b,69256,2009-10-03,2009/2010,36,Almería,60,96.8,32.1,0.045572657,Open Play,Blocked,Left Foot
14e46c9f-58f8-4558-b89f-58812eb38c1e,69252,2009-10-17,2009/2010,36,Valencia,48,101.8,46.8,0.06471616,Open Play,Off T,Left Foot
7a6364c5-7eef-4abe-8787-d22a5dc4fab6,69252,2009-10-17,2009/2010,36,Valencia,61,94.6,31.5,0.055780403,Open Play,Saved,Left Foot
5df3f390-284b-4213-8834-cd05b1e39594,69253,2009-10-25,2009/2010,36,Real Zaragoza,3,96.3,57.3,0.01625586,Open Play,Saved,Left Foot
2001b4d9-85cb-4a94-8ffb-d12f21bdfb4d,69253,2009-10-25,2009/2010,36,Real Zaragoza,4,112.1,49.3,0.22937296,Open Play,Off T,Left Foot
2711c866-7daf-454a-86f9-96d9d7b95798,69253,2009-10-25,2009/2010,36,Real Zaragoza,11,111.8,33.4,0.06157684,Open Play,Saved,Left Foot
3091ba13-d96b-42fa-8d12-6f8ff7b9b532,69253,2009-10-25,2009/2010,36,Real Zaragoza,49,100.3,44.7,0.073455006,Open Play,Blocked,Right Foot
a103f9fe-1257-49b3-90c6-b608f261bcb9,69253,2009-10-25,2009/2010,36,Real Zaragoza,53,100.9,34.1,0.32039022,Open Play,Saved,Left Foot
af0548f6-b9fe-4b99-b797-4137af888ba2,69253,2009-10-25,2009/2010,36,Real Zaragoza,68,106.4,41.1,0.33455533,Open Play,Saved,Left Foot
22e3a0aa-54cb-4383-b668-f38d92365f11,69253,2009-10-25,2009/2010,36,Real Zaragoza,79,107.9,43.9,0.3943678,Open Play,Goal,Left Foot
d9bba14a-1dd6-4ed4-8120-2f854bc7a6cb,69277,2009-10-31,2009/2010,36,Osasuna,0,103.1,44.1,0.08774885,Open Play,Saved,Left Foot
a38995ce-f17d-49fc-b727-d567b8579f9d,69277,2009-10-31,2009/2010,36,Osasuna,7,105.5,53.9,0.047541827,Open Play,Blocked,Left Foot
c0d18edb-6fac-41f5-93cc-08bf00baca04,69277,2009-10-31,2009/2010,36,Osasuna,31,103.1,47.0,0.07465291,Open Play,Blocked,Left Foot
479657ac-5879-4b86-8868-69a0ccb466bb,69277,2009-10-31,2009/2010,36,Osasuna,89,92.4,50.6,0.04310479,Free Kick,Saved,Left Foot
850ec117-9117-426c-b0b7-0334d0d66f5f,69277,2009-10-31,2009/2010,36,Osasuna,91,109.7,50.9,0.23424417,Open Play,Saved,Right Foot
492d6eb2-73a1-4325-9232-81e8a0724b7b,69277,2009-10-31,2009/2010,36,Osasuna,91,107.1,57.7,0.04245001,Open Play,Saved,Left Foot
35a02778-1976-464e-9037-0e5e47deeca4,69250,2009-11-07,2009/2010,36,Mallorca,84,115.0,38.3,0.24079898,Open Play,Off T,Left Foot
4e048f1d-9be7-4aea-9447-adbb735f7cf9,69250,2009-11-07,2009/2010,36,Mallorca,86,108.3,39.9,0.7835,Penalty,Goal,Left Foot
61223be3-58eb-4455-a3e2-33e6ee9d22a6,69288,2009-11-21,2009/2010,36,Athletic Club,4,96.0,44.0,0.036850397,Open Play,Saved,Left Foot
a39a36c8-c8ac-4e62-a0c9-734557f4f5cd,69288,2009-11-21,2009/2010,36,Athletic Club,15,106.6,41.8,0.42679414,Open Play,Saved,Left Foot
bc56f30b-ba01-4df9-82a2-c0633d4852eb,69288,2009-11-21,2009/2010,36,Athletic Club,66,94.6,42.5,0.032094773,Open Play,Blocked,Left Foot
a4a49c1f-298c-4581-a927-87ccee8509f7,69262,2009-11-29,2009/2010,36,Real Madrid,88,109.4,37.5,0.18820469,Open Play,Saved,Left Foot
6465cbd4-f1cd-42de-a10e-5b6756a6a7d5,69267,2009-12-02,2009/2010,36,Xerez,90,110.5,25.3,0.048491735,Open Play,Post,Left Foot
99081a4e-9c89-486d-a4e8-e097f2b4505a,69218,2009-12-05,2009/2010,36,RC Deportivo La Coruña,0,93.2,42.8,0.025807973,Open Play,Blocked,Left Foot
2e7a3bb6-cdc4-4e6b-85e3-90b9e459448f,69218,2009-12-05,2009/2010,36,RC Deportivo La Coruña,8,107.9,52.0,0.04382889,Open Play,Off T,Right Foot
ae5914f6-51c1-4445-8876-e10f7fddcd14,69218,2009-12-05,2009/2010,36,RC Deportivo La Coruña,20,107.5,31.0,0.07254055,Open Play,Saved,Left Foot
9bf1374d-4737-4b9d-9153-7e40fa3f9305,69218,2009-12-05,2009/2010,36,RC Deportivo La Coruña,26,100.4,45.8,0.06027121,Open Play,Goal,Left Foot
c53f6edc-fac2-4df4-a19c-4517e577e044,69218,2009-12-05,2009/2010,36,RC Deportivo La Coruña,41,100.5,41.2,0.040959217,Open Play,Blocked,Right Foot
51cb1f73-af48-4988-a5e4-30a3cf033669,69218,2009-12-05,2009/2010,36,RC Deportivo La Coruña,43,109.4,33.3,0.11382612,Open Play,Saved,Left Foot
dfd511ee-d624-4474-82b7-60e957f9c360,69218,2009-12-05,2009/2010,36,RC Deportivo La Coruña,75,98.9,49.6,0.04382732,Open Play,Off T,Left Foot
fd1379eb-c4a0-4b16-95c9-f99f3132ec77,69218,2009-12-05,2009/2010,36,RC Deportivo La Coruña,79,110.1,42.2,0.14876579,Open Play,Goal,Head
fefff995-a3d5-440e-9ac6-c44ace9a1f6b,69218,2009-12-05,2009/2010,36,RC Deportivo La Coruña,84,106.4,43.9,0.16729018,Open Play,Saved,Head
6855e690-91f5-484b-a73a-d2cc53665109,69219,2010-01-10,2009/2010,36,Tenerife,11,111.1,30.0,0.24720028,Open Play,Off T,Left Foot
f631d73d-75ff-499c-b5b0-ccba8c2c40c4,69219,2010-01-10,2009/2010,36,Tenerife,30,86.6,44.5,0.02450213,Free Kick,Blocked,Left Foot
03ee1b27-967e-4157-b5bc-3be868000453,69219,2010-01-10,2009/2010,36,Tenerife,35,109.3,43.5,0.11779082,Open Play,Goal,Left Foot
d465c631-e49d-42a2-82d6-4ef9172352f9,69219,2010-01-10,2009/2010,36,Tenerife,46,113.8,43.8,0.50284076,Open Play,Goal,Left Foot
c861a5dc-a49b-4d16-8a54-e92bf8f32723,69219,2010-01-10,2009/2010,36,Tenerife,61,108.7,29.6,0.07435079,Open Play,Blocked,Left Foot
099bc695-142b-41f6-a29d-191c10628507,69219,2010-01-10,2009/2010,36,Tenerife,74,100.0,31.1,0.056232132,Open Play,Goal,Left Foot
0c6a0651-8089-40d4-952e-2de2c14dbafa,69219,2010-01-10,2009/2010,36,Tenerife,82,114.7,37.0,0.7129223,Open Play,Off T,Head
288849cc-3483-4156-89ca-1eb13242c6f9,69243,2010-01-16,2009/2010,36,Sevilla,30,99.0,43.8,0.059717406,Open Play,Blocked,Left Foot
7015f588-14c5-46e3-8d42-372fcf4c9f12,69243,2010-01-16,2009/2010,36,Sevilla,34,98.3,52.1,0.038691938,Open Play,Saved,Left Foot
5012755a-a05e-4760-9f3d-b5555ef64500,69243,2010-01-16,2009/2010,36,Sevilla,41,93.1,45.0,0.045032978,Open Play,Off T,Left Foot
6e71768b-8e2e-4362-acb8-b5c9a7ffab50,69243,2010-01-16,2009/2010,36,Sevilla,50,107.2,51.6,0.0665766,Open Play,Saved,Right Foot
23a73625-9295-4e8f-bd9e-4a953364dff4,69243,2010-01-16,2009/2010,36,Sevilla,56,105.1,56.9,0.035153076,Open Play,Off T,Left Foot
e0e6f96d-f0dc-4f41-bc64-41e2211f02cd,69243,2010-01-16,2009/2010,36,Sevilla,67,106.0,47.6,0.103471816,Open Play,Saved,Left Foot
6ae2c9a5-659d-4982-8005-ff4c70975212,69243,2010-01-16,2009/2010,36,Sevilla,84,111.7,40.0,0.1493208,Open Play,Goal,Left Foot
e1c2fc2a-26dd-463a-9e43-b8e8f33a0c50,69243,2010-01-16,2009/2010,36,Sevilla,91,105.0,36.5,0.46620432,Open Play,Goal,Left Foot
579a3358-de0e-45ee-9de0-246dfacc038d,69210,2010-01-23,2009/2010,36,Real Valladolid,10,102.0,55.1,0.036894687,Open Play,Saved,Left Foot
dca62af4-dfa8-4642-935c-2bf4be716799,69210,2010-01-23,2009/2010,36,Real Valladolid,55,110.8,44.5,0.1555981,Open Play,Goal,Left Foot
cfaa68a3-a558-4629-a67e-6e40c3e0a9ca,69210,2010-01-23,2009/2010,36,Real Valladolid,64,105.4,26.5,0.083698265,Open Play,Off T,Left Foot
ccd187ae-c97f-4c3b-98de-e78d1ccffe6c,69220,2010-01-30,2009/2010,36,Sporting Gijón,15,95.1,32.2,0.04480897,Open Play,Off T,Left Foot
af310451-9800-4b35-b3ac-6f98efed4806,69220,2010-01-30,2009/2010,36,Sporting Gijón,31,116.2,28.9,0.043406025,Open Play,Wayward,Left Foot
ef8808c2-d7fe-4f43-93c0-62310df40a80,69220,2010-01-30,2009/2010,36,Sporting Gijón,59,66.3,52.0,0.021996502,Open Play,Saved Off Target,Left Foot
cf725218-c831-44e1-b79d-c1631f1fe3b0,69220,2010-01-30,2009/2010,36,Sporting Gijón,64,107.1,32.0,0.12803322,Open Play,Off T,Left Foot
c3e2f9c8-9a6e-4667-9c09-bb16c08a7edc,69240,2010-02-06,2009/2010,36,Getafe,3,98.1,53.8,0.029603705,Open Play,Off T,Left Foot
ebb4663d-1dd4-4208-b3f1-776f817a8847,69240,2010-02-06,2009/2010,36,Getafe,6,95.3,38.1,0.03547427,Open Play,Goal,Left Foot
d3b1f118-dc9e-4088-a3c3-09b80e99a51d,69240,2010-02-06,2009/2010,36,Getafe,15,109.9,44.2,0.09065503,Open Play,Saved,Left Foot
ca002482-888d-4885-a00a-d477519a4ea2,69240,2010-02-06,2009/2010,36,Getafe,18,107.4,47.2,0.16895351,Open Play,Saved,Right Foot
8b242c8d-b8a5-439a-bf65-e38392d4fa8d,69240,2010-02-06,2009/2010,36,Getafe,43,99.6,55.7,0.026264105,Open Play,Blocked,Left Foot
7ca08fce-e44d-4450-a3ce-c1c44b3dca20,69240,2010-02-06,2009/2010,36,Getafe,80,98.3,57.2,0.020844564,Open Play,Saved,Left Foot
d2d80680-9d6e-432c-9a01-6864c66e3c20,69240,2010-02-06,2009/2010,36,Getafe,94,100.1,52.2,0.06049656,Open Play,Off T,Left Foot
9d872947-8d13-4c6a-a4e4-e959acab8471,69237,2010-02-14,2009/2010,36,Atlético Madrid,10,97.2,39.4,0.04078541,Open Play,Blocked,Left Foot
a4c8b60e-ee9c-4a02-b2a5-a40295552f45,69237,2010-02-14,2009/2010,36,Atlético Madrid,15,96.6,52.3,0.024268402,Open Play,Saved,Left Foot
c0da0367-1cbc-4514-b51d-64d4ed5bdda0,69237,2010-02-14,2009/2010,36,Atlético Madrid,31,100.9,45.5,0.055083577,Open Play,Blocked,Left Foot
aba31a69-37fe-4297-a134-c261f1f453be,69237,2010-02-14,2009/2010,36,Atlético Madrid,33,95.8,44.8,0.052987836,Open Play,Saved,Left Foot
2413d909-1ca3-477f-93a6-0ea1255181e5,69237,2010-02-14,2009/2010,36,Atlético Madrid,45,101.8,28.6,0.04350952,Open Play,Saved,Right Foot
90568bcd-059e-4694-bb60-e34903160281,69237,2010-02-14,2009/2010,36,Atlético Madrid,89,94.6,40.3,0.056065194,Open Play,Off T,Left Foot
e28813ab-11d0-4ebc-92b0-6742c8dec9cf,69233,2010-02-20,2009/2010,36,Racing Santander,10,101.4,56.9,0.027085477,Open Play,Saved,Left Foot
f5fd19a2-9447-4823-a5d1-e10ecda6dfde,69233,2010-02-20,2009/2010,36,Racing Santander,42,99.0,35.2,0.06759736,Open Play,Off T,Left Foot
a7ca1ebe-6cb4-4a3a-b7c9-a82ab19fef4d,69233,2010-02-20,2009/2010,36,Racing Santander,82,102.8,50.4,0.05650339,Open Play,Saved,Left Foot
c07e9512-cb1e-429a-b25b-bc280b8569d7,69238,2010-02-27,2009/2010,36,Málaga,9,117.6,33.4,0.14223649,Open Play,Off T,Head
661775e4-4d62-46c3-851c-8dd1f5c040c2,69238,2010-02-27,2009/2010,36,Málaga,13,107.4,29.1,0.07951905,Open Play,Blocked,Left Foot
2b54a2cf-ce6d-46e0-9661-eef09c3c58d6,69238,2010-02-27,2009/2010,36,Málaga,17,102.1,45.9,0.07546006,Open Play,Blocked,Left Foot
24116516-f3b0-4f52-93a2-543c00438bed,69238,2010-02-27,2009/2010,36,Málaga,25,114.2,36.8,0.18962735,Open Play,Wayward,Head
b36ae371-06c0-4fd6-8d90-4e37c01c5e3f,69238,2010-02-27,2009/2010,36,Málaga,29,110.9,51.1,0.07846118,Open Play,Off T,Right Foot
a05327f1-6213-4338-b5f6-de05694f48f9,69238,2010-02-27,2009/2010,36,Málaga,45,104.7,54.1,0.028683241,Open Play,Saved,Left Foot
6f4fa966-5344-4d3b-8e56-9b7b290c1786,69238,2010-02-27,2009/2010,36,Málaga,77,114.5,38.9,0.168521,Open Play,Blocked,Head
b1ac2b3b-ffbc-4408-aa6c-56807fcfbb33,69238,2010-02-27,2009/2010,36,Málaga,81,98.1,46.2,0.06694731,Open Play,Saved,Left Foot
e86a876b-3b16-44c2-b596-33ee915c4051,69238,2010-02-27,2009/2010,36,Málaga,83,113.4,39.0,0.69516,Open Play,Goal,Right Foot
bbc70f36-1cd2-4270-9290-d4945d56bd68,69226,2010-03-06,2009/2010,36,Almería,17,108.3,58.2,0.0104725445,Open Play,Blocked,Left Foot
1fc6c4b5-b944-4a31-87fa-ca1841a380ea,69226,2010-03-06,2009/2010,36,Almería,26,114.6,38.3,0.29500183,Open Play,Wayward,Head
c3efb2b7-4cb3-4fb2-a738-e88d6450ef3b,69226,2010-03-06,2009/2010,36,Almería,32,100.6,61.0,0.009598485,Open Play,Blocked,Left Foot
cb0a4823-4395-4437-b37e-f439932452f6,69226,2010-03-06,2009/2010,36,Almería,38,111.4,39.4,0.08620429,Open Play,Off T,Head
46cf6b73-02b4-4298-a314-f28840b25c46,69226,2010-03-06,2009/2010,36,Almería,41,100.4,47.0,0.083609626,Free Kick,Goal,Left Foot
8ec2e8e0-d2a0-41ea-94b3-d42b43f02ad9,69226,2010-03-06,2009/2010,36,Almería,63,98.5,47.7,0.08000259,Free Kick,Off T,Left Foot
eb56fb15-2499-4b47-b59d-8319ca5ad273,69226,2010-03-06,2009/2010,36,Almería,65,114.5,37.2,0.41138366,Open Play,Goal,Left Foot
a13020e5-3592-445d-bec3-df44f0f5d615,69226,2010-03-06,2009/2010,36,Almería,68,111.6,38.7,0.17474389,Open Play,Off T,Head
f2489573-f775-41c5-92f0-485336cb2c00,69226,2010-03-06,2009/2010,36,Almería,68,104.4,40.8,0.16594233,Open Play,Saved,Left Foot
a693d907-3572-428c-b67d-837775fafe21,69226,2010-03-06,2009/2010,36,Almería,79,96.8,52.9,0.028102992,Open Play,Saved,Left Foot
55474a69-49cb-42df-8a71-5283e04141ed,69226,2010-03-06,2009/2010,36,Almería,83,100.5,40.5,0.05915868,Open Play,Saved,Left Foot
b764f4f2-d675-40c5-ba8c-5be386662064,69224,2010-03-14,2009/2010,36,Valencia,31,106.0,52.0,0.14086944,Open Play,Saved,Left Foot
f55cfddb-72fa-4bd0-b01a-bf2675829042,69224,2010-03-14,2009/2010,36,Valencia,36,119.0,49.7,0.021238683,Open Play,Saved,Right Foot
950a20f4-18d1-4927-9c6d-c6f8f6199cca,69224,2010-03-14,2009/2010,36,Valencia,52,107.7,41.2,0.13461837,Open Play,Saved,Left Foot
23da443e-de5f-4ad5-9eec-9ebef4eba414,69224,2010-03-14,2009/2010,36,Valencia,54,99.4,32.7,0.09568905,Free Kick,Blocked,Left Foot
44e87dd3-0b4f-44dd-a5f7-ec2bfadf5fb0,69224,2010-03-14,2009/2010,36,Valencia,55,111.3,49.4,0.26673695,Open Play,Goal,Left Foot
58a32cd5-38d3-41e2-af12-4c0b300e79f8,69224,2010-03-14,2009/2010,36,Valencia,79,96.5,42.3,0.058025442,Open Play,Off T,Left Foot
ebcd157a-9d62-443a-9dba-99757301db0f,69224,2010-03-14,2009/2010,36,Valencia,81,103.6,51.8,0.06991366,Open Play,Goal,Left Foot
1a3a3429-9c50-4396-adba-4e6e5e2b7479,69224,2010-03-14,2009/2010,36,Valencia,83,113.5,50.2,0.18892889,Open Play,Goal,Right Foot
6e53d231-471e-40f0-abd3-cbc6c302b76a,69227,2010-03-21,2009/2010,36,Real Zaragoza,4,111.2,40.9,0.11797912,Open Play,Goal,Head
7882490e-0371-4408-8937-216e9fd7cfd8,69227,2010-03-21,2009/2010,36,Real Zaragoza,44,92.0,42.1,0.052043058,Free Kick,Blocked,Left Foot
b4cff44c-90ea-472d-bb1f-6b93a6dbfa05,69227,2010-03-21,2009/2010,36,Real Zaragoza,61,115.8,31.1,0.11863089,Open Play,Off T,Left Foot
d0fe7ccc-8c97-46c6-a12d-f921c6eb8419,69227,2010-03-21,2009/2010,36,Real Zaragoza,62,93.9,30.3,0.020081418,Open Play,Off T,Left Foot
2537c186-6a91-4265-b31e-638cac99fe05,69227,2010-03-21,2009/2010,36,Real Zaragoza,65,107.5,28.4,0.0862925,Open Play,Goal,Left Foot
92dcf236-4598-43be-b09c-4f0d415a0d67,69227,2010-03-21,2009/2010,36,Real Zaragoza,70,108.2,63.4,0.00807344,Free Kick,Saved,Left Foot
c30ff685-0258-4d3d-b457-2d0df9cb7611,69227,2010-03-21,2009/2010,36,Real Zaragoza,77,101.2,50.3,0.066343896,Open Play,Goal,Left Foot
6990d78d-e6cd-46c1-ac0c-90912cf52e96,69257,2010-03-24,2009/2010,36,Osasuna,14,96.1,50.8,0.06941811,Free Kick,Blocked,Left Foot
bcb09673-5355-4522-82dc-ee7fd8a8d12e,69257,2010-03-24,2009/2010,36,Osasuna,48,96.6,42.8,0.04114919,Open Play,Blocked,Left Foot
ff7e4f36-814e-433f-99d1-c8274ebedeb5,69257,2010-03-24,2009/2010,36,Osasuna,82,103.6,32.2,0.062518716,Open Play,Post,Left Foot
3681dbba-aa3a-402a-aa29-baebad73adc8,69298,2010-03-27,2009/2010,36,Mallorca,65,105.6,27.3,0.045081504,Open Play,Saved,Left Foot
0fcb8d8b-40e7-4d06-be0e-5aa2fcf86064,69298,2010-03-27,2009/2010,36,Mallorca,81,102.9,43.4,0.26228082,Open Play,Off T,Left Foot
6967f832-ff56-4383-8c4b-756cc1b23e8a,69247,2010-04-03,2009/2010,36,Athletic Club,10,91.2,39.2,0.030808445,Open Play,Blocked,Left Foot
4b9b495e-3f49-4a01-931b-84b21818ba9f,69247,2010-04-03,2009/2010,36,Athletic Club,19,104.2,29.5,0.069334865,Open Play,Blocked,Left Foot
b662d105-2b7e-42bf-b25d-f01b1be6c21c,69247,2010-04-03,2009/2010,36,Athletic Club,20,116.3,41.1,0.5688058,Open Play,Off T,Left Foot
1e70a72c-dadf-4add-abb9-354d9063d914,69247,2010-04-03,2009/2010,36,Athletic Club,43,103.0,48.3,0.040872645,Open Play,Blocked,Left Foot
d69454cd-31ec-4494-bab9-f257d3ad0f0c,69247,2010-04-03,2009/2010,36,Athletic Club,55,110.4,36.6,0.19000888,Open Play,Saved,Right Foot
3151ebfb-2f91-46e6-81cd-e3528e4bb476,69247,2010-04-03,2009/2010,36,Athletic Club,66,112.3,43.9,0.32331184,Open Play,Goal,Left Foot
3e75d0a3-c413-48a8-b863-4e36cfb6c35a,69259,2010-04-10,2009/2010,36,Real Madrid,32,110.6,37.2,0.121319234,Open Play,Goal,Right Foot
e83234b7-f91a-4bcc-b4de-0c18f225cd87,69259,2010-04-10,2009/2010,36,Real Madrid,71,103.3,30.6,0.121385776,Open Play,Saved,Left Foot
0da13358-2a38-42e9-9c29-93a3f97275d8,69259,2010-04-10,2009/2010,36,Real Madrid,77,107.1,38.0,0.15457101,Open Play,Saved,Left Foot
a31dfb14-a5c7-4eac-a063-54f09723de0d,69221,2010-04-14,2009/2010,36,RC Deportivo La Coruña,20,99.1,34.2,0.05118391,Open Play,Saved,Left Foot
f16c2a0d-582e-44f8-b80e-7364280c1a51,69221,2010-04-14,2009/2010,36,RC Deportivo La Coruña,31,103.2,61.1,0.010196929,Open Play,Blocked,Left Foot
7342f4bd-ccb1-44b4-9ead-ed895df158f8,69221,2010-04-14,2009/2010,36,RC Deportivo La Coruña,34,109.6,27.0,0.038657572,Open Play,Blocked,Left Foot
692e72b9-a677-4bb0-b20f-1f1c7883437c,69221,2010-04-14,2009/2010,36,RC Deportivo La Coruña,59,107.9,48.4,0.08721745,Open Play,Off T,Left Foot
273b32c3-4682-48b4-b349-010d2c0b1d5d,69221,2010-04-14,2009/2010,36,RC Deportivo La Coruña,66,109.3,40.6,0.18660858,Open Play,Saved,Left Foot
7ae8a86d-78ce-4ad6-84ac-531195f59057,69221,2010-04-14,2009/2010,36,RC Deportivo La Coruña,75,105.2,46.5,0.07283689,Open Play,Off T,Left Foot
0b72be4e-ec99-4012-bfba-a96a3892340f,69213,2010-04-17,2009/2010,36,Espanyol,59,98.0,49.1,0.04095161,Open Play,Off T,Left Foot
4458a63f-8812-4edb-87d4-aabe919c75c5,69214,2010-04-24,2009/2010,36,Xerez,61,94.4,36.8,0.0435972,Open Play,Saved,Left Foot
19a1da89-394b-4925-8912-fa4e62f492ac,69214,2010-04-24,2009/2010,36,Xerez,88,95.6,41.7,0.07330938,Free Kick,Saved,Left Foot
cf0caa6a-ae95-458d-9b1d-458b6fdb7b32,69244,2010-05-01,2009/2010,36,Villarreal,6,97.9,43.2,0.050199423,Open Play,Saved,Left Foot
d6900667-0cab-4f00-9427-23c9a14be32a,69244,2010-05-01,2009/2010,36,Villarreal,18,112.5,28.0,0.0922808,Open Play,Goal,Left Foot
38381c5c-f016-4c12-9252-ba87b9ed8226,69244,2010-05-01,2009/2010,36,Villarreal,37,110.5,27.9,0.048733585,Open Play,Blocked,Left Foot
7e8d3cba-3a26-4e2a-88a9-379f7db7e720,69244,2010-05-01,2009/2010,36,Villarreal,71,98.9,41.4,0.08463404,Open Play,Off T,Left Foot
639582e4-5d3c-47dd-9908-73da1dc8758f,69244,2010-05-01,2009/2010,36,Villarreal,87,111.5,41.2,0.3084858,Open Play,Goal,Left Foot
943e1595-efe6-4b67-968c-4baea7f14c55,69241,2010-05-04,2009/2010,36,Tenerife,16,118.5,44.5,0.49153805,Open Play,Goal,Right Foot
7300948d-6eb2-4572-b12b-4d46ec64ba84,69241,2010-05-04,2009/2010,36,Tenerife,20,94.7,48.9,0.027180368,Open Play,Off T,Left Foot
464fc188-a5bc-4105-bfd7-7d8ee5a686ea,69241,2010-05-04,2009/2010,36,Tenerife,56,90.1,51.7,0.028991178,Free Kick,Off T,Left Foot
09dedc7c-4809-467d-8160-5cd2a9393532,69241,2010-05-04,2009/2010,36,Tenerife,92,112.8,49.1,0.1559532,Open Play,Goal,Right Foot
e2a0092e-7796-4c7f-9195-a2d797976ab3,69239,2010-05-08,2009/2010,36,Sevilla,4,103.0,34.2,0.06346468,Open Play,Goal,Left Foot
9d8dfa8c-2574-46e3-b07c-7cc33641bede,69239,2010-05-08,2009/2010,36,Sevilla,37,113.8,40.9,0.4201035,Open Play,Off T,Left Foot
87051cd4-c914-4c41-9a7c-ee3e507805ba,69239,2010-05-08,2009/2010,36,Sevilla,57,102.9,30.8,0.0646111,Open Play,Off T,Left Foot
bb7d0026-6761-430e-8d59-34d5c69cef88,69239,2010-05-08,2009/2010,36,Sevilla,57,109.6,37.3,0.22213255,Open Play,Saved,Left Foot
305675cb-1d2f-4866-9dfd-cff70b95938e,69239,2010-05-08,2009/2010,36,Sevilla,61,100.8,49.6,0.045446236,Open Play,Blocked,Left Foot
95ca0b43-72d1-4e41-b20e-5223aebd427f,69239,2010-05-08,2009/2010,36,Sevilla,69,101.9,56.8,0.025428243,Open Play,Off T,Left Foot
18c73baf-3cd2-4471-9451-0f5ad614b7da,69242,2010-05-16,2009/2010,36,Real Valladolid,16,97.1,48.4,0.035513792,Open Play,Saved,Left Foot
3492e16a-ec6b-4efc-94f2-dd1399cb1d83,69242,2010-05-16,2009/2010,36,Real Valladolid,17,115.6,28.1,0.041242536,Open Play,Saved,Left Foot
9ef69570-b716-4f4d-9a61-47eb87ff5b31,69242,2010-05-16,2009/2010,36,Real Valladolid,21,107.6,44.2,0.31334975,Open Play,Off T,Left Foot
c9258e39-cb0e-4393-8c49-699e3eb2c6cd,69242,2010-05-16,2009/2010,36,Real Valladolid,61,112.8,37.0,0.46591192,Open Play,Goal,Right Foot
0f7c36fc-7e41-4a57-af69-f55e3988941f,69242,2010-05-16,2009/2010,36,Real Valladolid,75,105.1,35.9,0.40232575,Open Play,Goal,Left Foot
1d9449b3-fe6f-4b26-801b-c1ba22d828b8,69286,2010-08-29,2010/2011,36,Racing Santander,2,104.6,50.5,0.25181985,Open Play,Goal,Right Foot
c4b344f6-dc4e-420f-9e94-02ce987bad6d,69286,2010-08-29,2010/2011,36,Racing Santander,28,106.2,47.4,0.21285559,Open Play,Blocked,Right Foot
11979e3e-e3e7-48d5-8701-3a49e8ea5276,69286,2010-08-29,2010/2011,36,Racing Santander,40,107.2,56.8,0.032619953,Open Play,Off T,Left Foot
86a2f286-cb0e-4c7b-9a22-2e8eb748b663,69286,2010-08-29,2010/2011,36,Racing Santander,68,108.0,31.7,0.16330858,Open Play,Saved,Left Foot
04454e2c-02aa-443e-aea5-c47706c68aa6,69287,2010-09-11,2010/2011,36,Hércules,7,97.9,53.5,0.017279062,Open Play,Saved,Left Foot
f704ac2b-6cc1-46d2-98ff-98828324c4f1,69287,2010-09-11,2010/2011,36,Hércules,62,107.0,32.9,0.16307299,Open Play,Saved,Left Foot
b8010784-9aa8-4533-9441-d9b4dec4f4c3,69287,2010-09-11,2010/2011,36,Hércules,70,114.8,36.6,0.24553531,Open Play,Saved,Left Foot
9b7eac95-c388-4786-a1eb-7217324d19bd,69269,2010-09-19,2010/2011,36,Atlético Madrid,12,111.9,47.7,0.22385837,Open Play,Goal,Left Foot
aaf6abe8-dbdf-4972-bb0e-960fee96fd05,69269,2010-09-19,2010/2011,36,Atlético Madrid,23,111.6,33.2,0.14947873,Open Play,Off T,Left Foot
a4ebf575-fbb9-4c64-bebc-1b38daade639,69269,2010-09-19,2010/2011,36,Atlético Madrid,31,108.2,29.2,0.04051349,Open Play,Blocked,Left Foot
983017a8-60fd-45d0-9ab7-2b5dff0fb683,69269,2010-09-19,2010/2011,36,Atlético Madrid,85,112.5,37.0,0.40643257,Open Play,Saved,Left Foot
3c6e429b-48e9-4722-a343-5d3df4421258,69236,2010-10-03,2010/2011,36,Mallorca,20,99.6,40.4,0.06515994,Open Play,Goal,Left Foot
1131ac6b-e5d7-4110-b455-0ef591f8aac7,69236,2010-10-03,2010/2011,36,Mallorca,22,97.6,44.9,0.042790405,Open Play,Blocked,Left Foot
3c0e5331-08ac-4814-84c1-d7171821e0ff,69236,2010-10-03,2010/2011,36,Mallorca,25,112.3,24.5,0.011383953,Open Play,Saved,Left Foot
5c415883-f9a2-4008-83f1-1edc2bdcdfde,69236,2010-10-03,2010/2011,36,Mallorca,35,104.9,41.9,0.06655725,Open Play,Off T,Left Foot
86a4ddbd-72f0-4571-995d-07e6bf6826e8,69236,2010-10-03,2010/2011,36,Mallorca,43,105.8,34.4,0.0688401,Open Play,Blocked,Right Foot
ebeabdd4-92d3-498f-9132-7ed6d45025d5,69236,2010-10-03,2010/2011,36,Mallorca,46,114.3,51.7,0.07505436,Open Play,Off T,Head
80035e61-6a1d-4086-b391-1c8988a8f101,69236,2010-10-03,2010/2011,36,Mallorca,57,113.6,52.8,0.05869049,Open Play,Off T,Right Foot
058bedf7-3237-417f-aa99-4215601d4181,69236,2010-10-03,2010/2011,36,Mallorca,91,99.8,49.8,0.04324265,Open Play,Blocked,Left Foot
ef320139-e4e5-48c3-a4e0-d7c2a32cf058,69260,2010-10-16,2010/2011,36,Valencia,45,113.7,34.8,0.2616171,Open Play,Blocked,Left Foot
8108dcac-b7ee-4068-8837-302f59eac36b,69260,2010-10-16,2010/2011,36,Valencia,64,114.0,51.0,0.1327137,Open Play,Saved,Right Foot
721ed5d5-c5f4-433a-8f8e-cedac4e3cbca,69263,2010-10-23,2010/2011,36,Real Zaragoza,7,90.9,43.5,0.024944203,Open Play,Saved,Left Foot
172a6e6b-9690-4eed-bc55-d12e3cab5b4e,69263,2010-10-23,2010/2011,36,Real Zaragoza,13,107.2,44.2,0.08423155,Open Play,Saved,Left Foot
594e86ea-ebce-451c-9e88-0682d236c3bf,69263,2010-10-23,2010/2011,36,Real Zaragoza,41,106.1,37.8,0.44446823,Open Play,Goal,Left Foot
ceee2aba-acce-4bdd-aab8-a4c329df1683,69263,2010-10-23,2010/2011,36,Real Zaragoza,60,109.1,50.3,0.16749062,Open Play,Saved,Right Foot
969b6a4f-20d9-485a-8c33-fa3079aa6918,69263,2010-10-23,2010/2011,36,Real Zaragoza,60,114.4,48.8,0.2272218,Open Play,Off T,Right Foot
9552e537-9057-472e-995c-34b3a761a364,69263,2010-10-23,2010/2011,36,Real Zaragoza,65,106.9,45.7,0.064281926,Open Play,Goal,Left Foot
b62636a0-1991-4b5a-bd32-3aa40fc02f18,69289,2010-10-30,2010/2011,36,Sevilla,3,112.8,31.7,0.07959615,Open Play,Goal,Left Foot
89c040c5-1512-4af8-8efe-0f0215e8d17b,69289,2010-10-30,2010/2011,36,Sevilla,33,102.2,38.8,0.13866949,Open Play,Off T,Left Foot
7f5343b9-8b8e-4ce2-b5ac-283ad8b1576c,69289,2010-10-30,2010/2011,36,Sevilla,53,114.3,30.1,0.052183952,Open Play,Blocked,Left Foot
db4b5ab7-b084-416d-9760-ba20bd154422,69289,2010-10-30,2010/2011,36,Sevilla,63,98.1,37.2,0.06494375,Open Play,Goal,Left Foot
b258bb22-6e78-4341-a797-d516b4417774,69270,2010-11-07,2010/2011,36,Getafe,22,114.0,47.9,0.23055471,Open Play,Goal,Left Foot
8013a1a8-2f2f-4be5-a429-aa055f357f08,69270,2010-11-07,2010/2011,36,Getafe,43,114.5,50.7,0.1403403,Open Play,Off T,Left Foot
51d02535-bb52-4caa-8b45-c8674d0cee18,69270,2010-11-07,2010/2011,36,Getafe,73,107.3,35.0,0.22248447,Open Play,Off T,Left Foot
1ce2a291-688a-4526-a0c8-1f75a6d26238,69270,2010-11-07,2010/2011,36,Getafe,86,98.1,46.5,0.05232886,Open Play,Saved,Left Foot
09aa278b-1472-4055-ade8-a185b40d7245,69270,2010-11-07,2010/2011,36,Getafe,86,109.3,46.2,0.30106196,Open Play,Saved,Left Foot
0c439abd-0d40-44ef-bd91-1f635fef5f4e,69308,2010-11-13,2010/2011,36,Villarreal,13,113.1,36.2,0.12670262,Open Play,Saved,Head
cf54dce3-cda0-4d98-ab4b-cca5667f224d,69308,2010-11-13,2010/2011,36,Villarreal,13,116.3,37.6,0.26302305,Open Play,Off T,Left Foot
71ae7078-dcfb-40fe-a9de-4b5c40b9d521,69308,2010-11-13,2010/2011,36,Villarreal,42,91.5,41.8,0.04676058,Free Kick,Off T,Left Foot
cb1d5ad3-2ff4-4ea0-82a8-548350c07c49,69308,2010-11-13,2010/2011,36,Villarreal,57,115.5,50.2,0.1429171,Open Play,Goal,Right Foot
40909454-6b0b-43e0-8733-148ecf7e2453,69308,2010-11-13,2010/2011,36,Villarreal,82,114.1,42.6,0.5440718,Open Play,Goal,Left Foot
7c85c3be-087b-44ec-8e84-5beee14b574e,69308,2010-11-13,2010/2011,36,Villarreal,85,106.5,44.6,0.30286774,Open Play,Blocked,Left Foot
9181d850-5fa6-498a-b578-1541a2c62a7f,69306,2010-11-20,2010/2011,36,Almería,7,104.0,34.5,0.045397006,Open Play,Off T,Right Foot
548cec60-dfe0-4362-9281-97b648997bc6,69306,2010-11-20,2010/2011,36,Almería,16,97.7,35.2,0.074469835,Open Play,Goal,Left Foot
b4cd1b8e-a6b6-4f21-a8d8-0d626f4d4457,69306,2010-11-20,2010/2011,36,Almería,36,112.5,46.2,0.17803942,Open Play,Saved,Right Foot
5ac30a49-e8f6-406a-9a4b-2af903323126,69306,2010-11-20,2010/2011,36,Almería,36,116.4,44.0,0.49518985,Open Play,Goal,Left Foot
46ac3937-abd4-411b-a08f-7aa0ea5ff72e,69306,2010-11-20,2010/2011,36,Almería,66,116.0,42.8,0.85658824,Open Play,Goal,Left Foot
ac6fe122-123e-4da1-8581-1545cc0cd45e,69299,2010-11-29,2010/2011,36,Real Madrid,5,114.6,58.7,0.0072528347,Open Play,Post,Left Foot
74471189-0a92-402c-bdd9-c923cd9f90ed,69299,2010-11-29,2010/2011,36,Real Madrid,40,91.7,31.7,0.022679137,Open Play,Off T,Left Foot
055ca883-51e3-415d-920d-099cd250749e,69299,2010-11-29,2010/2011,36,Real Madrid,47,101.6,42.1,0.07062227,Open Play,Blocked,Left Foot
3658cac7-da7d-4018-abc6-d7cd5e380c74,69307,2010-12-04,2010/2011,36,Osasuna,27,117.3,30.3,0.07465282,Open Play,Saved to Post,Left Foot
d82308de-4aa3-4c58-bda2-31a0ef30713a,69307,2010-12-04,2010/2011,36,Osasuna,43,107.5,26.1,0.062275976,Open Play,Saved,Left Foot
c6191482-69f0-4de5-9aaa-4bf05a71280c,69307,2010-12-04,2010/2011,36,Osasuna,54,91.9,40.0,0.027742255,Open Play,Blocked,Left Foot
a48154d8-0c80-4ad7-9bd2-f7e9320c9673,69307,2010-12-04,2010/2011,36,Osasuna,64,107.7,29.5,0.30908158,Open Play,Goal,Left Foot
87b481f1-463f-439b-974b-61a08f40e7fd,69307,2010-12-04,2010/2011,36,Osasuna,83,108.0,40.0,0.7835,Penalty,Goal,Left Foot
cf6e7a92-add9-4ef2-b219-a837f468a268,69302,2010-12-12,2010/2011,36,Real Sociedad,28,115.8,27.3,0.025771858,Open Play,Blocked,Left Foot
29d5e504-427b-4663-8964-2edd92d0c52d,69302,2010-12-12,2010/2011,36,Real Sociedad,33,94.2,45.8,0.02937977,Open Play,Blocked,Left Foot
c349c1b3-7add-4782-9f83-1c1d160b5ae2,69302,2010-12-12,2010/2011,36,Real Sociedad,38,104.3,47.4,0.062300205,Open Play,Off T,Left Foot
133e1c64-3061-473e-9938-30f1f02152ce,69302,2010-12-12,2010/2011,36,Real Sociedad,46,112.5,49.1,0.2117895,Open Play,Goal,Left Foot
dcacef8d-d27d-423e-9dd4-ace683e8c13c,69302,2010-12-12,2010/2011,36,Real Sociedad,75,101.5,31.0,0.05222289,Open Play,Blocked,Left Foot
adc39d5b-c3aa-4cc7-bdca-7ba160f4bfa1,69302,2010-12-12,2010/2011,36,Real Sociedad,77,108.7,29.1,0.059935912,Open Play,Blocked,Left Foot
63f4e481-014e-430e-9c42-92c7e5823012,69302,2010-12-12,2010/2011,36,Real Sociedad,77,116.9,29.7,0.055507638,Open Play,Post,Left Foot
32f6fc02-f7ba-4d32-af38-991108ac1842,69302,2010-12-12,2010/2011,36,Real Sociedad,86,111.4,34.9,0.32977897,Open Play,Goal,Left Foot
c3faac8a-3a66-4278-b42d-fa981792b498,69275,2010-12-18,2010/2011,36,Espanyol,8,104.1,29.1,0.053975035,Open Play,Saved,Left Foot
86e35458-f376-4485-9a97-025556cbf312,69275,2010-12-18,2010/2011,36,Espanyol,9,104.8,42.4,0.37490323,Open Play,Off T,Right Foot
8b76f249-6af6-4294-9113-27601040d47c,69275,2010-12-18,2010/2011,36,Espanyol,59,97.3,40.0,0.042795878,Open Play,Saved,Left Foot
551bfd25-edd7-440d-86c6-6fac563726ba,69280,2011-01-08,2010/2011,36,RC Deportivo La Coruña,51,91.8,36.3,0.054817528,Free Kick,Goal,Left Foot
5528a446-706a-44b8-bc41-96bdde79d76a,69280,2011-01-08,2010/2011,36,RC Deportivo La Coruña,87,107.2,31.4,0.24740106,Open Play,Saved,Left Foot
77c4b52a-4a2d-496d-9814-f73f744356ee,69278,2011-01-16,2010/2011,36,Málaga,31,118.4,32.9,0.15413745,Open Play,Off T,Left Foot
d5f1398f-1425-4279-94ef-438b9aec9110,69278,2011-01-16,2010/2011,36,Málaga,41,109.9,46.5,0.3621828,Open Play,Saved,Left Foot
25cc25f1-eab5-41de-a64f-f01a32192949,69278,2011-01-16,2010/2011,36,Málaga,44,118.0,50.0,0.026634663,Open Play,Saved,Right Foot
dac75d97-56e4-4576-b4f2-82d99046a67a,69295,2011-01-22,2010/2011,36,Racing Santander,32,108.0,40.0,0.7835,Penalty,Goal,Left Foot
fccc5afc-634f-4b43-aa73-51bc099bddd3,69295,2011-01-22,2010/2011,36,Racing Santander,40,88.4,39.7,0.025466306,Free Kick,Saved Off Target,Left Foot
c639cab4-25b6-4448-a0af-d32613042066,69295,2011-01-22,2010/2011,36,Racing Santander,77,102.9,32.9,0.07080143,Open Play,Saved,Right Foot
97df5128-2991-42cf-a53b-86bd1eefa07f,69296,2011-01-29,2010/2011,36,Hércules,8,117.8,27.7,0.016127786,Open Play,Saved,Left Foot
b45d2b7e-5b01-4947-995e-ff4caadae07e,69296,2011-01-29,2010/2011,36,Hércules,10,104.3,48.9,0.05231323,Open Play,Off T,Left Foot
25380282-225c-423a-bbce-9009161877b1,69296,2011-01-29,2010/2011,36,Hércules,15,105.6,48.0,0.06928434,Open Play,Blocked,Left Foot
efe957ba-e43d-4150-8f7a-04753586bb14,69296,2011-01-29,2010/2011,36,Hércules,46,107.0,65.4,0.0071043554,Free Kick,Saved,Left Foot
9ba144ba-9999-42ba-a618-90ae05b976da,69296,2011-01-29,2010/2011,36,Hércules,67,103.2,33.6,0.14714292,Open Play,Off T,Left Foot
24dbd3e9-5009-4a94-a973-dfe6408e18b9,69296,2011-01-29,2010/2011,36,Hércules,68,102.7,39.4,0.08575355,Open Play,Off T,Left Foot
a125e834-9344-47ce-b7ce-ec75df935d83,69296,2011-01-29,2010/2011,36,Hércules,75,96.1,46.7,0.0386198,Open Play,Saved,Left Foot
aab19cdb-cddc-4927-80d2-ee661d38bf91,69296,2011-01-29,2010/2011,36,Hércules,85,116.1,51.2,0.04451414,Open Play,Saved,Right Foot
a576b0ed-1e6c-4f48-91da-7547e91363e9,69296,2011-01-29,2010/2011,36,Hércules,86,103.4,34.7,0.34364814,Open Play,Goal,Left Foot
dbf349ab-9046-407e-a496-1bc1936bf25e,69296,2011-01-29,2010/2011,36,Hércules,88,117.7,37.8,0.8728945,Open Play,Goal,Left Foot
3fb8337c-bd06-48a7-a13b-a7aa602b84ee,69276,2011-02-05,2010/2011,36,Atlético Madrid,14,103.7,31.9,0.13111527,Open Play,Off T,Left Foot
3649120e-c9dc-40d7-918c-46d4d835a99e,69276,2011-02-05,2010/2011,36,Atlético Madrid,16,101.1,43.0,0.11742877,Open Play,Goal,Left Foot
95df99e6-ad75-4975-b8dc-9041f4cd8589,69276,2011-02-05,2010/2011,36,Atlético Madrid,19,111.8,49.5,0.1593922,Open Play,Off T,Left Foot
a66862ba-6d25-43b7-ada9-314ef811dc3a,69276,2011-02-05,2010/2011,36,Atlético Madrid,27,113.2,44.1,0.36643136,Open Play,Goal,Left Foot
8ee79661-12b8-4005-be1a-ba285316091b,69276,2011-02-05,2010/2011,36,Atlético Madrid,68,99.0,51.2,0.069189094,Free Kick,Saved,Left Foot
09df7bee-af8c-4bac-a1f9-a3a8ccd54b02,69276,2011-02-05,2010/2011,36,Atlético Madrid,72,108.2,44.6,0.051858045,Open Play,Saved,Head
a06fadb1-1859-4c40-b14d-b1e37806ca97,69276,2011-02-05,2010/2011,36,Atlético Madrid,78,117.7,40.7,0.7074262,Open Play,Goal,Left Foot
65269177-6e3a-428b-9e0b-3d506380945c,69248,2011-02-12,2010/2011,36,Sporting Gijón,7,107.7,24.9,0.044545326,Open Play,Blocked,Left Foot
a72bf35f-fe38-4bc9-a91c-fc941fc7f25f,69248,2011-02-12,2010/2011,36,Sporting Gijón,50,103.1,39.9,0.07104885,Open Play,Wayward,Left Foot
77624b42-50a3-4db2-9963-29c3b73e3dcd,69248,2011-02-12,2010/2011,36,Sporting Gijón,55,106.6,29.4,0.067200065,Open Play,Saved,Left Foot
30809cc3-49df-4dcb-9932-3a999cf14973,69248,2011-02-12,2010/2011,36,Sporting Gijón,75,96.5,30.1,0.03790001,Open Play,Off T,Left Foot
53613ec5-dc3f-4860-8350-0edd05ac9715,69282,2011-02-20,2010/2011,36,Athletic Club,57,97.1,40.9,0.039094526,Open Play,Blocked,Left Foot
5de0c87d-123b-4849-96b0-adbfc52c7d68,69282,2011-02-20,2010/2011,36,Athletic Club,66,105.3,29.1,0.1043585,Open Play,Off T,Left Foot
120354f8-3219-43b5-9470-ae7b61b962b8,69282,2011-02-20,2010/2011,36,Athletic Club,70,99.7,57.4,0.017334819,Open Play,Off T,Left Foot
5d2d9a1c-d54a-46ea-bd91-bce9b9734679,69282,2011-02-20,2010/2011,36,Athletic Club,77,114.2,43.5,0.3711562,Open Play,Goal,Right Foot
c397dfdf-a5d8-45c7-9d55-49f9ef971677,69282,2011-02-20,2010/2011,36,Athletic Club,81,109.1,28.4,0.12525979,Open Play,Saved,Left Foot
39370ab4-b8e0-4223-9fe3-92334d38b53b,69282,2011-02-20,2010/2011,36,Athletic Club,87,101.7,42.1,0.057835914,Open Play,Blocked,Left Foot
6a283553-daf2-40e8-938f-f754a6cf9cf6,69282,2011-02-20,2010/2011,36,Athletic Club,92,118.1,30.0,0.018299062,Open Play,Saved,Left Foot
6e1e23a8-9c41-4051-8390-f8cf5ff37473,69283,2011-02-26,2010/2011,36,Mallorca,30,108.0,33.4,0.21347323,Open Play,Off T,Left Foot
641af54f-5a63-4ec7-8099-8bd0ecd432dc,69283,2011-02-26,2010/2011,36,Mallorca,37,111.4,43.3,0.29906103,Open Play,Goal,Head
172c0bd6-f3ba-40a1-a113-cab4322e0768,69274,2011-03-02,2010/2011,36,Valencia,8,108.1,40.1,0.35968286,Open Play,Saved,Left Foot
d1a42827-17e4-46f2-83f9-339f197488ab,69274,2011-03-02,2010/2011,36,Valencia,8,111.7,43.8,0.44276896,Open Play,Blocked,Left Foot
f76de85d-6578-4957-a0c4-af8d82c06f2a,69274,2011-03-02,2010/2011,36,Valencia,8,114.8,46.7,0.10985361,Open Play,Saved,Left Foot
d649c408-62fc-4675-8e6e-724bbd3e0d3c,69274,2011-03-02,2010/2011,36,Valencia,30,109.2,45.6,0.30841187,Open Play,Off T,Left Foot
e9d75643-7706-4c62-8f18-0658a3a25ef3,69274,2011-03-02,2010/2011,36,Valencia,49,96.0,60.4,0.009023703,Free Kick,Saved,Left Foot
83b2bba2-012e-489b-ab2d-fe5a554824d5,69274,2011-03-02,2010/2011,36,Valencia,52,103.1,45.5,0.071853034,Open Play,Blocked,Left Foot
89994cbf-c572-433e-baf7-fcee86ede4d4,69274,2011-03-02,2010/2011,36,Valencia,60,103.2,30.1,0.09495313,Open Play,Off T,Left Foot
f3f56416-a9d4-4f02-9a36-667e4d88704d,69274,2011-03-02,2010/2011,36,Valencia,76,108.3,37.6,0.10029179,Open Play,Goal,Left Foot
738b5cb4-2671-471a-8bb5-eaa3e20ac7b2,69300,2011-03-05,2010/2011,36,Real Zaragoza,26,107.8,31.1,0.06805939,Open Play,Blocked,Left Foot
87aef5cb-626d-457f-b664-0510e68274d3,69300,2011-03-05,2010/2011,36,Real Zaragoza,32,113.7,50.3,0.20080243,Open Play,Saved,Left Foot
667d27fe-55b2-4963-970a-a531546e214f,69300,2011-03-05,2010/2011,36,Real Zaragoza,72,108.1,45.6,0.2185708,Open Play,Off T,Left Foot
fca635af-d8ae-4e8b-97d3-d98183db898a,69300,2011-03-05,2010/2011,36,Real Zaragoza,94,96.3,41.9,0.07728213,Free Kick,Off T,Left Foot
7ee4d7ff-cc1d-4819-ad8e-850305214395,69291,2011-03-13,2010/2011,36,Sevilla,41,110.6,39.6,0.18007718,Open Play,Post,Head
f4864f99-568a-442c-af81-92c40ac40c8d,69291,2011-03-13,2010/2011,36,Sevilla,43,98.5,34.0,0.080191635,Free Kick,Saved,Left Foot
4b848b71-2e4b-418a-9314-b929e4f06b6a,69291,2011-03-13,2010/2011,36,Sevilla,68,110.5,32.0,0.4413846,Open Play,Saved,Left Foot
5bfcdc06-669b-435a-979e-92f488f1e203,69291,2011-03-13,2010/2011,36,Sevilla,82,100.1,27.2,0.023277177,Open Play,Blocked,Left Foot
17abc7c6-88cf-4da5-8c1c-b0074de0df50,69291,2011-03-13,2010/2011,36,Sevilla,89,108.5,29.2,0.07338286,Open Play,Blocked,Left Foot
a8ae4c51-bbe8-4613-8599-3ddf78efd0c6,69303,2011-03-19,2010/2011,36,Getafe,7,111.1,40.3,0.2210092,Open Play,Saved,Left Foot
7f310cd6-0b4c-4490-88a8-8032bf1ff31c,69303,2011-03-19,2010/2011,36,Getafe,8,102.9,26.4,0.04168233,Open Play,Off T,Left Foot
f3b25878-4b2c-4faa-8394-8dbf8dcfd156,69303,2011-03-19,2010/2011,36,Getafe,20,118.3,49.2,0.036222752,Open Play,Blocked,Right Foot
bf2798c6-633e-482e-ac1e-a418f31c177d,69303,2011-03-19,2010/2011,36,Getafe,25,88.0,37.7,0.02924813,Free Kick,Blocked,Left Foot
12eeb89d-66e0-4973-94f5-59ccd223ac5f,69304,2011-04-02,2010/2011,36,Villarreal,82,97.7,54.7,0.048267026,Free Kick,Saved,Left Foot
a748c204-837e-4e9f-afbd-9ee69a5bd64f,69305,2011-04-09,2010/2011,36,Almería,21,114.8,30.3,0.08130818,Open Play,Blocked,Left Foot
9bd16809-147b-4480-b84f-385a95b61b21,69305,2011-04-09,2010/2011,36,Almería,28,102.3,34.7,0.109619685,Open Play,Off T,Left Foot
e43e6094-7cd4-4c9b-ad39-a48ef3be76ce,69305,2011-04-09,2010/2011,36,Almería,34,118.6,50.6,0.019695748,Open Play,Saved,Right Foot
64d44737-1461-44f7-91db-ddfdc366dc65,69305,2011-04-09,2010/2011,36,Almería,52,108.3,40.1,0.7835,Penalty,Goal,Left Foot
0c3a31d4-b1c2-4964-9f2f-7b991e87dace,69305,2011-04-09,2010/2011,36,Almería,91,110.2,35.9,0.3422585,Open Play,Goal,Left Foot
05ec5f23-3e46-4dd2-ba00-7db90fb5616c,69245,2011-04-16,2010/2011,36,Real Madrid,18,111.9,51.6,0.19163021,Open Play,Saved,Left Foot
47b4b276-94d2-4861-aa05-f052d6734306,69245,2011-04-16,2010/2011,36,Real Madrid,43,106.1,32.0,0.07797879,Open Play,Saved,Left Foot
b68d2af2-8073-41cf-ac37-1abca76f8424,69245,2011-04-16,2010/2011,36,Real Madrid,52,108.1,40.1,0.7835,Penalty,Goal,Left Foot
c03e523a-a02f-489e-9447-5bb9e3825166,69245,2011-04-16,2010/2011,36,Real Madrid,86,99.4,35.7,0.16772148,Open Play,Off T,Left Foot
46430760-95be-4fe6-ac16-5fb9973925f3,69271,2011-04-23,2010/2011,36,Osasuna,88,109.2,45.8,0.19842288,Open Play,Goal,Right Foot
be5555c6-680c-421d-aaad-cd097b7fc786,69246,2011-04-30,2010/2011,36,Real Sociedad,3,96.4,42.5,0.058822777,Open Play,Off T,Left Foot
f962a7af-373a-47c8-a9ee-2f2a7b22452f,69246,2011-04-30,2010/2011,36,Real Sociedad,37,105.0,49.5,0.05859321,Open Play,Blocked,Right Foot
b07af41b-3766-4d8a-b64c-e4dcd9502131,69246,2011-04-30,2010/2011,36,Real Sociedad,50,96.6,47.8,0.07688229,Free Kick,Saved,Left Foot
251d27f9-f259-4edf-ba21-4a2abf9869b6,69234,2011-05-08,2010/2011,36,Espanyol,27,115.3,52.3,0.055042017,Open Play,Wayward,Right Foot
e9f490cb-5061-4f5c-9e8d-20745e44b7e8,69234,2011-05-08,2010/2011,36,Espanyol,62,98.3,37.1,0.0872098,Free Kick,Blocked,Left Foot
b476d344-1405-4759-8f5a-306e7526cb75,69272,2011-05-11,2010/2011,36,Levante UD,43,91.2,42.7,0.041767694,Free Kick,Off T,Left Foot
2b2129c2-9c98-49fa-a7cf-083f5e9415a4,69272,2011-05-11,2010/2011,36,Levante UD,49,106.3,31.5,0.085095495,Open Play,Blocked,Left Foot
ab40e923-9b95-4e03-8edf-b9948a4f4995,69272,2011-05-11,2010/2011,36,Levante UD,57,108.9,36.9,0.42140293,Open Play,Post,Left Foot
bfa3d61f-084e-4ffa-85bb-9cafd7393e49,69272,2011-05-11,2010/2011,36,Levante UD,68,108.1,63.6,0.007766358,Free Kick,Off T,Left Foot
33e9c9e8-1b2f-47ac-a297-dbc5378d43ec,69272,2011-05-11,2010/2011,36,Levante UD,71,99.7,35.8,0.05384283,Open Play,Blocked,Left Foot
b69cca97-0a79-4d38-aa30-9121a43198e7,69268,2011-08-29,2011/2012,36,Villarreal,16,116.0,27.9,0.033302784,Open Play,Saved,Left Foot
88ecbb01-0f1d-4321-bb86-6effc3712357,69268,2011-08-29,2011/2012,36,Villarreal,18,84.8,45.7,0.013822085,Free Kick,Saved,Left Foot
effd20cd-cdbf-481c-a272-a247cd013558,69268,2011-08-29,2011/2012,36,Villarreal,51,114.9,48.6,0.7837052,Open Play,Goal,Right Foot
ae28e9b8-e79f-415a-b5c3-85cd55394f6c,69268,2011-08-29,2011/2012,36,Villarreal,68,104.2,29.6,0.103052564,Open Play,Saved,Left Foot
435ca2e1-77e7-43db-bd08-30b6ab27fda9,69268,2011-08-29,2011/2012,36,Villarreal,73,115.0,41.6,0.62202954,Open Play,Goal,Left Foot
edddece8-e1ac-4e56-8158-d7f10b485498,69264,2011-09-10,2011/2012,36,Real Sociedad,67,92.0,52.8,0.030351644,Free Kick,Saved,Left Foot
bfd228b0-76d1-4f8c-a4cf-74a875c33291,69264,2011-09-10,2011/2012,36,Real Sociedad,68,98.3,31.9,0.0506659,Open Play,Off T,Left Foot
d892852e-4563-4119-8a38-c2301087dd0c,69264,2011-09-10,2011/2012,36,Real Sociedad,75,102.4,37.9,0.058204886,Open Play,Blocked,Right Foot
08691812-610c-454f-b05d-4a3f399cb64a,69264,2011-09-10,2011/2012,36,Real Sociedad,75,115.9,52.5,0.04086681,Open Play,Saved,Right Foot
dc8d7b2e-63db-40c1-81d4-e36958199625,70220,2011-09-17,2011/2012,36,Osasuna,4,116.9,38.4,0.6897564,Open Play,Goal,Left Foot
c31e016f-e6c5-44f2-a6b6-db2158700034,70220,2011-09-17,2011/2012,36,Osasuna,7,103.9,35.1,0.099668145,Open Play,Saved,Left Foot
dc2049bd-dcb9-4a74-9b44-e7551fbf454d,70220,2011-09-17,2011/2012,36,Osasuna,29,111.0,38.9,0.21865807,Open Play,Post,Head
4d1822cf-9585-4a59-9915-618b7049d173,70220,2011-09-17,2011/2012,36,Osasuna,40,108.7,38.6,0.2737709,Open Play,Goal,Left Foot
2477bd3a-f996-4936-9efc-bea8ff64f16c,70220,2011-09-17,2011/2012,36,Osasuna,50,108.3,51.6,0.10445141,Open Play,Post,Left Foot
c62d7e92-2607-4f41-8184-8506ec89eace,70220,2011-09-17,2011/2012,36,Osasuna,59,112.3,35.6,0.16537333,Open Play,Saved,Left Foot
77e94040-57a0-4a17-a007-603c71480495,70220,2011-09-17,2011/2012,36,Osasuna,78,108.7,41.9,0.5026998,Open Play,Goal,Left Foot
117bb4ff-d899-4783-8d9f-89aba92ea6d8,70220,2011-09-17,2011/2012,36,Osasuna,86,109.0,63.0,0.007439192,Free Kick,Saved,Left Foot
3995bf97-8c08-4ba5-b449-02900e98a541,70223,2011-09-21,2011/2012,36,Valencia,19,97.3,40.8,0.048179146,Open Play,Saved,Left Foot
9ffa781a-3b50-41ea-b15b-9865e4327b6a,70223,2011-09-21,2011/2012,36,Valencia,89,114.2,55.1,0.01472759,Open Play,Off T,Left Foot
fe74357b-767f-4520-9399-fa4cc37afc9b,69297,2011-09-24,2011/2012,36,Atlético Madrid,14,107.7,45.3,0.46179003,Open Play,Saved,Left Foot
34df1102-85c2-4e0f-b676-11c0b057e0e1,69297,2011-09-24,2011/2012,36,Atlético Madrid,25,112.5,50.7,0.18180928,Open Play,Goal,Left Foot
7a76e694-47ea-41a1-8e39-6d2a24619d21,69297,2011-09-24,2011/2012,36,Atlético Madrid,53,111.9,32.8,0.2883664,Open Play,Saved,Left Foot
99210594-ad0b-449a-bd32-f3e278fc90b1,69297,2011-09-24,2011/2012,36,Atlético Madrid,72,99.3,30.9,0.07717137,Free Kick,Off T,Left Foot
a9469c0b-ac22-404e-9e65-2fc0d9447b2c,69297,2011-09-24,2011/2012,36,Atlético Madrid,75,102.2,38.0,0.05591993,Open Play,Blocked,Left Foot
c4ccb02a-7da6-4318-805c-9d7e273bd404,69297,2011-09-24,2011/2012,36,Atlético Madrid,77,109.3,29.9,0.063959636,Open Play,Goal,Left Foot
1df4b83c-3cff-456d-8632-3ec8cfd0f5cb,69297,2011-09-24,2011/2012,36,Atlético Madrid,90,115.1,28.9,0.096354395,Open Play,Goal,Left Foot
f335be71-6bb0-4505-ae3b-a5e1b4a829fe,69265,2011-10-02,2011/2012,36,Sporting Gijón,52,100.0,48.2,0.045903683,Open Play,Blocked,Left Foot
b7a7262c-9639-4985-99a4-e66623a7acc5,69265,2011-10-02,2011/2012,36,Sporting Gijón,76,106.7,43.1,0.08061325,Open Play,Saved,Head
89835504-34f6-4924-bdf8-4a87b6bd5c3d,69265,2011-10-02,2011/2012,36,Sporting Gijón,85,96.6,45.8,0.046401348,Open Play,Saved,Left Foot
669d5b4a-f24d-4ae6-a024-7c9765150724,69265,2011-10-02,2011/2012,36,Sporting Gijón,87,110.0,42.6,0.11348153,Open Play,Off T,Left Foot
b2988504-f1fd-45d9-a7f4-41bb79f9466a,69265,2011-10-02,2011/2012,36,Sporting Gijón,92,94.2,50.2,0.04982515,Free Kick,Blocked,Left Foot
f6303dc6-bfe8-4cc8-9bce-7be8c551fca1,69293,2011-10-15,2011/2012,36,Racing Santander,10,117.5,47.9,0.45622295,Open Play,Goal,Right Foot
b32caea8-45ad-4c72-937d-4c5b785a7f48,69293,2011-10-15,2011/2012,36,Racing Santander,11,109.9,43.9,0.10596524,Open Play,Blocked,Left Foot
c1e6caef-cafd-40af-a43d-d2af7048ab82,69293,2011-10-15,2011/2012,36,Racing Santander,41,112.5,33.7,0.20379446,Open Play,Blocked,Right Foot
57785f65-f413-4d8e-bf62-dce51c011083,69293,2011-10-15,2011/2012,36,Racing Santander,52,110.8,29.6,0.062389534,Open Play,Saved,Left Foot
31cbf044-c983-4bed-be71-308a27ce8a93,69293,2011-10-15,2011/2012,36,Racing Santander,58,99.3,65.7,0.007857417,Free Kick,Saved,Left Foot
5f304c44-bece-431c-943e-d10923a58d31,69293,2011-10-15,2011/2012,36,Racing Santander,67,107.1,45.2,0.28245136,Open Play,Goal,Right Foot
a28252f8-fa43-432c-be76-b48ee1e4fcce,69293,2011-10-15,2011/2012,36,Racing Santander,73,103.4,44.7,0.08931164,Open Play,Off T,Left Foot
15518c1f-babd-4d90-94f4-49b5f48bcc0c,69329,2011-10-22,2011/2012,36,Sevilla,46,103.4,51.7,0.047927275,Open Play,Blocked,Right Foot
20ab55c3-9dc1-4983-8f33-2e76e4f0ed7a,69329,2011-10-22,2011/2012,36,Sevilla,48,86.4,39.5,0.025590254,Free Kick,Off T,Left Foot
fad79340-7229-45ea-bc14-114fc23dd16c,69329,2011-10-22,2011/2012,36,Sevilla,55,109.1,37.0,0.09644033,Open Play,Off T,Head
d123eb25-5cce-4373-ade2-7e5690dc7072,69329,2011-10-22,2011/2012,36,Sevilla,77,113.2,51.9,0.0923341,Open Play,Saved,Right Foot
8ea296c6-7976-4dda-b522-7935d1f66c60,69329,2011-10-22,2011/2012,36,Sevilla,81,97.6,46.5,0.038976114,Open Play,Blocked,Left Foot
2926ff0a-e3a4-423b-9006-fdaef80343c6,69329,2011-10-22,2011/2012,36,Sevilla,94,108.2,40.3,0.7835,Penalty,Saved,Left Foot
b1e31dfa-935b-4191-bfdc-b5dc8770b77a,69329,2011-10-22,2011/2012,36,Sevilla,97,108.1,63.2,0.0073000304,Free Kick,Blocked,Left Foot
ba3f035f-7a5d-4589-9b75-56f18e32b469,69318,2011-10-25,2011/2012,36,Granada,9,103.5,41.0,0.07645472,Open Play,Blocked,Left Foot
182fa5f2-d5cf-4d73-90e6-4443efa75456,69318,2011-10-25,2011/2012,36,Granada,12,103.5,52.3,0.04679594,Open Play,Off T,Left Foot
ae8386b1-f993-4f38-9aff-83721746d9d1,69318,2011-10-25,2011/2012,36,Granada,58,105.0,42.3,0.1863717,Open Play,Blocked,Left Foot
19923b1a-94b3-47ce-b7a3-8082bbf31525,69318,2011-10-25,2011/2012,36,Granada,82,96.3,45.7,0.036322307,Open Play,Blocked,Left Foot
cca991c9-7c5a-4609-b20c-9f4d22eef466,69314,2011-10-29,2011/2012,36,Mallorca,12,108.0,40.0,0.7835,Penalty,Goal,Left Foot
996ec390-f305-4185-b98f-c171309df1e3,69314,2011-10-29,2011/2012,36,Mallorca,20,113.3,42.9,0.5055249,Open Play,Goal,Right Foot
358f8f3c-9daf-4f42-8e57-ba736d185eb4,69314,2011-10-29,2011/2012,36,Mallorca,29,107.4,38.2,0.20503017,Open Play,Goal,Left Foot
c06ccb5a-36a5-44e1-be98-1d258c7b7431,69314,2011-10-29,2011/2012,36,Mallorca,52,108.9,49.7,0.06406333,Open Play,Blocked,Right Foot
5e675c20-62c1-409c-9923-d3ba0684ffab,69314,2011-10-29,2011/2012,36,Mallorca,55,96.4,47.8,0.043181375,Open Play,Off T,Left Foot
1033a6d2-a119-4eb0-8666-c0dd42fb3c9a,69314,2011-10-29,2011/2012,36,Mallorca,77,97.5,49.2,0.07449219,Free Kick,Saved,Left Foot
cdbcd05e-f1c5-4db1-bdd2-2f0a0101feac,69314,2011-10-29,2011/2012,36,Mallorca,79,102.6,50.8,0.044739038,Open Play,Blocked,Left Foot
0b962ab3-ab88-4f39-995c-b320661a0ce5,69314,2011-10-29,2011/2012,36,Mallorca,83,112.1,34.7,0.13386339,Open Play,Off T,Head
87567704-99f6-436d-a83e-74a7cf04fdd7,69330,2011-11-06,2011/2012,36,Athletic Club,25,99.6,51.9,0.023317473,Open Play,Off T,Left Foot
28ed7a34-218e-4861-a28e-fffd3f289e10,69330,2011-11-06,2011/2012,36,Athletic Club,59,110.3,52.7,0.09944472,Open Play,Saved,Left Foot
22aaec24-ccc5-4abe-bd0b-a55ee6c835d0,69330,2011-11-06,2011/2012,36,Athletic Club,69,100.8,59.3,0.01382379,Free Kick,Blocked,Left Foot
8c4f98f3-d39d-46b0-a3db-5a3fb1d48545,69330,2011-11-06,2011/2012,36,Athletic Club,90,104.7,34.8,0.14228857,Open Play,Goal,Left Foot
4ee965b4-8d6b-40b7-9caa-1b5453c92b36,69331,2011-11-19,2011/2012,36,Real Zaragoza,28,107.1,43.4,0.3666435,Open Play,Saved,Left Foot
7b7741ee-25f5-45e1-a425-7e71e34db30e,69331,2011-11-19,2011/2012,36,Real Zaragoza,28,118.2,48.0,0.08412135,Open Play,Off T,Left Foot
6557acac-5ab0-41ca-8b6d-b093348fcd78,69331,2011-11-19,2011/2012,36,Real Zaragoza,30,107.5,43.5,0.27498874,Open Play,Saved,Left Foot
d6eb07de-32ff-4346-a5e9-05de8219c308,69331,2011-11-19,2011/2012,36,Real Zaragoza,31,106.8,37.4,0.15827361,Open Play,Blocked,Left Foot
21f50951-01cf-40a4-a0a6-7de0b64a1340,69331,2011-11-19,2011/2012,36,Real Zaragoza,42,114.1,49.1,0.13569434,Open Play,Goal,Right Foot
433c007d-f212-4fa4-9e6a-ece70915e6dc,69331,2011-11-19,2011/2012,36,Real Zaragoza,65,106.0,30.4,0.080030434,Open Play,Blocked,Left Foot
6da9e42b-bd14-46d8-9e2b-69b4c0a96bb8,69315,2011-11-26,2011/2012,36,Getafe,7,96.7,52.3,0.054676086,Free Kick,Off T,Left Foot
71c25845-70b6-4dbd-a154-4e5a77433593,69315,2011-11-26,2011/2012,36,Getafe,12,108.2,27.7,0.058872804,Open Play,Blocked,Left Foot
7d7b95c1-424c-46d4-b6a0-43c03d41b3d5,69315,2011-11-26,2011/2012,36,Getafe,55,101.5,52.9,0.033375714,Open Play,Saved,Left Foot
97a00f42-9ad2-4cf9-b5af-ebf53a15c3de,69315,2011-11-26,2011/2012,36,Getafe,75,96.1,35.2,0.046589363,Open Play,Blocked,Left Foot
f34b27c2-a22f-4780-aed1-6ff8d6752d96,69315,2011-11-26,2011/2012,36,Getafe,88,100.6,39.8,0.056785878,Open Play,Blocked,Right Foot
3d7ce287-0488-439e-a9fa-2743abffebf2,69315,2011-11-26,2011/2012,36,Getafe,93,112.6,48.9,0.3240127,Open Play,Post,Right Foot
5ccaaadf-40a5-4667-a603-d94dd129367a,69332,2011-11-29,2011/2012,36,Rayo Vallecano,31,111.4,27.8,0.115025535,Open Play,Off T,Left Foot
911e74ab-4515-416c-b673-f3a780ab2f97,69332,2011-11-29,2011/2012,36,Rayo Vallecano,49,115.2,52.4,0.088816725,Open Play,Goal,Left Foot
e67c0c5c-159e-4e92-a174-416b35da0aa4,69332,2011-11-29,2011/2012,36,Rayo Vallecano,77,106.5,24.8,0.030155456,Open Play,Off T,Left Foot
28a156f6-f9fb-4663-bf0f-5b5964744aa2,69333,2011-12-03,2011/2012,36,Levante UD,16,102.7,36.7,0.12521175,Open Play,Blocked,Left Foot
9ca9f19a-6968-48ab-8a3b-976e8465a072,69333,2011-12-03,2011/2012,36,Levante UD,19,95.7,46.9,0.07126159,Free Kick,Saved,Left Foot
a03f4f3d-428c-467e-a274-e7d3eef4cd2e,69333,2011-12-03,2011/2012,36,Levante UD,54,110.9,52.6,0.15610899,Open Play,Goal,Left Foot
655443c5-2024-443a-aafa-6dc521e12e2c,69333,2011-12-03,2011/2012,36,Levante UD,57,108.4,38.0,0.26390967,Open Play,Off T,Left Foot
dd3f3b26-62b2-4b81-b8b6-6503fcf8992c,69333,2011-12-03,2011/2012,36,Levante UD,67,112.8,43.8,0.32555437,Open Play,Blocked,Left Foot
eedb6efc-d028-4a18-a6a2-b37b1b53071d,69333,2011-12-03,2011/2012,36,Levante UD,76,115.6,33.3,0.50810057,Open Play,Off T,Left Foot
62635b08-5f9b-48ef-9bc8-1f561330b655,69334,2011-12-10,2011/2012,36,Real Madrid,6,105.5,48.6,0.083370544,Open Play,Saved,Left Foot
d119ecec-d7c2-442f-bc16-9e5feeed4413,69334,2011-12-10,2011/2012,36,Real Madrid,62,90.2,38.4,0.030777453,Free Kick,Off T,Left Foot
a6cf1234-7d03-4d58-8e65-4b9e8b9f467d,69312,2012-01-08,2011/2012,36,Espanyol,76,118.1,51.2,0.012421925,Open Play,Post,Right Foot
b59f58c0-39c9-49b1-88b5-a4f33ef0080c,69327,2012-01-15,2011/2012,36,Real Betis,11,113.0,40.7,0.4453218,Open Play,Goal,Left Foot
4d02175c-0b89-411b-a7bd-24570b64fb51,69327,2012-01-15,2011/2012,36,Real Betis,54,104.1,32.4,0.05734981,Open Play,Saved,Left Foot
362d5ca7-a87f-4e97-9daa-fd927fcdb759,69327,2012-01-15,2011/2012,36,Real Betis,71,94.8,43.1,0.08141676,Free Kick,Blocked,Left Foot
44172ae6-57d6-43e0-badb-588cebbaa4b3,69327,2012-01-15,2011/2012,36,Real Betis,84,105.4,39.5,0.121659085,Open Play,Blocked,Left Foot
035e3e81-4737-4e63-ba0e-5e90045e8711,69327,2012-01-15,2011/2012,36,Real Betis,85,108.0,40.0,0.7835,Penalty,Goal,Left Foot
71fe6e24-7713-4282-8f63-1f8429d5334d,69335,2012-01-22,2011/2012,36,Málaga,8,99.6,40.8,0.06423109,Open Play,Blocked,Left Foot
b7e75a6a-c647-438f-b613-86a731aa5c5d,69335,2012-01-22,2011/2012,36,Málaga,32,107.0,40.8,0.12868044,Open Play,Goal,Head
76d18b37-3247-4215-a503-a55b8a4076ae,69335,2012-01-22,2011/2012,36,Málaga,50,103.8,42.7,0.14042059,Open Play,Goal,Left Foot
cfd14c47-6d72-4305-9489-195ea7d6eb54,69335,2012-01-22,2011/2012,36,Málaga,73,94.0,36.2,0.06922965,Free Kick,Post,Left Foot
d464971a-46b2-4658-a99d-1f696ef0a879,69335,2012-01-22,2011/2012,36,Málaga,80,113.2,30.6,0.27908537,Open Play,Goal,Left Foot
52d61ba9-aba6-4448-9722-2b59b688caf2,69335,2012-01-22,2011/2012,36,Málaga,89,108.6,41.9,0.17031346,Open Play,Saved,Head
0f74d831-c28f-4d9a-a2bd-9fb43c7fae05,69335,2012-01-22,2011/2012,36,Málaga,90,111.6,49.9,0.19448547,Open Play,Saved,Left Foot
7acdd2ba-7c66-4b89-8b66-373bed7b6193,69338,2012-01-28,2011/2012,36,Villarreal,10,99.4,30.7,0.028105268,Open Play,Off T,Left Foot
a48d3c66-ebca-48ab-80e9-7d1522ed7e46,69338,2012-01-28,2011/2012,36,Villarreal,16,104.3,32.0,0.38916886,Open Play,Off T,Left Foot
2b4a13b2-e235-4a4b-b8ce-40fdf0fbeb58,69338,2012-01-28,2011/2012,36,Villarreal,69,87.8,35.2,0.02957977,Free Kick,Blocked,Left Foot
b0af8870-bec7-4a9b-9a83-85b3eacd7c5d,69338,2012-01-28,2011/2012,36,Villarreal,86,110.8,30.6,0.38114092,Open Play,Saved,Left Foot
b190225a-0a7b-465d-b160-17587b0eaa18,69338,2012-01-28,2011/2012,36,Villarreal,88,105.2,28.1,0.03634395,Open Play,Saved,Left Foot
fec16f1a-4acd-407e-9260-c01bebd17856,69316,2012-02-04,2011/2012,36,Real Sociedad,4,108.4,42.7,0.40328962,Open Play,Saved,Left Foot
cd7d9b3f-1e37-4a6e-90af-fdf1ea8dcc4a,69316,2012-02-04,2011/2012,36,Real Sociedad,16,115.3,29.2,0.099750124,Open Play,Saved,Left Foot
8d66db98-e2ff-40d0-930c-bffede305c6a,69316,2012-02-04,2011/2012,36,Real Sociedad,42,94.0,48.4,0.060361315,Free Kick,Blocked,Left Foot
92c38f2a-3bec-460f-be74-7e9fe707678b,69316,2012-02-04,2011/2012,36,Real Sociedad,58,106.0,37.9,0.17575143,Open Play,Saved,Right Foot
ef3041a2-c830-4238-9d77-41cfb3c63a6b,69316,2012-02-04,2011/2012,36,Real Sociedad,62,112.6,49.1,0.23154242,Open Play,Blocked,Left Foot
fdc97995-63b5-4619-91ee-f8baa7ce440f,69316,2012-02-04,2011/2012,36,Real Sociedad,71,114.8,32.0,0.17719804,Open Play,Goal,Left Foot
f95feb53-7b4a-4392-aef6-941f93c30404,69316,2012-02-04,2011/2012,36,Real Sociedad,80,109.3,38.1,0.17595989,Open Play,Saved,Right Foot
6bb1d3de-ff28-4e49-bef3-a595786c4f34,69336,2012-02-11,2011/2012,36,Osasuna,9,99.3,58.1,0.018483154,Open Play,Saved,Left Foot
323f605d-23c7-4b29-b63b-08a04dd48e6b,69336,2012-02-11,2011/2012,36,Osasuna,26,113.0,50.1,0.18072572,Open Play,Saved,Left Foot
6a9f8021-d42f-4a46-a32c-34fca85c4254,69336,2012-02-11,2011/2012,36,Osasuna,37,106.5,40.9,0.08715599,Open Play,Blocked,Left Foot
83615073-2925-4bdb-ac8c-b570d3754646,69336,2012-02-11,2011/2012,36,Osasuna,49,99.9,33.6,0.048726067,Open Play,Saved,Left Foot
780a4b3e-df21-481a-953e-f486459271f7,69328,2012-02-19,2011/2012,36,Valencia,4,94.4,41.7,0.06867906,Free Kick,Blocked,Left Foot
2b741c89-8582-4e61-9e9e-8ce169234d10,69328,2012-02-19,2011/2012,36,Valencia,5,114.3,52.5,0.02554396,Open Play,Blocked,Right Foot
c1685214-ece0-4956-aa93-6e7fcebdf300,69328,2012-02-19,2011/2012,36,Valencia,21,118.3,34.0,0.26694676,Open Play,Goal,Left Foot
006656a6-8b1e-4f58-8ad5-e787e15ed764,69328,2012-02-19,2011/2012,36,Valencia,25,107.8,48.6,0.10112635,Open Play,Blocked,Right Foot
ac576891-c2d5-4afb-8c85-e5b9f11ecd78,69328,2012-02-19,2011/2012,36,Valencia,26,119.0,43.9,0.6900706,Open Play,Goal,Left Foot
5bbf18d1-043c-476e-9a08-afe5c6b1bdc3,69328,2012-02-19,2011/2012,36,Valencia,31,114.4,29.5,0.11969748,Open Play,Off T,Left Foot
2a6d3204-3d0a-4fdd-a35e-4e09006eb2d6,69328,2012-02-19,2011/2012,36,Valencia,59,112.3,42.2,0.14026114,Open Play,Saved to Post,Head
58167b5a-afc0-4639-929e-3e096f9d0692,69328,2012-02-19,2011/2012,36,Valencia,60,92.7,48.5,0.05133307,Free Kick,Blocked,Left Foot
3013f519-3e93-4f47-8f6b-2bfba7ff031e,69328,2012-02-19,2011/2012,36,Valencia,75,108.9,34.5,0.067827545,Open Play,Goal,Left Foot
c6d2b90b-69ff-49a6-96dd-85c7badeba08,69328,2012-02-19,2011/2012,36,Valencia,84,105.8,38.1,0.582562,Open Play,Goal,Left Foot
403bce09-5392-4b90-ab17-91d36a57a4d2,69337,2012-02-26,2011/2012,36,Atlético Madrid,80,97.2,18.0,0.009725652,Free Kick,Goal,Left Foot
8685b009-5cfc-41fb-9fbd-c329286aaf29,69322,2012-03-11,2011/2012,36,Racing Santander,15,94.4,31.1,0.06440633,Free Kick,Saved,Left Foot
1b5afb01-3760-4e5d-aa13-b7d02527017a,69322,2012-03-11,2011/2012,36,Racing Santander,28,114.1,41.2,0.53994554,Open Play,Goal,Left Foot
9ea8379d-9fb4-4141-8342-a4fab40d0389,69322,2012-03-11,2011/2012,36,Racing Santander,41,100.5,29.4,0.03446038,Open Play,Blocked,Left Foot
551ccff5-e4eb-4f05-af64-33b5e4f61bfe,69322,2012-03-11,2011/2012,36,Racing Santander,44,99.7,37.9,0.068138875,Open Play,Blocked,Left Foot
ed5fe70a-631f-492a-ab4a-d312079f021e,69322,2012-03-11,2011/2012,36,Racing Santander,55,108.0,40.0,0.7835,Penalty,Goal,Left Foot
d04ad79d-f58f-4303-876b-cdddbbef51d9,69322,2012-03-11,2011/2012,36,Racing Santander,64,100.9,35.6,0.1376679,Open Play,Saved,Left Foot
23243c94-357e-44e4-97d2-6c474e30a478,69322,2012-03-11,2011/2012,36,Racing Santander,79,106.3,31.4,0.109121785,Open Play,Blocked,Left Foot
e732b005-5c17-41fe-8f18-f7ddbef45182,69322,2012-03-11,2011/2012,36,Racing Santander,79,109.0,31.4,0.09815107,Open Play,Blocked,Left Foot
d5c1201f-f065-4b24-97fc-41d71371ce5a,69326,2012-03-17,2011/2012,36,Sevilla,24,106.8,35.2,0.42351434,Open Play,Goal,Left Foot
4c16b8d8-7a1f-46c2-ba32-77fe18162bb2,69326,2012-03-17,2011/2012,36,Sevilla,75,91.4,53.4,0.02704379,Free Kick,Blocked,Left Foot
cdf58b10-06a5-48a6-aeae-13bdf3ac7e99,69326,2012-03-17,2011/2012,36,Sevilla,88,93.5,29.8,0.05095438,Free Kick,Off T,Left Foot
7f2dbd73-c5e1-45a4-86d6-03f97ce59e38,70225,2012-03-20,2011/2012,36,Granada,10,102.6,41.5,0.07748783,Open Play,Saved,Left Foot
0c183579-79f5-412c-8514-7b9d7a2c2851,70225,2012-03-20,2011/2012,36,Granada,16,105.1,51.4,0.08757612,Open Play,Goal,Left Foot
616837af-d392-4bb9-bb28-eb5be80bc71f,70225,2012-03-20,2011/2012,36,Granada,52,110.1,33.8,0.098805256,Open Play,Off T,Left Foot
7c554e7b-9e6e-4165-b441-278d2933524e,70225,2012-03-20,2011/2012,36,Granada,66,110.6,33.5,0.24849044,Open Play,Goal,Left Foot
fdbd7d2b-66f3-486d-97a6-39c57db27ec4,70225,2012-03-20,2011/2012,36,Granada,81,117.8,26.2,0.011094393,Open Play,Saved Off Target,Left Foot
89a19724-13e4-4230-b0a9-d09ff1e0f6c4,70225,2012-03-20,2011/2012,36,Granada,85,117.8,47.8,0.17924494,Open Play,Goal,Left Foot
692c9629-9293-4ef8-b113-4f079ac8a171,69325,2012-03-24,2011/2012,36,Mallorca,12,109.2,28.2,0.20304254,Open Play,Saved,Left Foot
7b017ff1-467d-4b11-8e66-f5ad4667b420,69325,2012-03-24,2011/2012,36,Mallorca,12,102.1,25.0,0.037946347,Open Play,Blocked,Right Foot
c1b3d28b-e637-4a31-a021-6d7d7e5de4e0,69325,2012-03-24,2011/2012,36,Mallorca,24,91.8,57.1,0.009229986,Free Kick,Goal,Left Foot
8472c79d-4622-4ebe-a6f1-432b9eeca01f,69325,2012-03-24,2011/2012,36,Mallorca,28,111.9,27.5,0.03829175,Open Play,Blocked,Left Foot
c69b01cf-5ee5-4cd7-a633-e81a09515fbc,69325,2012-03-24,2011/2012,36,Mallorca,30,85.8,34.6,0.024420386,Free Kick,Blocked,Left Foot
783a3eda-8dbb-4045-9d87-6ecf6534bc32,69325,2012-03-24,2011/2012,36,Mallorca,54,91.5,37.9,0.05183518,Free Kick,Off T,Left Foot
9ed38726-8736-4c44-b905-2de9db88afdb,69325,2012-03-24,2011/2012,36,Mallorca,58,112.1,29.7,0.121261604,Open Play,Off T,Left Foot
77b8aa25-cd0f-4e87-b685-c99bc8652447,69325,2012-03-24,2011/2012,36,Mallorca,78,104.0,33.6,0.055093292,Open Play,Post,Left Foot
8d89d42e-003e-4bb2-baf1-88251fe65630,69325,2012-03-24,2011/2012,36,Mallorca,84,101.0,41.7,0.06462471,Open Play,Blocked,Left Foot
224320c9-3733-417f-8c66-7d15e86f7e06,69323,2012-03-31,2011/2012,36,Athletic Club,14,103.7,35.8,0.0714954,Open Play,Blocked,Left Foot
d9d1e60b-14f6-4e0a-aa68-3cf8bf670328,69323,2012-03-31,2011/2012,36,Athletic Club,24,85.7,45.7,0.022008102,Free Kick,Saved,Left Foot
b51a6022-94db-4c76-8612-bae115b48c83,69323,2012-03-31,2011/2012,36,Athletic Club,41,103.5,30.6,0.04700032,Open Play,Saved,Left Foot
1dfe1b09-06fc-441d-8bc0-48dc5725aa56,69323,2012-03-31,2011/2012,36,Athletic Club,49,105.2,34.3,0.08063659,Open Play,Blocked,Left Foot
0ebdb4a1-0c69-44e3-a77f-1b98089a73fd,69323,2012-03-31,2011/2012,36,Athletic Club,57,108.1,40.2,0.7835,Penalty,Goal,Left Foot
4cf015b2-509d-4429-8a92-e686fc3a1914,69323,2012-03-31,2011/2012,36,Athletic Club,73,97.1,38.9,0.044700842,Open Play,Saved,Left Foot
a25e53ef-3a62-4e2a-beca-4a15cdfd24f0,70219,2012-04-07,2011/2012,36,Real Zaragoza,17,108.6,48.5,0.112730116,Open Play,Blocked,Left Foot
313bb1c7-7db6-449b-b1c9-d5ab91af9474,70219,2012-04-07,2011/2012,36,Real Zaragoza,20,76.3,54.9,0.00569071,Free Kick,Saved,Left Foot
76f93e07-837b-4c77-9d75-e3b502fe1fd9,70219,2012-04-07,2011/2012,36,Real Zaragoza,38,109.6,30.1,0.11290507,Open Play,Goal,Left Foot
b6abbdaa-c4be-480b-8962-4d142e66a64e,70219,2012-04-07,2011/2012,36,Real Zaragoza,57,91.2,33.7,0.035993554,Free Kick,Blocked,Left Foot
45529bad-7df0-4cc9-932d-1a6c90b09562,70219,2012-04-07,2011/2012,36,Real Zaragoza,80,111.1,41.2,0.38517827,Open Play,Off T,Left Foot
15ccef1d-4322-4622-98f4-758ebd64e645,70219,2012-04-07,2011/2012,36,Real Zaragoza,85,108.0,40.0,0.7835,Penalty,Goal,Left Foot
b646b6e7-a5e4-4c6a-8b69-0ca1d2a88cf3,70219,2012-04-07,2011/2012,36,Real Zaragoza,88,107.2,35.3,0.10369597,Open Play,Blocked,Left Foot
b7f9f9a5-9f37-410e-a462-1738c43282af,69343,2012-04-10,2011/2012,36,Getafe,16,114.9,43.4,0.6887538,Open Play,Off T,Head
e6975bf0-41d0-4f55-9ea2-40d4a08dc3f1,69343,2012-04-10,2011/2012,36,Getafe,24,107.4,41.7,0.17506313,Open Play,Off T,Left Foot
bc486be2-30fd-4446-a27f-80a14c8406d3,69343,2012-04-10,2011/2012,36,Getafe,43,103.9,36.2,0.22119379,Open Play,Goal,Left Foot
61292d77-7c81-4890-8e5c-41412d1ef8e4,69343,2012-04-10,2011/2012,36,Getafe,78,108.8,41.6,0.199647,Open Play,Off T,Left Foot
305b7165-a25a-4ad5-a7f2-31980b4eb4e1,69343,2012-04-10,2011/2012,36,Getafe,85,115.5,51.2,0.060735893,Open Play,Saved,Right Foot
577b55da-be1f-40c7-9872-72992bb235fd,70221,2012-04-14,2011/2012,36,Levante UD,8,111.8,38.0,0.2573991,Open Play,Wayward,Head
2dd54619-d8bf-4c5e-a93f-6529c3aacd45,70221,2012-04-14,2011/2012,36,Levante UD,8,114.1,30.9,0.06604153,Open Play,Off T,Left Foot
aae52a7f-861c-4c87-9333-20d1e26f282d,70221,2012-04-14,2011/2012,36,Levante UD,27,86.3,33.3,0.02658139,Free Kick,Blocked,Left Foot
4050eeb9-73bd-4f15-afaa-bec1058a00e9,70221,2012-04-14,2011/2012,36,Levante UD,60,108.0,30.5,0.03748272,Open Play,Blocked,Left Foot
35bf3a31-1294-409d-835e-03b343ee3abf,70221,2012-04-14,2011/2012,36,Levante UD,63,102.1,37.1,0.093685366,Open Play,Goal,Left Foot
3c9cb4cb-3509-42ea-9bef-f401d749630b,70221,2012-04-14,2011/2012,36,Levante UD,68,96.8,39.9,0.087020144,Free Kick,Off T,Left Foot
2f24304f-ba4e-4dae-9819-2120bef558c1,70221,2012-04-14,2011/2012,36,Levante UD,71,108.0,40.0,0.7835,Penalty,Goal,Left Foot
96168512-2c0c-4d00-a7d0-e6f5e6390b92,69324,2012-04-21,2011/2012,36,Real Madrid,58,98.3,44.1,0.052641302,Open Play,Blocked,Left Foot
9dcd3784-89fd-49d7-bace-19b7ad46774a,70224,2012-04-29,2011/2012,36,Rayo Vallecano,15,115.5,37.2,0.6221316,Open Play,Goal,Left Foot
31912868-1968-4c2d-b435-0929706cc72e,70224,2012-04-29,2011/2012,36,Rayo Vallecano,20,90.7,33.7,0.041165918,Free Kick,Blocked,Left Foot
26e39720-a933-46f6-a41c-2e281dcfe736,70224,2012-04-29,2011/2012,36,Rayo Vallecano,44,119.0,48.4,0.022866553,Open Play,Saved,Right Foot
81db9ba1-e930-4e4d-ae19-f9a2ea38b50a,70224,2012-04-29,2011/2012,36,Rayo Vallecano,44,100.5,51.0,0.029854288,Open Play,Off T,Left Foot
9c80318e-ed25-4068-8dd9-594327e431f8,70224,2012-04-29,2011/2012,36,Rayo Vallecano,46,113.6,34.8,0.25496086,Open Play,Post,Left Foot
79d5095b-9d7f-474f-a156-2a42c608d6d8,70224,2012-04-29,2011/2012,36,Rayo Vallecano,55,94.0,58.0,0.009065946,Free Kick,Blocked,Left Foot
5d533813-6856-431c-aaed-8deca768e0c3,70224,2012-04-29,2011/2012,36,Rayo Vallecano,88,103.9,34.5,0.07042983,Open Play,Goal,Left Foot
4f3a27e3-d10d-49ea-887f-faeffa1e4c63,69340,2012-05-02,2011/2012,36,Málaga,34,108.0,40.0,0.7835,Penalty,Goal,Left Foot
0a920847-b087-4de7-aa45-4ad7fe715880,69340,2012-05-02,2011/2012,36,Málaga,51,98.1,51.8,0.028737662,Open Play,Blocked,Left Foot
5d48d978-5df7-4db7-802f-3077c2053535,69340,2012-05-02,2011/2012,36,Málaga,56,87.3,54.8,0.007999577,Free Kick,Blocked,Left Foot
d21b7eeb-e20e-4424-b7dd-2b469cedc7c1,69340,2012-05-02,2011/2012,36,Málaga,58,108.1,40.1,0.7835,Penalty,Goal,Left Foot
d3b73047-3292-48ea-93d1-f854e221a4d6,69340,2012-05-02,2011/2012,36,Málaga,63,112.1,41.8,0.9847111,Open Play,Goal,Left Foot
ee5a39a7-c6a8-4c4c-a78d-627e95862edb,69340,2012-05-02,2011/2012,36,Málaga,83,113.6,31.8,0.054231457,Open Play,Off T,Head
5bceb58d-40e4-4a5d-afb2-0efe30b7c426,69320,2012-05-05,2011/2012,36,Espanyol,11,93.2,46.0,0.057182632,Free Kick,Goal,Left Foot
a22809ea-dab6-4db2-8c40-c8645439dd4e,69320,2012-05-05,2011/2012,36,Espanyol,45,95.2,22.2,0.012479394,Free Kick,Off T,Left Foot
a888cd86-b0bd-442d-87b1-9ee9a5ed728e,69320,2012-05-05,2011/2012,36,Espanyol,63,108.1,40.1,0.7835,Penalty,Goal,Left Foot
94fb96bc-e49c-43d0-a2e3-7de159cb771b,69320,2012-05-05,2011/2012,36,Espanyol,73,111.3,25.3,0.06308532,Open Play,Goal,Left Foot
430ac2a9-1135-4525-8a29-fa212daef93b,69320,2012-05-05,2011/2012,36,Espanyol,78,108.2,40.0,0.7835,Penalty,Goal,Left Foot
0bbde355-fff3-4905-a6c1-ced0238c96ef,69320,2012-05-05,2011/2012,36,Espanyol,87,104.6,49.5,0.29808435,Open Play,Off T,Left Foot
db3edccb-6dfa-4824-b2b6-cd6939e7aa03,69319,2012-05-12,2011/2012,36,Real Betis,17,98.6,58.1,0.016085055,Open Play,Off T,Left Foot
5a16672d-ea51-46cd-b490-559a54ae14c1,69319,2012-05-12,2011/2012,36,Real Betis,36,106.5,27.4,0.046107616,Open Play,Blocked,Left Foot
80cb4052-cdd0-4a2a-aaa7-5fd88d2e9897,69319,2012-05-12,2011/2012,36,Real Betis,90,89.9,44.6,0.04361063,Free Kick,Post,Left Foot
c0831dfe-b3e2-4461-abad-bfef78529093,70259,2012-08-19,2012/2013,1001722,Real Sociedad,10,104.4,43.9,0.079139665,Open Play,Goal,Left Foot
7cff1346-f3ba-445c-9293-564761ca09f7,70259,2012-08-19,2012/2013,1001722,Real Sociedad,15,102.0,35.4,0.045743115,Open Play,Blocked,Right Foot
068f6d86-99c8-490c-ab6b-d02261b7de60,70259,2012-08-19,2012/2013,1001722,Real Sociedad,15,111.1,34.1,0.1191255,Open Play,Goal,Left Foot
af70110b-9fe7-488e-9e9b-404a91715075,70259,2012-08-19,2012/2013,1001722,Real Sociedad,16,105.6,40.4,0.103077754,Open Play,Off T,Head
ce536cd9-d57f-409b-a1dc-13c5c59fb185,70259,2012-08-19,2012/2013,1001722,Real Sociedad,35,108.8,30.9,0.08166944,Open Play,Saved,Left Foot
0e31f1d3-d43c-4ce9-832f-6cdb8fe62e50,70259,2012-08-19,2012/2013,1001722,Real Sociedad,51,108.7,30.5,0.09949608,Open Play,Off T,Left Foot
0371c4fd-c1a1-49b5-a70c-319cbf76a981,70259,2012-08-19,2012/2013,1001722,Real Sociedad,68,92.2,33.7,0.05639885,Free Kick,Blocked,Left Foot
d6da08cb-435c-4af7-902f-a4995210e277,70259,2012-08-19,2012/2013,1001722,Real Sociedad,81,102.2,38.6,0.11160245,Open Play,Saved,Left Foot
e1a9fdc0-8a72-41e9-9233-beeb1161db1b,70262,2012-08-26,2012/2013,1001722,Osasuna,34,87.0,43.3,0.027295055,Free Kick,Saved,Left Foot
2866061e-c46c-430e-89d9-ce7bb6fe4836,70262,2012-08-26,2012/2013,1001722,Osasuna,36,116.8,29.2,0.049367737,Open Play,Saved,Left Foot
85a4eaa4-03e2-4ecc-bba4-183924e76046,70262,2012-08-26,2012/2013,1001722,Osasuna,43,89.3,48.9,0.022888191,Open Play,Saved,Left Foot
c2dd0fda-9067-4d33-a902-e0ac8d6aed70,70262,2012-08-26,2012/2013,1001722,Osasuna,58,100.7,35.1,0.07913254,Open Play,Saved,Right Foot
bafe36bb-9bb3-42e7-9ad1-636a55ae3782,70262,2012-08-26,2012/2013,1001722,Osasuna,74,113.0,41.7,0.495601,Open Play,Goal,Left Foot
a16a937b-80c8-4fdc-a9f4-b4b8a48ad495,70262,2012-08-26,2012/2013,1001722,Osasuna,79,104.4,42.2,0.1028128,Open Play,Goal,Left Foot
cf12db99-9003-4102-8091-2bd210fc3a55,70262,2012-08-26,2012/2013,1001722,Osasuna,88,97.6,26.2,0.023690827,Open Play,Blocked,Left Foot
17d59924-79d5-4efc-8144-7ff541a0fdfc,70286,2012-09-02,2012/2013,1001722,Valencia,15,108.6,38.8,0.09935663,Open Play,Off T,Head
e7ed4b22-a4a1-41d7-adc6-fc47dbe90da3,70286,2012-09-02,2012/2013,1001722,Valencia,18,109.4,36.6,0.08353965,Open Play,Saved,Head
c1206831-b437-4388-8e26-e3429092fd46,70286,2012-09-02,2012/2013,1001722,Valencia,21,94.1,44.3,0.03230332,Open Play,Blocked,Left Foot
9055b47e-4ae6-4a4b-b871-87bec28a77e4,70286,2012-09-02,2012/2013,1001722,Valencia,46,116.0,51.3,0.027923081,Open Play,Blocked,Right Foot
ba58512f-37cd-478a-bd46-82a0f68fd216,70286,2012-09-02,2012/2013,1001722,Valencia,81,96.7,37.5,0.08679021,Free Kick,Blocked,Left Foot
519d78b4-f2ef-4a53-9c08-2fe4d6a637de,70286,2012-09-02,2012/2013,1001722,Valencia,83,102.6,41.3,0.09833991,Open Play,Blocked,Left Foot
288dc3f9-ea9d-4c2d-82dc-97db1565d6d6,70292,2012-09-15,2012/2013,1001722,Getafe,73,108.2,40.1,0.7835,Penalty,Goal,Left Foot
2f33d393-506d-4da2-adff-f0a462132636,70292,2012-09-15,2012/2013,1001722,Getafe,77,115.1,40.4,0.7106737,Open Play,Goal,Left Foot
470f4adc-38e3-41f2-99d0-f118f8f5647e,70270,2012-09-22,2012/2013,1001722,Granada,5,112.2,28.4,0.051418465,Open Play,Blocked,Left Foot
e853a34e-02c7-4361-82ee-112c50b71c74,70270,2012-09-22,2012/2013,1001722,Granada,35,109.9,29.2,0.064381994,Open Play,Blocked,Left Foot
f0504a3d-24ae-4dd1-8d35-f2e57fcfc919,70270,2012-09-22,2012/2013,1001722,Granada,38,105.2,26.8,0.041646324,Open Play,Blocked,Left Foot
487aac54-3f90-4a6c-bd53-873d2ee42193,70270,2012-09-22,2012/2013,1001722,Granada,64,108.2,46.6,0.22243157,Open Play,Saved,Left Foot
95dda2f3-b696-4af5-b204-b4e173793f17,70270,2012-09-22,2012/2013,1001722,Granada,84,105.9,44.0,0.06027521,Open Play,Saved,Left Foot
6070187e-91b4-4e96-b6b4-663c2ee4d639,70270,2012-09-22,2012/2013,1001722,Granada,90,108.6,31.0,0.21330543,Open Play,Saved to Post,Left Foot
7c917d92-2dd2-4210-aa42-237acb3e161c,70275,2012-09-29,2012/2013,1001722,Sevilla,12,107.5,30.5,0.09595823,Open Play,Saved,Left Foot
9775a9b9-7a20-4e9c-89eb-481ef0c18e37,70275,2012-09-29,2012/2013,1001722,Sevilla,27,111.7,41.6,0.15854979,Open Play,Blocked,Left Foot
04b49d31-9ce7-4b19-8d67-3bc008377a05,70275,2012-09-29,2012/2013,1001722,Sevilla,55,96.8,46.8,0.046473145,Open Play,Blocked,Left Foot
5d42a632-c0ae-4b50-81f0-1dde060f8168,70275,2012-09-29,2012/2013,1001722,Sevilla,60,86.8,46.3,0.023659658,Free Kick,Saved,Left Foot
0e219801-f48b-427d-b893-e015b428351a,70275,2012-09-29,2012/2013,1001722,Sevilla,73,99.7,27.3,0.06640062,Free Kick,Blocked,Left Foot
9acdae4c-a591-4629-9c4b-6875b660908f,70300,2012-10-07,2012/2013,1001722,Real Madrid,30,114.3,40.4,0.5900462,Open Play,Goal,Left Foot
237751d6-fbcd-406b-8e9c-93dfe6a86d26,70300,2012-10-07,2012/2013,1001722,Real Madrid,60,93.3,45.9,0.058905866,Free Kick,Goal,Left Foot
8b77efdb-0674-48b0-9ee5-806628d4a7be,70300,2012-10-07,2012/2013,1001722,Real Madrid,69,108.3,28.6,0.09110656,Open Play,Off T,Left Foot
1b6b6e2d-6da3-4c90-896d-1429e966fc9d,70300,2012-10-07,2012/2013,1001722,Real Madrid,75,97.0,54.5,0.045839425,Free Kick,Off T,Left Foot
de18732a-5266-4914-a9d2-991c0cf37040,70304,2012-10-20,2012/2013,1001722,RC Deportivo La Coruña,17,99.3,36.9,0.1336045,Open Play,Goal,Left Foot
be0aabd1-1173-4eaf-9fc5-23ea79277cbb,70304,2012-10-20,2012/2013,1001722,RC Deportivo La Coruña,24,114.2,31.0,0.19504578,Open Play,Saved,Left Foot
b8f0ea95-6203-4057-8429-b08326f5e7ff,70304,2012-10-20,2012/2013,1001722,RC Deportivo La Coruña,42,107.5,51.5,0.1027785,Open Play,Goal,Right Foot
580d9ac6-3118-4111-a184-7d9649e24c4f,70304,2012-10-20,2012/2013,1001722,RC Deportivo La Coruña,52,94.3,49.6,0.062152702,Free Kick,Post,Left Foot
d5404153-1075-49a7-98c8-41e45c08cb57,70304,2012-10-20,2012/2013,1001722,RC Deportivo La Coruña,76,104.9,26.7,0.058914617,Open Play,Goal,Left Foot
42f519b1-bd24-47b0-b59e-3157a4a714e9,70276,2012-10-27,2012/2013,1001722,Rayo Vallecano,19,106.5,24.8,0.060336683,Open Play,Off T,Left Foot
be0fd638-2fcc-4716-837c-0fec35c31d56,70276,2012-10-27,2012/2013,1001722,Rayo Vallecano,33,104.8,62.9,0.0076271626,Free Kick,Off T,Left Foot
3f61cee5-5578-452b-8604-f2857df72e1c,70276,2012-10-27,2012/2013,1001722,Rayo Vallecano,47,105.2,39.8,0.08127289,Open Play,Goal,Left Foot
f53f7112-6532-456a-911c-1d3ddb1a2141,70276,2012-10-27,2012/2013,1001722,Rayo Vallecano,63,104.3,29.4,0.18687177,Open Play,Off T,Left Foot
b3a71b04-5463-4ef1-acd8-c1ad8b432111,70276,2012-10-27,2012/2013,1001722,Rayo Vallecano,70,87.9,31.1,0.025322212,Free Kick,Saved,Left Foot
9882d017-7494-4bcb-9f8a-733802afdfc3,70276,2012-10-27,2012/2013,1001722,Rayo Vallecano,84,100.2,37.7,0.13353394,Open Play,Off T,Left Foot
633d4484-4ae5-4a33-9440-2cd043bc7828,70276,2012-10-27,2012/2013,1001722,Rayo Vallecano,88,115.7,50.6,0.419632,Open Play,Goal,Right Foot
ea33730c-e21f-4ca0-952e-4ac35b1314d6,70308,2012-11-03,2012/2013,1001722,Celta Vigo,10,106.6,38.7,0.24306673,Open Play,Wayward,Left Foot
37c5b747-0f25-4b31-bf22-27211919e9e9,70308,2012-11-03,2012/2013,1001722,Celta Vigo,14,110.3,27.0,0.08274284,Open Play,Saved,Left Foot
0e9616eb-94ec-4a13-a75e-2ffda89ceed2,70308,2012-11-03,2012/2013,1001722,Celta Vigo,18,110.4,51.0,0.07945375,Open Play,Saved,Left Foot
da24efed-cbc6-4597-ae47-b0950a9fb20c,70308,2012-11-03,2012/2013,1001722,Celta Vigo,49,89.4,42.8,0.03449269,Free Kick,Off T,Left Foot
608a66bf-2aee-45b4-8b3b-955c15615127,70308,2012-11-03,2012/2013,1001722,Celta Vigo,69,99.9,44.5,0.045228645,Open Play,Blocked,Left Foot
4dfff862-2822-4bfd-a57f-a31d647b9080,266724,2012-11-11,2012/2013,1001722,Mallorca,43,96.4,39.7,0.05530537,Open Play,Goal,Left Foot
c842c53f-4cca-40ac-8b95-ffbe3e57fbfc,266724,2012-11-11,2012/2013,1001722,Mallorca,56,95.1,48.8,0.06264175,Free Kick,Off T,Left Foot
0aac36bc-6687-457c-908e-4701bc4ce95a,266724,2012-11-11,2012/2013,1001722,Mallorca,69,103.9,33.5,0.09702,Open Play,Goal,Left Foot
6e7aa885-f952-4979-a96d-a90b68b1c71e,266724,2012-11-11,2012/2013,1001722,Mallorca,87,104.6,36.4,0.08354393,Open Play,Saved Off Target,Left Foot
fe367cd3-abfd-42f6-8cdb-cf2197bbce7e,70309,2012-11-17,2012/2013,1001722,Real Zaragoza,1,106.3,40.0,0.1383548,Open Play,Off T,Left Foot
a47a9f43-2f7d-47e7-8691-0052121d0a79,70309,2012-11-17,2012/2013,1001722,Real Zaragoza,15,104.8,36.5,0.32664096,Open Play,Goal,Left Foot
8bae45a7-8b29-4aa1-bd66-c301a927f558,70309,2012-11-17,2012/2013,1001722,Real Zaragoza,59,99.3,47.2,0.040221043,Open Play,Goal,Left Foot
7647f37a-b4c1-4481-9ca0-690045f11b32,70280,2012-11-25,2012/2013,1001722,Levante UD,21,94.8,41.1,0.027116265,Open Play,Off T,Left Foot
87a74027-abee-4e5b-a86d-27aa675bef5d,70280,2012-11-25,2012/2013,1001722,Levante UD,38,99.4,53.1,0.032328613,Open Play,Blocked,Left Foot
4b47628f-690f-46c8-a916-5249b7edd556,70280,2012-11-25,2012/2013,1001722,Levante UD,46,105.8,29.2,0.13148679,Open Play,Goal,Left Foot
cd196acf-1386-4726-8a37-9b8270888c77,70280,2012-11-25,2012/2013,1001722,Levante UD,51,112.8,34.5,0.10991284,Open Play,Goal,Left Foot
4099f744-0182-4928-afd0-32fdebbcdc35,70280,2012-11-25,2012/2013,1001722,Levante UD,90,94.5,50.2,0.021377062,Open Play,Saved,Left Foot
208c42b6-d155-4a86-a613-0e1d21addfc4,70263,2012-12-01,2012/2013,1001722,Athletic Club,24,111.6,36.3,0.41943258,Open Play,Goal,Left Foot
d3d9abb0-4811-4318-ab0d-886ab5a0e8f3,70263,2012-12-01,2012/2013,1001722,Athletic Club,35,93.0,35.6,0.056801297,Free Kick,Off T,Left Foot
27ed93d6-ee83-477d-b984-d8192a63258e,70263,2012-12-01,2012/2013,1001722,Athletic Club,53,103.8,46.1,0.07778664,Open Play,Saved,Left Foot
c840d6de-3c4f-4600-b948-9cc0c6b00637,70263,2012-12-01,2012/2013,1001722,Athletic Club,69,107.3,31.9,0.0994071,Open Play,Goal,Right Foot
fc9f787c-b3ad-4452-8947-45f0c5d8a255,70263,2012-12-01,2012/2013,1001722,Athletic Club,90,108.2,39.0,0.26698005,Open Play,Off T,Head
a3ace7fe-8cbe-4bd7-b1a4-55a68bff9644,70295,2012-12-09,2012/2013,1001722,Real Betis,15,105.8,33.2,0.2714804,Open Play,Goal,Left Foot
4ec384cf-5136-470f-8bcc-e14a8afe0553,70295,2012-12-09,2012/2013,1001722,Real Betis,24,104.8,31.5,0.071731985,Open Play,Goal,Left Foot
f858061e-d5a8-4ca4-9b14-fbc62f331acd,70295,2012-12-09,2012/2013,1001722,Real Betis,43,100.4,44.0,0.0395646,Open Play,Blocked,Left Foot
c36721f2-44d3-4d2c-ab78-8aaae31acb82,70295,2012-12-09,2012/2013,1001722,Real Betis,82,108.1,35.1,0.083965614,Open Play,Saved to Post,Left Foot
0f5412c9-c12e-4a49-a4d9-d7afbb0e815b,70296,2012-12-16,2012/2013,1001722,Atlético Madrid,22,90.9,33.2,0.038303446,Free Kick,Blocked,Left Foot
d6d8eed6-40e1-4261-84aa-64c3e1e1c786,70296,2012-12-16,2012/2013,1001722,Atlético Madrid,28,95.5,36.5,0.036579456,Open Play,Off T,Left Foot
58a45124-dd55-40b8-8ca2-da6a89371342,70296,2012-12-16,2012/2013,1001722,Atlético Madrid,56,98.4,35.2,0.05622215,Open Play,Goal,Left Foot
f5879ac5-2e39-44e1-9cdd-0f8f2ee0d3f1,70296,2012-12-16,2012/2013,1001722,Atlético Madrid,87,110.9,45.1,0.45851114,Open Play,Goal,Left Foot
0a7d9d6a-454f-4b64-a434-92fbe798d16c,266015,2012-12-22,2012/2013,1001722,Real Valladolid,10,91.9,53.6,0.031864334,Free Kick,Saved,Left Foot
6df89abc-a360-4180-a731-ae086a9c168e,266015,2012-12-22,2012/2013,1001722,Real Valladolid,10,96.8,58.5,0.008886958,Open Play,Blocked,Left Foot
477745df-1cd8-4525-9f0e-24ea981fc025,266015,2012-12-22,2012/2013,1001722,Real Valladolid,33,110.9,34.1,0.0687262,Open Play,Saved,Head
74afddb2-2915-4450-b662-e406a8a8d4a4,266015,2012-12-22,2012/2013,1001722,Real Valladolid,35,100.4,29.8,0.07444903,Free Kick,Post,Left Foot
bd2996b6-36c2-41ad-9f1f-09392e522e60,266015,2012-12-22,2012/2013,1001722,Real Valladolid,58,109.7,47.0,0.17816395,Open Play,Off T,Right Foot
533f51ea-2e5e-4ebd-b08c-62ac2187f34c,266015,2012-12-22,2012/2013,1001722,Real Valladolid,58,103.3,31.9,0.07052952,Open Play,Goal,Left Foot
fb89126f-265f-45b1-ab7e-dc8884927b07,266015,2012-12-22,2012/2013,1001722,Real Valladolid,71,97.2,41.9,0.07637419,Open Play,Off T,Left Foot
f3cec133-34bc-40fb-93ad-5c250141539a,266433,2013-01-06,2012/2013,1001722,Espanyol,14,114.6,31.7,0.049507238,Open Play,Wayward,Left Foot
dadbf966-df68-40e6-b546-983fb0916c7f,266433,2013-01-06,2012/2013,1001722,Espanyol,28,108.1,39.9,0.7835,Penalty,Goal,Left Foot
ad7e91af-580a-4e70-9b84-0c2ab8a299f1,266433,2013-01-06,2012/2013,1001722,Espanyol,80,89.7,48.5,0.032659505,Free Kick,Post,Left Foot
b6fed704-bd95-4173-aa70-b7a7e51da953,266433,2013-01-06,2012/2013,1001722,Espanyol,85,86.6,38.6,0.022047536,Free Kick,Off T,Left Foot
25201709-c4b9-4fc4-86f9-e3bb2a20417b,266433,2013-01-06,2012/2013,1001722,Espanyol,90,106.0,26.7,0.055685688,Open Play,Saved,Left Foot
7e233d33-b894-47c7-b0bd-59bf70cc6815,266827,2013-01-13,2012/2013,1001722,Málaga,26,104.8,28.1,0.498386,Open Play,Goal,Right Foot
0363af6e-5a78-41f2-88cf-3158bd5725d4,266827,2013-01-13,2012/2013,1001722,Málaga,30,100.1,37.0,0.07556472,Open Play,Blocked,Left Foot
eee756cf-0514-4d4b-ab54-89f8366d5a15,266827,2013-01-13,2012/2013,1001722,Málaga,60,103.0,40.4,0.09650336,Open Play,Blocked,Left Foot
b8a50ee8-0365-400c-86b4-5ad4cb2d5205,70287,2013-01-19,2012/2013,1001722,Real Sociedad,4,110.2,30.0,0.1969648,Open Play,Off T,Left Foot
4be65f1e-e94e-4207-a9d2-267274b95acf,70287,2013-01-19,2012/2013,1001722,Real Sociedad,6,102.0,41.5,0.08866759,Open Play,Goal,Left Foot
2c10a674-8ebc-4d91-806a-a63296a7e35f,70287,2013-01-19,2012/2013,1001722,Real Sociedad,38,95.5,29.7,0.09265853,Open Play,Post,Left Foot
8a135f82-9e31-48d5-b646-342837136ad1,70287,2013-01-19,2012/2013,1001722,Real Sociedad,43,107.5,25.4,0.05409952,Open Play,Saved,Left Foot
86763a88-c1c8-4868-95a0-3bfe32131d33,70287,2013-01-19,2012/2013,1001722,Real Sociedad,71,91.0,22.2,0.007734602,Free Kick,Off T,Left Foot
3eb4da6e-e6aa-49a5-98e5-a64988047d68,70260,2013-01-27,2012/2013,1001722,Osasuna,10,117.2,44.6,0.5031542,Open Play,Goal,Right Foot
6648cdb0-47e9-4445-aa42-655953ebb4cf,70260,2013-01-27,2012/2013,1001722,Osasuna,27,108.2,40.2,0.7835,Penalty,Goal,Left Foot
1048751b-824e-43a9-b2c8-47ed120dd61a,70260,2013-01-27,2012/2013,1001722,Osasuna,30,105.4,51.2,0.057339743,Open Play,Blocked,Left Foot
7d20e39f-3a85-4582-b6e4-b6a751a595e7,70260,2013-01-27,2012/2013,1001722,Osasuna,37,111.4,34.7,0.07164306,Open Play,Post,Head
54c22f06-051e-47f7-95dc-ac849f5eca74,70260,2013-01-27,2012/2013,1001722,Osasuna,55,112.1,28.3,0.25892705,Open Play,Goal,Left Foot
d12869e4-322c-4b97-a27b-599ad262e701,70260,2013-01-27,2012/2013,1001722,Osasuna,57,113.6,38.2,0.31130436,Open Play,Goal,Left Foot
52cef433-a28e-41c5-9413-5be7f2efcf6d,70260,2013-01-27,2012/2013,1001722,Osasuna,77,105.3,39.2,0.06184872,Open Play,Blocked,Left Foot
ce3166ef-5c42-4881-99fb-4a5833d38cce,70282,2013-02-03,2012/2013,1001722,Valencia,38,108.1,40.1,0.7835,Penalty,Goal,Left Foot
783df32f-ead3-45b6-9b7a-141a6e3f0bb0,70282,2013-02-03,2012/2013,1001722,Valencia,49,108.0,30.7,0.05635282,Open Play,Blocked,Right Foot
3855d395-576f-449a-bb11-421a3861e54a,70282,2013-02-03,2012/2013,1001722,Valencia,57,90.6,39.3,0.022443146,Open Play,Off T,Left Foot
2ffb2839-e52a-495f-9c27-c2075f034053,70282,2013-02-03,2012/2013,1001722,Valencia,78,82.0,39.8,0.0059459344,Free Kick,Blocked,Left Foot
355f7a3a-c92d-445c-957d-12cdd5e7b075,70282,2013-02-03,2012/2013,1001722,Valencia,90,99.4,28.6,0.040104333,Open Play,Blocked,Left Foot
563e93e9-17a1-44e9-a0bc-efc13d798370,70297,2013-02-10,2012/2013,1001722,Getafe,7,111.8,41.5,0.35296798,Open Play,Off T,Head
74dbaf17-296f-494c-ad18-82176c17d01b,70297,2013-02-10,2012/2013,1001722,Getafe,12,112.1,33.2,0.10442012,Open Play,Goal,Left Foot
901bdcc3-2932-4213-a0ad-87ae32dd2b4b,70297,2013-02-10,2012/2013,1001722,Getafe,30,111.1,37.5,0.23155457,Open Play,Post,Left Foot
46c367ce-61e4-4e80-9f90-d3a3f9f3eaf8,70297,2013-02-10,2012/2013,1001722,Getafe,36,111.2,36.1,0.18790196,Open Play,Off T,Head
a1085ac1-8e60-4b0d-ad3a-092178879743,70297,2013-02-10,2012/2013,1001722,Getafe,56,115.3,33.3,0.19301099,Open Play,Blocked,Left Foot
c8e06b6c-2b9f-4ef5-9834-b0c59687dccb,70297,2013-02-10,2012/2013,1001722,Getafe,62,99.7,46.6,0.06749114,Open Play,Saved,Left Foot
67f39913-9987-497b-b5f1-2d51c6ea3e5b,70297,2013-02-10,2012/2013,1001722,Getafe,88,109.1,38.3,0.079535455,Open Play,Off T,Head
878a4c9c-4d61-423f-b48d-a12c229168c4,70294,2013-02-16,2012/2013,1001722,Granada,35,91.7,34.5,0.052480463,Free Kick,Saved,Left Foot
12287e36-b4fb-4fd2-aa8f-3cdb384db356,70294,2013-02-16,2012/2013,1001722,Granada,37,113.5,46.3,0.2643163,Open Play,Saved,Right Foot
83c8be3c-c447-4c4f-9da7-43a455aefba2,70294,2013-02-16,2012/2013,1001722,Granada,41,114.1,45.3,0.13328063,Open Play,Off T,Left Foot
8e10bdd8-335b-43ef-b414-358a173d13e6,70294,2013-02-16,2012/2013,1001722,Granada,49,112.5,36.6,0.5249159,Open Play,Goal,Right Foot
73007820-031d-4983-b8c3-fe28a4f78b1a,70294,2013-02-16,2012/2013,1001722,Granada,72,93.3,35.0,0.06192048,Free Kick,Goal,Left Foot
b8f5d759-de12-4c4e-b9e0-02c54df7f772,70294,2013-02-16,2012/2013,1001722,Granada,83,103.9,48.0,0.043369733,Open Play,Off T,Left Foot
d5546acf-6f9b-4779-ab0d-790e068b2182,70294,2013-02-16,2012/2013,1001722,Granada,92,107.4,49.2,0.2854799,Open Play,Saved,Right Foot
a68f63fb-2f67-41fb-a395-85c6f384e202,70271,2013-02-23,2012/2013,1001722,Sevilla,16,96.2,43.3,0.08399197,Free Kick,Blocked,Left Foot
a38b7379-e07c-4b55-a721-eeb1fa78dcda,70271,2013-02-23,2012/2013,1001722,Sevilla,21,112.4,50.5,0.09481402,Open Play,Saved,Right Foot
0c5f61bd-6c60-48d0-8eab-073417f0d950,70271,2013-02-23,2012/2013,1001722,Sevilla,28,94.5,42.7,0.07533403,Free Kick,Off T,Left Foot
409457b7-f511-4c9f-9e69-b4eca8d448c7,70271,2013-02-23,2012/2013,1001722,Sevilla,34,96.2,48.9,0.06263957,Free Kick,Off T,Left Foot
7b1503fe-7233-4a01-9d4e-a60beb56b4b7,70271,2013-02-23,2012/2013,1001722,Sevilla,59,110.9,37.6,0.09493487,Open Play,Goal,Left Foot
66c1ce27-eb84-410c-b121-483578e5bf12,70271,2013-02-23,2012/2013,1001722,Sevilla,65,93.3,42.8,0.030892916,Open Play,Off T,Left Foot
40ad8415-b80b-4c56-b323-e230163c2b74,70271,2013-02-23,2012/2013,1001722,Sevilla,84,98.4,37.9,0.043700784,Open Play,Off T,Left Foot
d93eb97a-4bc6-4b38-864e-bdf2cd6f58f7,70272,2013-03-02,2012/2013,1001722,Real Madrid,17,109.6,50.2,0.11964689,Open Play,Goal,Left Foot
fc8ef513-39a1-46cc-a991-c9d800c9389c,70272,2013-03-02,2012/2013,1001722,Real Madrid,31,102.5,35.2,0.125402,Open Play,Saved,Right Foot
475349fa-4c46-4a93-955c-367ea2790957,70305,2013-03-09,2012/2013,1001722,RC Deportivo La Coruña,87,112.0,43.0,0.32130447,Open Play,Goal,Left Foot
f35e07b8-3b2a-4727-b93d-7815475a89b2,70307,2013-03-17,2012/2013,1001722,Rayo Vallecano,7,92.8,40.9,0.0628339,Free Kick,Post,Left Foot
8d05ea1f-c007-4fe0-ba37-52930c06a0d7,70307,2013-03-17,2012/2013,1001722,Rayo Vallecano,39,107.6,28.2,0.11749597,Open Play,Goal,Left Foot
359f56d6-967e-47ab-b1c5-c4dfdb6bf7b1,70307,2013-03-17,2012/2013,1001722,Rayo Vallecano,56,106.8,31.0,0.2982132,Open Play,Goal,Left Foot
e2503102-282a-48e5-8f16-5d2edd8bcb86,70307,2013-03-17,2012/2013,1001722,Rayo Vallecano,67,107.9,27.8,0.06356098,Open Play,Blocked,Left Foot
3fa73b81-d4b8-4968-ada8-ecce345d20a7,70307,2013-03-17,2012/2013,1001722,Rayo Vallecano,71,107.9,30.5,0.082885,Open Play,Saved,Left Foot
a00a9701-68ab-4a6f-9f2f-0a7b1fd9edf1,70307,2013-03-17,2012/2013,1001722,Rayo Vallecano,92,116.4,53.8,0.025226995,Open Play,Saved,Left Foot
2e2d69ba-9c47-49c0-a648-b2776251166c,70256,2013-03-30,2012/2013,1001722,Celta Vigo,32,85.2,37.7,0.02260642,Free Kick,Blocked,Left Foot
0196381b-0237-443d-b31f-d0a870fd52a1,70256,2013-03-30,2012/2013,1001722,Celta Vigo,41,95.7,36.6,0.08455028,Free Kick,Saved,Left Foot
349fd1ad-6759-4542-bbb6-c437d96194ad,70256,2013-03-30,2012/2013,1001722,Celta Vigo,65,109.1,53.4,0.02818307,Open Play,Blocked,Right Foot
c56ae14e-eb7a-4949-9d08-0644afe22bc7,70256,2013-03-30,2012/2013,1001722,Celta Vigo,72,108.9,39.4,0.099627316,Open Play,Goal,Left Foot
b818650f-635a-4cac-a5f8-0febae155505,267502,2013-04-27,2012/2013,1001722,Athletic Club,58,95.2,41.6,0.024508284,Open Play,Blocked,Left Foot
4ef23229-ad00-42b2-8095-57f7c3e7b978,267502,2013-04-27,2012/2013,1001722,Athletic Club,63,104.7,25.6,0.032221097,Open Play,Blocked,Left Foot
bf64c0b2-02bc-4713-8064-9462b06ef50d,267502,2013-04-27,2012/2013,1001722,Athletic Club,66,102.7,45.5,0.061398767,Open Play,Goal,Left Foot
944d1464-607b-4575-b613-0b5ec9737a45,267502,2013-04-27,2012/2013,1001722,Athletic Club,68,106.2,37.0,0.09850276,Open Play,Blocked,Head
4b9523ef-3049-49ae-ac28-de43b78f45ad,267502,2013-04-27,2012/2013,1001722,Athletic Club,86,93.7,37.3,0.06918991,Free Kick,Off T,Left Foot
b04ea916-40b8-4d89-9796-c56ac97611a7,70281,2013-05-05,2012/2013,1001722,Real Betis,59,96.1,55.7,0.04325763,Free Kick,Goal,Left Foot
a5a0cda1-4092-46f5-b20a-f33bac44dfdb,70281,2013-05-05,2012/2013,1001722,Real Betis,68,98.8,28.8,0.069354914,Free Kick,Post,Left Foot
050b425c-4c54-4652-adb5-f7906d303de2,70281,2013-05-05,2012/2013,1001722,Real Betis,70,114.5,37.9,0.77516687,Open Play,Goal,Left Foot
ceee2560-8c20-4d1b-9eb4-c8bc5fca3aef,70281,2013-05-05,2012/2013,1001722,Real Betis,92,108.3,29.6,0.31365892,Open Play,Saved,Left Foot
6d696d2f-2355-4a81-b7b8-cc5c9ffb6b8f,70284,2013-05-12,2012/2013,1001722,Atlético Madrid,16,88.9,33.0,0.026898129,Free Kick,Saved,Left Foot
cd309d6c-3db9-42bd-9be4-bd40aff1ff72,70284,2013-05-12,2012/2013,1001722,Atlético Madrid,41,101.2,35.2,0.100241356,Open Play,Off T,Left Foot
aabe55e5-9a4b-4272-bc29-a2140c1acfbe,70284,2013-05-12,2012/2013,1001722,Atlético Madrid,53,88.9,33.3,0.03279546,Free Kick,Blocked,Left Foot
f776e8a7-903c-45b6-9fb2-e0362e6ad16f,70277,2013-08-18,2013/2014,163,Levante UD,11,111.7,34.4,0.21601507,Open Play,Goal,Left Foot
30bf9cd1-3de9-4804-9a54-d265f8850228,70277,2013-08-18,2013/2014,163,Levante UD,14,90.1,47.8,0.035395075,Free Kick,Blocked,Left Foot
b0695c0b-eebe-4add-8f6f-de219ff7fd82,70277,2013-08-18,2013/2014,163,Levante UD,29,107.5,21.0,0.010446826,Open Play,Saved,Left Foot
311eee2b-56a1-45ea-8d12-dc950c3d1fbc,70277,2013-08-18,2013/2014,163,Levante UD,41,107.9,40.0,0.7835,Penalty,Goal,Left Foot
e20d133d-36a4-4c8f-8ca7-795c5dfe0286,70277,2013-08-18,2013/2014,163,Levante UD,53,111.5,37.0,0.44835877,Open Play,Saved,Left Foot
dc3d3ef1-9039-4d6b-b49c-055ba8446395,70277,2013-08-18,2013/2014,163,Levante UD,60,100.3,35.7,0.122672446,Open Play,Saved,Left Foot
fb830434-f87d-4984-ac40-caae7fdd6c23,70277,2013-08-18,2013/2014,163,Levante UD,65,98.5,24.1,0.045858845,Free Kick,Blocked,Left Foot
c1f70ff3-e952-49c4-8cbd-667d5981ccc5,70298,2013-09-01,2013/2014,163,Valencia,7,108.9,54.9,0.061465673,Open Play,Off T,Right Foot
cff1ba3d-bfed-4d65-b74c-67042ef699db,70298,2013-09-01,2013/2014,163,Valencia,10,114.5,35.5,0.9187386,Open Play,Goal,Left Foot
948c3427-cfe1-4f78-81fc-7d477d9b8b63,70298,2013-09-01,2013/2014,163,Valencia,38,108.8,46.2,0.33590123,Open Play,Goal,Right Foot
47c9e93f-c10f-4a35-84ed-6016bd048654,70298,2013-09-01,2013/2014,163,Valencia,40,107.4,35.2,0.15263458,Open Play,Goal,Left Foot
3fd1d661-766a-406e-b49a-672b483ffb90,70298,2013-09-01,2013/2014,163,Valencia,56,97.1,33.7,0.054042276,Open Play,Saved,Left Foot
baabf95f-bcfd-4703-b68f-6dcdd9fa4edf,70298,2013-09-01,2013/2014,163,Valencia,60,102.0,40.7,0.08750363,Open Play,Saved,Left Foot
1047663c-19ac-4dce-9ef7-51971bc995f4,70298,2013-09-01,2013/2014,163,Valencia,81,113.3,33.7,0.14047581,Open Play,Off T,Left Foot
36e9faa8-c6f1-49c7-8352-e0aa4a418831,70298,2013-09-01,2013/2014,163,Valencia,83,109.8,34.2,0.21236892,Open Play,Saved,Left Foot
e0b3cbe5-0900-48de-a443-01ee36b2ddeb,70298,2013-09-01,2013/2014,163,Valencia,87,107.4,42.3,0.10576308,Open Play,Saved,Left Foot
051d31c9-16af-4829-95c9-e59bd1703b03,70301,2013-09-14,2013/2014,163,Sevilla,31,99.2,27.4,0.06705616,Free Kick,Off T,Left Foot
5d77d09a-e508-48db-9bdf-76498f2a490a,70301,2013-09-14,2013/2014,163,Sevilla,34,102.1,50.0,0.03344689,Open Play,Blocked,Left Foot
d33bd6d3-a05b-438a-a26d-e236972ddb0e,70301,2013-09-14,2013/2014,163,Sevilla,44,115.1,50.9,0.12350366,Open Play,Saved,Right Foot
2003bdc1-56e6-4a05-9182-9c8ff056a7c5,70301,2013-09-14,2013/2014,163,Sevilla,72,100.6,41.6,0.10494022,Open Play,Off T,Right Foot
4a7b7765-5684-49af-bdaa-c7e7e6c96da7,70301,2013-09-14,2013/2014,163,Sevilla,74,109.3,41.4,0.3031983,Open Play,Goal,Left Foot
52918edf-b0fb-438a-a54b-d58a3b43bfeb,70301,2013-09-14,2013/2014,163,Sevilla,86,104.0,48.6,0.063750945,Open Play,Blocked,Left Foot
efa81caa-b12a-40ef-a072-a88c46e44ecc,70302,2013-09-21,2013/2014,163,Rayo Vallecano,51,88.5,48.4,0.027522217,Free Kick,Blocked,Left Foot
5a725a84-b0bb-43ae-b538-c936998850e4,70302,2013-09-21,2013/2014,163,Rayo Vallecano,60,112.1,52.9,0.07310573,Open Play,Saved,Right Foot
09c49b61-a83c-4e00-baff-61ecbf301760,70302,2013-09-21,2013/2014,163,Rayo Vallecano,74,99.8,41.8,0.0876917,Open Play,Saved,Left Foot
c2d6d37c-9894-4132-bd33-cbcefa84db1f,267520,2013-09-24,2013/2014,163,Real Sociedad,7,113.3,45.2,0.27725428,Open Play,Goal,Head
f901ef2e-fbd6-4044-847f-95a8ea8e9e63,267520,2013-09-24,2013/2014,163,Real Sociedad,22,115.3,44.7,0.3392145,Open Play,Saved,Right Foot
c1b7fb67-5456-4d6a-a542-704357eea450,267520,2013-09-24,2013/2014,163,Real Sociedad,22,118.6,44.8,0.4429233,Open Play,Post,Left Foot
7a4e5d3e-3a79-471a-8837-1e3368e30fbb,267520,2013-09-24,2013/2014,163,Real Sociedad,31,104.9,52.8,0.06276519,Open Play,Blocked,Left Foot
774a2102-2bc6-41be-a961-43b8cb4c0e3a,267520,2013-09-24,2013/2014,163,Real Sociedad,35,112.4,36.1,0.23084332,Open Play,Wayward,Left Foot
73f961f5-e95d-46ca-9deb-bda41528a2f8,267520,2013-09-24,2013/2014,163,Real Sociedad,42,109.8,34.1,0.097477406,Open Play,Saved,Left Foot
f61c35fd-7d23-465b-b488-8f8610f40e36,267520,2013-09-24,2013/2014,163,Real Sociedad,48,104.7,39.8,0.07382371,Open Play,Saved,Left Foot
f47adc90-ae51-4a43-9888-f71c4820a369,267520,2013-09-24,2013/2014,163,Real Sociedad,51,101.5,43.8,0.08706897,Open Play,Saved,Left Foot
9e4978fc-f924-44e1-bdce-82797f9a232a,267520,2013-09-24,2013/2014,163,Real Sociedad,51,107.4,37.4,0.27526066,Open Play,Off T,Left Foot
153f0b6e-99dd-45dd-8101-516e6c4c9070,266420,2013-09-28,2013/2014,163,Almería,20,100.7,46.2,0.06270086,Open Play,Goal,Left Foot
137eace8-04aa-4736-aad5-928c8b16bae9,266420,2013-09-28,2013/2014,163,Almería,25,103.6,39.4,0.06701667,Open Play,Off T,Left Foot
0dccb603-543b-4e5a-92a2-a31396cd9ca2,266462,2013-10-19,2013/2014,163,Osasuna,78,96.2,30.5,0.036927894,Open Play,Off T,Left Foot
7d98b8c5-61c2-4aca-a61e-1f6f0b29cd22,266462,2013-10-19,2013/2014,163,Osasuna,81,114.9,46.0,0.091631524,Open Play,Saved,Left Foot
735e3491-ff65-4963-9ebf-bc268db64407,70293,2013-10-26,2013/2014,163,Real Madrid,10,96.0,44.0,0.03464752,Open Play,Blocked,Left Foot
aebba05c-1428-441c-bb49-3de16f34a531,70293,2013-10-26,2013/2014,163,Real Madrid,20,109.8,51.9,0.1055765,Open Play,Off T,Left Foot
6310e277-94a0-4bdc-b46d-7a4479bdf049,70293,2013-10-26,2013/2014,163,Real Madrid,41,108.3,62.8,0.007616603,Free Kick,Blocked,Left Foot
5bf8ed80-e00f-491e-9a47-6c8f0d6ccd9f,267192,2013-10-29,2013/2014,163,Celta Vigo,19,109.9,57.0,0.013845999,Open Play,Blocked,Left Foot
cda13343-c27b-4e60-a02a-c1ab4a0a1c53,267192,2013-10-29,2013/2014,163,Celta Vigo,24,88.9,48.9,0.030078566,Free Kick,Blocked,Left Foot
7c6ac1d0-3a04-4c9a-b5d8-8cf409223389,267192,2013-10-29,2013/2014,163,Celta Vigo,27,110.5,49.4,0.14585128,Open Play,Off T,Left Foot
6b38cdaa-c366-4ab7-af1e-0f7508b27175,267192,2013-10-29,2013/2014,163,Celta Vigo,45,108.5,45.2,0.122476146,Open Play,Off T,Left Foot
bdd5ab77-9be9-4ad2-b0d0-8a200aa7bc12,267192,2013-10-29,2013/2014,163,Celta Vigo,46,97.3,41.3,0.031239774,Open Play,Blocked,Left Foot
5f8de027-c338-4909-9a13-2499c50b3d46,267192,2013-10-29,2013/2014,163,Celta Vigo,56,112.1,49.5,0.22949053,Open Play,Saved,Right Foot
1db49462-0a4b-4dd1-87db-c6c6824ff667,267192,2013-10-29,2013/2014,163,Celta Vigo,78,106.0,28.0,0.052950285,Open Play,Saved,Left Foot
8792f9d8-7156-45ce-b011-811d6b69f5da,267192,2013-10-29,2013/2014,163,Celta Vigo,80,107.8,50.5,0.067093164,Open Play,Saved,Left Foot
9472840b-f732-4f7f-a0bc-1cd4ebd87e91,267192,2013-10-29,2013/2014,163,Celta Vigo,90,100.9,32.0,0.07080673,Open Play,Saved,Left Foot
18f06077-dc49-46f4-8a16-02502ae9bd9c,267192,2013-10-29,2013/2014,163,Celta Vigo,92,117.5,52.3,0.016607914,Open Play,Saved,Right Foot
78780540-b394-427c-be12-5a62baf4ed41,70283,2013-11-01,2013/2014,163,Espanyol,15,107.5,32.7,0.0855385,Open Play,Blocked,Left Foot
3ecf3727-c9f7-4737-8a89-0cd2be6f2562,70283,2013-11-01,2013/2014,163,Espanyol,34,96.1,52.3,0.05449356,Free Kick,Off T,Left Foot
89873246-6c8b-494b-ae83-b2de7830b2a8,70283,2013-11-01,2013/2014,163,Espanyol,53,108.1,39.8,0.12299691,Open Play,Saved,Head
8c218027-a135-4e75-a2ac-4f354c7179bd,70283,2013-11-01,2013/2014,163,Espanyol,82,93.9,39.9,0.063845485,Free Kick,Off T,Left Foot
f63f3d24-8d4a-49fb-9742-27b756f12903,70283,2013-11-01,2013/2014,163,Espanyol,88,99.0,33.7,0.040369354,Open Play,Blocked,Left Foot
55469431-ad69-4bd5-b97f-aabe5d8609c1,265830,2014-01-11,2013/2014,163,Atlético Madrid,68,109.3,39.7,0.08582908,Open Play,Off T,Head
79bce4b0-d72b-45ea-844c-f1996c662401,265830,2014-01-11,2013/2014,163,Atlético Madrid,74,92.0,37.1,0.052243784,Free Kick,Blocked,Left Foot
29c36dfd-61cf-4761-8e99-d74431def488,265830,2014-01-11,2013/2014,163,Atlético Madrid,80,106.3,26.9,0.06282647,Open Play,Saved,Left Foot
95a760cf-8c10-440f-a3b9-5b66fab24072,70288,2014-01-19,2013/2014,163,Levante UD,12,109.9,48.3,0.071796544,Open Play,Blocked,Right Foot
528ec8ff-d8d7-4479-9070-7e7188dca997,70288,2014-01-19,2013/2014,163,Levante UD,37,100.4,41.2,0.033394556,Open Play,Blocked,Left Foot
d8fdf58c-01c8-461f-8d05-fb2ec221ae2f,70288,2014-01-19,2013/2014,163,Levante UD,40,81.5,43.5,0.007336542,Free Kick,Off T,Left Foot
1e598375-9426-4cb3-82f2-55d07d8ccdaa,70288,2014-01-19,2013/2014,163,Levante UD,58,111.1,29.4,0.2020344,Open Play,Saved,Left Foot
7ad13bb9-ef05-4520-b38f-eafa6658e81c,70288,2014-01-19,2013/2014,163,Levante UD,61,105.0,36.3,0.08620166,Open Play,Blocked,Left Foot
ac28a2cd-a8ba-4556-ba04-2952f9ec7a59,70288,2014-01-19,2013/2014,163,Levante UD,87,103.3,40.0,0.033122838,Open Play,Blocked,Left Foot
66edd3bb-3d51-4104-a544-173d11e3bad1,70291,2014-01-26,2013/2014,163,Málaga,21,110.1,34.5,0.24496672,Open Play,Off T,Left Foot
67dfefd6-f11e-4527-a8ee-756a3c37dc80,70291,2014-01-26,2013/2014,163,Málaga,44,93.8,51.0,0.05044523,Free Kick,Blocked,Left Foot
4f891bfc-0510-474a-9f4d-bac7af3e8c22,70291,2014-01-26,2013/2014,163,Málaga,45,100.9,46.3,0.050699823,Open Play,Blocked,Left Foot
1802d45b-b52f-4db6-a3c7-978162c1b29a,70291,2014-01-26,2013/2014,163,Málaga,66,93.3,29.2,0.048328787,Free Kick,Off T,Left Foot
10691180-9095-44a4-a565-8fa92c60c28f,266613,2014-02-01,2013/2014,163,Valencia,19,102.0,55.8,0.03036632,Open Play,Blocked,Left Foot
5ac54b02-cd8f-4804-9cc2-c1f240bf5d99,266613,2014-02-01,2013/2014,163,Valencia,20,103.6,32.9,0.07913588,Open Play,Blocked,Left Foot
32313bd4-9764-42a7-98a9-f36c2783c87c,266613,2014-02-01,2013/2014,163,Valencia,21,113.1,24.9,0.01800863,Open Play,Saved,Left Foot
a8e05c63-1311-4e25-8dd3-f4d52890a876,266613,2014-02-01,2013/2014,163,Valencia,27,111.0,28.4,0.056670062,Open Play,Blocked,Left Foot
233c1c34-22f6-47b7-b315-bc6d3843c0e1,266613,2014-02-01,2013/2014,163,Valencia,50,104.1,46.9,0.060088456,Open Play,Saved,Right Foot
ed663118-b422-4ace-8f87-1ce6defcb538,266613,2014-02-01,2013/2014,163,Valencia,53,108.1,40.1,0.7835,Penalty,Goal,Left Foot
477016eb-a78e-4a70-8641-da18a87956a2,266613,2014-02-01,2013/2014,163,Valencia,89,96.8,48.8,0.023143789,Open Play,Blocked,Left Foot
d18deb01-c656-482f-8f7f-1bcb38838822,266613,2014-02-01,2013/2014,163,Valencia,91,112.2,46.3,0.322633,Open Play,Off T,Right Foot
59f3a7b2-7fff-461d-b448-15bc011fea7c,267675,2014-02-09,2013/2014,163,Sevilla,43,101.9,33.6,0.09063475,Open Play,Goal,Left Foot
fee649c8-38f7-4406-aa3c-cebefce0dd58,267675,2014-02-09,2013/2014,163,Sevilla,55,101.6,36.3,0.14504097,Open Play,Goal,Left Foot
ba29b8c7-f1ac-4180-b22e-b44fca640fd1,265918,2014-02-15,2013/2014,163,Rayo Vallecano,13,109.2,45.6,0.1426737,Open Play,Post,Right Foot
1f447b4b-7b40-4cc9-bd1d-091ae2e34800,265918,2014-02-15,2013/2014,163,Rayo Vallecano,19,96.9,36.6,0.0958465,Free Kick,Blocked,Left Foot
f1114246-d48e-4ae0-873e-b28ebfe2d065,265918,2014-02-15,2013/2014,163,Rayo Vallecano,30,98.6,45.3,0.09723625,Open Play,Saved,Right Foot
e9145080-7f5f-4ddd-b705-ee1135810bca,265918,2014-02-15,2013/2014,163,Rayo Vallecano,35,99.1,28.7,0.15304357,Open Play,Goal,Left Foot
b13d057e-3659-4d46-82c7-69935cc6829e,265918,2014-02-15,2013/2014,163,Rayo Vallecano,63,105.9,36.1,0.23492363,Open Play,Off T,Left Foot
1dcd50e6-6760-4fb7-8db6-cc03c7e32abd,265918,2014-02-15,2013/2014,163,Rayo Vallecano,67,104.9,40.8,0.10318899,Open Play,Goal,Left Foot
331bb91d-dfaf-41ab-adb1-89022f9bd430,265837,2014-02-22,2013/2014,163,Real Sociedad,35,101.0,38.7,0.10507077,Open Play,Goal,Left Foot
b823e64c-3778-4e6f-ae57-7b91f46ef8ff,265837,2014-02-22,2013/2014,163,Real Sociedad,55,113.5,36.1,0.16038682,Open Play,Wayward,Head
5cdc0dad-f528-4ca6-8bf5-43b55af9a2e1,265837,2014-02-22,2013/2014,163,Real Sociedad,69,106.8,34.0,0.08769571,Open Play,Blocked,Left Foot
54591874-5501-4325-b28d-a3364138ce67,265837,2014-02-22,2013/2014,163,Real Sociedad,88,105.4,28.9,0.05196655,Open Play,Blocked,Left Foot
04646296-411d-49dc-8a36-4d4cf567175e,266066,2014-03-02,2013/2014,163,Almería,20,107.8,52.0,0.10380528,Open Play,Saved,Left Foot
320be21d-c977-469b-8de0-bb574031a42e,266066,2014-03-02,2013/2014,163,Almería,23,90.6,36.1,0.041345973,Free Kick,Goal,Left Foot
ebdbb849-4f00-45f3-99b2-090db23c9f63,266066,2014-03-02,2013/2014,163,Almería,28,119.4,47.6,0.022053331,Open Play,Off T,Right Foot
35e5abc1-c4bc-4c89-8600-a9fbbd7b849d,266066,2014-03-02,2013/2014,163,Almería,31,105.8,23.6,0.04754202,Open Play,Off T,Left Foot
3da3bbc6-c9e5-4850-8fcb-d68229138170,266066,2014-03-02,2013/2014,163,Almería,37,110.0,39.4,0.23878762,Open Play,Off T,Head
f51d0a7b-0ebe-45fc-9182-31a8c328db3e,266066,2014-03-02,2013/2014,163,Almería,42,107.7,44.2,0.18376863,Open Play,Off T,Left Foot
ddfcf4cd-a351-4b83-86ac-f4da10c4adb5,266066,2014-03-02,2013/2014,163,Almería,67,110.9,42.5,0.19104466,Open Play,Blocked,Right Foot
ef04d4f8-a687-4111-acc1-93b27376cf19,266066,2014-03-02,2013/2014,163,Almería,70,98.9,35.7,0.053214643,Open Play,Blocked,Left Foot
aa18e460-2fae-4776-95e7-4a919e8aef74,266066,2014-03-02,2013/2014,163,Almería,82,109.8,36.5,0.06969854,Open Play,Blocked,Left Foot
0984aecf-367c-422e-9520-c792df5269dc,266066,2014-03-02,2013/2014,163,Almería,82,109.8,36.9,0.06068624,Open Play,Post,Head
8881c7ea-d113-49f4-a286-43cf41ff8a3d,266066,2014-03-02,2013/2014,163,Almería,86,93.6,46.2,0.06312606,Free Kick,Blocked,Left Foot
317f2683-32cd-4ef5-9bd3-b2c455da413d,266603,2014-03-08,2013/2014,163,Real Valladolid,9,99.4,31.6,0.043533392,Open Play,Saved,Left Foot
bc01b519-c7fe-4c82-9dca-49867385f6e1,266603,2014-03-08,2013/2014,163,Real Valladolid,32,98.1,31.4,0.08181717,Free Kick,Saved,Left Foot
aa165db2-ede0-406e-ac70-da93d408693e,266603,2014-03-08,2013/2014,163,Real Valladolid,34,102.0,40.6,0.07041894,Open Play,Saved,Left Foot
fc4bd940-41c6-45ea-ae21-20ba5bda1bfa,266603,2014-03-08,2013/2014,163,Real Valladolid,47,112.1,49.8,0.16631934,Open Play,Saved,Right Foot
a256da47-cfd8-42f1-9af2-6f8acb584216,266603,2014-03-08,2013/2014,163,Real Valladolid,82,95.2,35.5,0.085773945,Free Kick,Saved,Left Foot
8b7dda76-6c28-4a19-ac3a-bdca3e9a6172,266074,2014-03-16,2013/2014,163,Osasuna,17,116.3,43.7,0.23208407,Open Play,Goal,Left Foot
94e4dfe2-a21c-48a0-9bd9-e503c87e3d3f,266074,2014-03-16,2013/2014,163,Osasuna,62,115.4,32.5,0.079110585,Open Play,Goal,Left Foot
8c5a1c22-2351-4730-b689-8815c0ded852,266074,2014-03-16,2013/2014,163,Osasuna,69,109.2,37.1,0.24859396,Open Play,Off T,Left Foot
65231201-ce1a-40e7-867a-b98f39b24662,266074,2014-03-16,2013/2014,163,Osasuna,74,99.4,39.8,0.05498684,Open Play,Saved,Left Foot
7effe7f0-d45e-46be-9494-420c8cf0ca80,266074,2014-03-16,2013/2014,163,Osasuna,87,112.2,39.5,0.2755329,Open Play,Goal,Right Foot
b9c36468-fe87-4762-8c26-a73806f85902,265857,2014-03-23,2013/2014,163,Real Madrid,14,105.8,28.7,0.10783732,Open Play,Off T,Left Foot
66723752-e79c-42bd-b1ea-efce11a5c367,265857,2014-03-23,2013/2014,163,Real Madrid,25,91.9,40.8,0.04030618,Free Kick,Blocked,Left Foot
409e96c8-2f09-48cf-8a58-8ee7ebe20864,265857,2014-03-23,2013/2014,163,Real Madrid,41,108.3,42.6,0.08744124,Open Play,Goal,Left Foot
33252fd4-3a5b-4b69-98f8-39c254f032dc,265857,2014-03-23,2013/2014,163,Real Madrid,64,107.8,39.9,0.7835,Penalty,Goal,Left Foot
5cca0c5c-5830-4d8b-a282-d1a2fcc32350,265857,2014-03-23,2013/2014,163,Real Madrid,72,102.1,49.4,0.051266633,Open Play,Blocked,Left Foot
80cf5232-3eee-4fb2-86a8-ac457fe57463,265857,2014-03-23,2013/2014,163,Real Madrid,83,108.0,40.0,0.7835,Penalty,Goal,Left Foot
52b82091-2d7e-4388-b8ac-b3eec884dd21,266274,2014-03-26,2013/2014,163,Celta Vigo,4,103.6,47.8,0.09463094,Open Play,Blocked,Left Foot
c828a34e-e0e2-4adb-a70a-de8d6223541c,266274,2014-03-26,2013/2014,163,Celta Vigo,15,107.2,42.0,0.45848468,Open Play,Saved,Left Foot
4eb1bbe8-a79e-4f31-9328-5e6dbfb6b409,266274,2014-03-26,2013/2014,163,Celta Vigo,29,113.3,47.7,0.4473116,Open Play,Goal,Right Foot
99391fb9-d270-4318-8e76-e4c43722f51c,70306,2014-03-29,2013/2014,163,Espanyol,9,114.0,47.1,0.098732,Open Play,Saved,Left Foot
34a7cd15-59fd-49d8-a2e2-122215a044d0,70306,2014-03-29,2013/2014,163,Espanyol,16,103.2,27.0,0.036900625,Open Play,Blocked,Right Foot
e22338a3-8e27-4fd9-be0a-e939a471f235,70306,2014-03-29,2013/2014,163,Espanyol,16,112.2,35.1,0.22229522,Open Play,Off T,Head
4bf9a94e-8136-4a1e-b4c5-fd7e9c1f1e84,70306,2014-03-29,2013/2014,163,Espanyol,70,111.1,48.4,0.09586193,Open Play,Blocked,Left Foot
ef54d7ef-6edf-4235-bfb6-64ddefca8d39,70306,2014-03-29,2013/2014,163,Espanyol,76,108.0,40.0,0.7835,Penalty,Goal,Left Foot
c5163ecf-8632-4176-b899-ae3934ea4fb9,70306,2014-03-29,2013/2014,163,Espanyol,82,96.1,22.9,0.06544866,Open Play,Saved,Left Foot
21a9e9ca-e70d-4f77-b6fd-3a40b451c6b5,70306,2014-03-29,2013/2014,163,Espanyol,84,96.0,24.1,0.03759378,Free Kick,Off T,Left Foot
f717ffcf-2a7f-473f-bbcd-6ee0b40e4175,267368,2014-04-05,2013/2014,163,Real Betis,14,108.0,40.1,0.7835,Penalty,Goal,Left Foot
25fcc51a-faae-40f1-8a29-dc82a82bde99,267368,2014-04-05,2013/2014,163,Real Betis,40,100.4,42.9,0.08107773,Open Play,Off T,Left Foot
b75a84c6-1f9c-4305-8bfa-cb1f688724c4,267368,2014-04-05,2013/2014,163,Real Betis,71,107.2,38.4,0.15036081,Open Play,Off T,Left Foot
acfefa82-043e-4c1d-bb6f-de1dd835c6f8,267368,2014-04-05,2013/2014,163,Real Betis,85,108.1,40.2,0.7835,Penalty,Saved,Left Foot
b1623cc7-f314-478f-86e3-02343fb9cbfa,267368,2014-04-05,2013/2014,163,Real Betis,85,113.4,43.1,0.5247219,Open Play,Goal,Right Foot
c97139ed-1c92-4161-9171-3d4bfb8c3565,267138,2014-04-12,2013/2014,163,Granada,6,100.2,58.3,0.021906156,Free Kick,Blocked,Left Foot
44cbfe21-f78b-4143-a145-cf1708228eaa,267138,2014-04-12,2013/2014,163,Granada,17,110.9,38.4,0.1305592,Open Play,Off T,Head
6cf175cc-4b46-4a42-b740-c0f731a5df0f,267138,2014-04-12,2013/2014,163,Granada,55,106.2,53.4,0.05197764,Open Play,Blocked,Right Foot
f0ba84d9-8a45-479a-9c26-361ee96dab6d,267138,2014-04-12,2013/2014,163,Granada,62,93.6,28.2,0.043812662,Free Kick,Saved,Left Foot
ab81c24c-c1bd-42b6-bf93-a7dc60502027,267138,2014-04-12,2013/2014,163,Granada,87,113.0,41.3,0.11844466,Open Play,Off T,Head
6546e9ae-5e90-4203-b0b4-70bfdb0af4fd,267567,2014-04-20,2013/2014,163,Athletic Club,13,108.0,37.1,0.28520012,Open Play,Saved,Left Foot
ad104fa3-996c-4850-a73e-7eb83d788ad8,267567,2014-04-20,2013/2014,163,Athletic Club,48,94.6,46.4,0.07061115,Free Kick,Off T,Left Foot
aa96a0b2-1d5b-4730-b444-900dfe5cd3b7,267567,2014-04-20,2013/2014,163,Athletic Club,59,103.9,34.0,0.18014249,Open Play,Off T,Left Foot
b1244917-1b03-4c22-b1d0-fa2b6b9b5ba4,267567,2014-04-20,2013/2014,163,Athletic Club,73,100.9,41.3,0.08814868,Free Kick,Goal,Left Foot
0e0a3993-00ea-40cc-af8b-29dd976172c8,70289,2014-04-27,2013/2014,163,Villarreal,16,107.6,48.1,0.09128944,Open Play,Saved,Left Foot
65999b13-9c9b-4779-89c3-4df64a3d2815,70289,2014-04-27,2013/2014,163,Villarreal,33,98.2,56.1,0.023436697,Open Play,Blocked,Left Foot
15bad22f-5372-4d35-b47c-38bf99be8d63,70289,2014-04-27,2013/2014,163,Villarreal,50,103.8,47.5,0.07376627,Open Play,Saved,Left Foot
3406ba25-6bcb-4c7f-a36d-40834a1c3745,70289,2014-04-27,2013/2014,163,Villarreal,53,93.2,45.8,0.06449788,Free Kick,Saved,Left Foot
dee491c9-d60a-46b3-b6e9-24e79d556633,70289,2014-04-27,2013/2014,163,Villarreal,56,86.6,36.3,0.027568148,Free Kick,Saved,Left Foot
1158eb8e-e805-4528-8d9f-ba5e4ae2bb28,70289,2014-04-27,2013/2014,163,Villarreal,80,94.5,36.4,0.07580112,Free Kick,Saved,Left Foot
edf62c78-54a9-41e7-a007-3d008601e681,70289,2014-04-27,2013/2014,163,Villarreal,82,108.2,37.9,0.38154572,Open Play,Goal,Right Foot
72602661-fa42-496e-a797-ea4f108854cf,266491,2014-05-03,2013/2014,163,Getafe,18,98.8,39.6,0.05904703,Open Play,Blocked,Left Foot
cafba68b-8dd5-4297-8952-6042bcd9dc10,266491,2014-05-03,2013/2014,163,Getafe,22,106.9,38.7,0.10488644,Open Play,Goal,Left Foot
8d1621b1-6964-46c6-90f8-6c10d3559b80,266491,2014-05-03,2013/2014,163,Getafe,48,95.9,41.6,0.03967076,Open Play,Saved,Left Foot
6c850fbd-c0e2-46c4-a624-c9db277b186d,266491,2014-05-03,2013/2014,163,Getafe,62,96.2,46.0,0.036719367,Open Play,Blocked,Left Foot
5d5f097e-0348-40c5-8e20-c408d54ca566,266491,2014-05-03,2013/2014,163,Getafe,75,106.4,33.5,0.21352476,Open Play,Off T,Left Foot
0174e53c-d7de-47ac-b709-af9d1501fceb,266201,2014-05-11,2013/2014,163,Elche,5,113.0,52.9,0.030168848,Open Play,Blocked,Right Foot
55e4fe8a-a2ab-41cc-bf4c-f8fe69cee3ba,266201,2014-05-11,2013/2014,163,Elche,24,99.2,48.6,0.055463046,Open Play,Saved,Left Foot
0eabe3d9-7b91-4667-9aa9-1508c0d9d520,266201,2014-05-11,2013/2014,163,Elche,30,97.0,43.8,0.036822177,Open Play,Blocked,Left Foot
602f6f39-5e97-4c2a-b432-38f2650e4d50,266201,2014-05-11,2013/2014,163,Elche,37,105.0,70.1,0.0075765387,Free Kick,Saved,Left Foot
ab516323-01c8-492a-b8bf-17781d87d255,266201,2014-05-11,2013/2014,163,Elche,46,113.0,45.9,0.17638569,Open Play,Saved,Left Foot
7054af0f-1467-4b9c-bdc7-797186c7f03e,266201,2014-05-11,2013/2014,163,Elche,57,103.8,47.0,0.077574976,Open Play,Off T,Head
759d7e6b-3c88-4aee-9194-2752cd56bd5a,266201,2014-05-11,2013/2014,163,Elche,59,95.0,49.0,0.032622773,Open Play,Blocked,Left Foot
8f8224bc-2c44-4f9e-86df-c1ed996395c8,266201,2014-05-11,2013/2014,163,Elche,62,111.1,39.1,0.10603739,Open Play,Blocked,Head
e3cddbcb-68f0-4047-9589-52f988ab1e45,266201,2014-05-11,2013/2014,163,Elche,91,98.5,24.0,0.04456121,Free Kick,Saved,Left Foot
89737c3d-e6ad-42a7-a436-2b57ee385e1c,266256,2014-05-17,2013/2014,163,Atlético Madrid,70,97.7,54.9,0.05139264,Free Kick,Blocked,Left Foot
8865443a-1f8a-4776-95ca-4f89de474991,266921,2014-08-24,2014/2015,793,Elche,22,96.3,40.7,0.046120923,Open Play,Off T,Left Foot
f0d43c5c-a8ec-4297-80e0-56656daab0a4,266921,2014-08-24,2014/2015,793,Elche,41,105.3,31.7,0.18285908,Open Play,Goal,Left Foot
41bd5e64-3a76-4be0-978b-e5b39bb3e0b5,266921,2014-08-24,2014/2015,793,Elche,62,104.5,45.5,0.18167733,Open Play,Goal,Left Foot
c7bbae4a-ce00-47d9-9cfb-d7b8cf170e1b,266406,2014-08-31,2014/2015,793,Villarreal,3,100.7,49.6,0.05719138,Open Play,Saved,Left Foot
9f9f7726-25af-482c-99b1-dc551e69d7d0,266406,2014-08-31,2014/2015,793,Villarreal,27,104.1,62.4,0.008968028,Free Kick,Saved to Post,Left Foot
3f6d0b4e-9b7d-4e12-9cdc-916c35f80c4d,266406,2014-08-31,2014/2015,793,Villarreal,65,87.2,40.3,0.0237,Free Kick,Saved Off Target,Left Foot
7192b0b2-68ba-4675-886b-3fa2fce6499f,266406,2014-08-31,2014/2015,793,Villarreal,66,110.8,38.9,0.1153435,Open Play,Off T,Head
054c8fa0-e80f-46a1-8541-beb0f5791e09,266406,2014-08-31,2014/2015,793,Villarreal,71,107.4,30.3,0.10813911,Open Play,Blocked,Left Foot
8bdcd501-ab45-46e9-8316-c0070a9f71a5,266406,2014-08-31,2014/2015,793,Villarreal,76,107.4,43.8,0.0880264,Open Play,Blocked,Right Foot
3c6a19c4-c741-4a8d-b91f-1970d16e54e5,266406,2014-08-31,2014/2015,793,Villarreal,81,107.9,45.6,0.095422894,Open Play,Blocked,Left Foot
8023fee2-8fa0-4864-a1b2-4781987f0c4a,266406,2014-08-31,2014/2015,793,Villarreal,81,117.0,50.4,0.05953009,Open Play,Saved,Left Foot
6192b748-699f-46e4-b837-b0e810a2a023,70273,2014-09-13,2014/2015,793,Athletic Club,36,109.8,38.8,0.09075199,Open Play,Off T,Head
e47cfe4b-3108-4b8c-a832-91515a24426b,70273,2014-09-13,2014/2015,793,Athletic Club,40,106.7,32.8,0.058957174,Open Play,Blocked,Left Foot
c3e1f0f7-a977-448d-be50-a21d4040e36b,266770,2014-09-21,2014/2015,793,Levante UD,22,96.1,33.1,0.033060413,Open Play,Blocked,Left Foot
f28dc8c0-232a-459f-8d6d-072d4cd978ea,266770,2014-09-21,2014/2015,793,Levante UD,41,108.2,40.1,0.7835,Penalty,Off T,Left Foot
ef14f7a0-6880-469a-9dfa-c250502c17e7,266770,2014-09-21,2014/2015,793,Levante UD,76,102.8,46.3,0.13352205,Open Play,Goal,Right Foot
22687141-3c9d-48a4-b0c9-115ac2c8f4fd,266838,2014-09-24,2014/2015,793,Málaga,14,93.5,52.1,0.04238151,Free Kick,Off T,Left Foot
640456ae-00f4-4b31-b616-2b39d1f0cc26,266838,2014-09-24,2014/2015,793,Málaga,25,110.1,38.4,0.15268506,Open Play,Off T,Other
67a0619f-58cf-4608-9c74-5ab1857baf6e,266117,2014-09-27,2014/2015,793,Granada,61,114.8,36.0,0.3282775,Open Play,Goal,Head
d5ca840a-20f3-409a-81f5-26b137cfb4a0,266117,2014-09-27,2014/2015,793,Granada,77,102.3,50.3,0.047822054,Open Play,Saved,Left Foot
9f0fe3ae-a36d-4c65-a9f6-2e8d4fc9f50a,266117,2014-09-27,2014/2015,793,Granada,81,109.1,42.8,0.39809617,Open Play,Goal,Right Foot
8303e650-1f97-4058-b40f-a0c50e773384,267561,2014-10-04,2014/2015,793,Rayo Vallecano,13,114.8,47.4,0.12963893,Open Play,Saved,Right Foot
534046a5-a206-43b7-8bf1-8844877edb9f,267561,2014-10-04,2014/2015,793,Rayo Vallecano,34,112.5,30.5,0.19879256,Open Play,Goal,Left Foot
5439cbec-50ab-4f6f-80e3-6dfc49573d3a,267561,2014-10-04,2014/2015,793,Rayo Vallecano,60,94.2,33.6,0.06351588,Free Kick,Off T,Left Foot
533a6541-1444-4625-aa19-8aabcd8fae69,267561,2014-10-04,2014/2015,793,Rayo Vallecano,81,104.0,44.6,0.112893455,Open Play,Off T,Left Foot
d71d7caf-3b5e-43b8-8f7d-ba786b3df5d5,267561,2014-10-04,2014/2015,793,Rayo Vallecano,83,113.3,48.1,0.25670928,Open Play,Off T,Right Foot
9d585330-7b9e-47bc-a8dd-254e4ce7e70f,267561,2014-10-04,2014/2015,793,Rayo Vallecano,89,101.0,46.7,0.041328713,Open Play,Blocked,Left Foot
ad21a01e-49ef-46fe-8c1d-9e0365746a39,267561,2014-10-04,2014/2015,793,Rayo Vallecano,89,110.0,38.3,0.31955495,Open Play,Off T,Left Foot
7378cc0c-7764-4ec6-b110-af320b1d16b9,265896,2014-10-18,2014/2015,793,Eibar,19,115.3,48.5,0.2024605,Open Play,Saved,Left Foot
5a53ce5c-6b1e-44d4-83fd-4a49d01732de,265896,2014-10-18,2014/2015,793,Eibar,24,103.2,35.9,0.103330195,Open Play,Off T,Left Foot
38965e7b-79b3-48b4-9698-da0b313713e6,265896,2014-10-18,2014/2015,793,Eibar,43,108.1,39.0,0.14403202,Open Play,Saved,Head
063c9a46-e8ea-4be2-b53d-266341199ca3,265896,2014-10-18,2014/2015,793,Eibar,61,107.1,40.7,0.052678995,Open Play,Wayward,Head
d5fe7825-9eed-4fa6-9cb7-4f403c83706a,265896,2014-10-18,2014/2015,793,Eibar,66,115.8,50.9,0.061743148,Open Play,Saved,Left Foot
5b0e038d-7274-47e0-ad63-84d2d0bee242,265896,2014-10-18,2014/2015,793,Eibar,73,107.8,27.6,0.08504247,Open Play,Goal,Left Foot
6d628dca-285d-4c36-aa83-96c8a9dec874,265896,2014-10-18,2014/2015,793,Eibar,88,104.3,45.6,0.08588108,Open Play,Saved,Left Foot
e6f48ba5-6a58-45fe-96b8-cd2639272433,265896,2014-10-18,2014/2015,793,Eibar,92,112.6,45.1,0.26542023,Open Play,Saved,Head
65f3842c-c124-44df-b334-19ece4640878,267085,2014-10-25,2014/2015,793,Real Madrid,21,102.8,30.8,0.052971486,Open Play,Saved,Left Foot
1551e7aa-dbb7-4abb-b1f1-79417f5d90fe,267085,2014-10-25,2014/2015,793,Real Madrid,21,113.1,39.1,0.47808263,Open Play,Saved,Left Foot
b61cf865-f3eb-4431-a5f8-315bda6dfcd1,267085,2014-10-25,2014/2015,793,Real Madrid,47,93.0,55.3,0.024661323,Free Kick,Blocked,Left Foot
e0800a35-5d00-43db-a369-ef230ade3d76,267085,2014-10-25,2014/2015,793,Real Madrid,92,89.0,38.3,0.030988263,Free Kick,Off T,Left Foot
2108adda-61d3-4755-b3da-c790d6e67bd3,267301,2014-11-01,2014/2015,793,Celta Vigo,29,106.7,33.3,0.06628962,Open Play,Saved,Left Foot
5bd30ad6-3037-4886-9d10-e9291b0ede54,267301,2014-11-01,2014/2015,793,Celta Vigo,31,109.3,30.3,0.20303231,Open Play,Blocked,Left Foot
12630cdb-6604-4d23-9f17-4c7d03a10990,267301,2014-11-01,2014/2015,793,Celta Vigo,33,108.2,44.9,0.18907097,Open Play,Off T,Head
373b5db1-cf0d-4c92-b683-e4a5c1cdb1f9,267301,2014-11-01,2014/2015,793,Celta Vigo,63,112.7,25.5,0.033692606,Open Play,Saved,Left Foot
2ea71e0d-21a3-48f4-b7c6-449b977b45b7,267301,2014-11-01,2014/2015,793,Celta Vigo,72,98.6,34.4,0.08300961,Free Kick,Off T,Left Foot
fe0255b3-b5f6-4396-a0a9-45b15e797b1c,267301,2014-11-01,2014/2015,793,Celta Vigo,79,88.8,45.8,0.035587914,Free Kick,Post,Left Foot
97dee3bc-11c7-4699-bcf9-545f599bbd32,267499,2014-11-08,2014/2015,793,Almería,8,108.4,41.5,0.07086184,Open Play,Blocked,Head
39ac2afc-11f4-4c4f-8bb0-634503e2426a,267499,2014-11-08,2014/2015,793,Almería,8,113.9,45.2,0.16081515,Open Play,Saved,Left Foot
f51044bd-cfe8-4aea-b66b-7e4f6ab472b3,267499,2014-11-08,2014/2015,793,Almería,8,112.9,47.6,0.1020385,Open Play,Saved,Left Foot
682a0cdc-9917-45c7-b7c8-1d4e7b46838b,267499,2014-11-08,2014/2015,793,Almería,27,114.5,39.8,0.5651879,Open Play,Post,Head
ff8e6a49-6680-4388-9cb9-534d35cd229f,267499,2014-11-08,2014/2015,793,Almería,78,108.1,45.6,0.08707727,Open Play,Post,Head
c3c28f36-8047-4a2c-b4c7-fccf25e5b8fb,267499,2014-11-08,2014/2015,793,Almería,92,107.1,43.1,0.30359948,Open Play,Saved,Right Foot
945dcf94-7a58-43c1-8946-c8de596c4ab2,265835,2014-11-22,2014/2015,793,Sevilla,7,102.2,33.4,0.14410377,Open Play,Saved,Left Foot
ab810a26-003b-4b80-bbf6-acf415d8f9f0,265835,2014-11-22,2014/2015,793,Sevilla,20,96.0,36.2,0.07761277,Free Kick,Goal,Left Foot
b49dcb08-0ac5-45a4-adcf-2267a60f521f,265835,2014-11-22,2014/2015,793,Sevilla,71,117.3,43.0,0.85799444,Open Play,Goal,Right Foot
134c947a-a0a2-444d-8025-fe55a58e47e9,265835,2014-11-22,2014/2015,793,Sevilla,77,102.8,36.3,0.08742323,Open Play,Goal,Left Foot
daa49e87-3581-43a7-b5df-ed3aea658cd9,265835,2014-11-22,2014/2015,793,Sevilla,88,106.0,30.1,0.09054212,Open Play,Saved,Left Foot
4eed85af-f8f1-48c5-a5b7-00a32b6b2356,266560,2014-11-30,2014/2015,793,Valencia,79,91.4,36.6,0.044684798,Free Kick,Blocked,Left Foot
1368b854-b7c6-4922-8b44-19816fe2135b,266560,2014-11-30,2014/2015,793,Valencia,91,110.0,29.7,0.057194203,Open Play,Blocked,Left Foot
b9abc0cb-a0db-486b-bf39-bf1505734bdc,266320,2014-12-07,2014/2015,793,Espanyol,29,96.1,42.8,0.07823147,Free Kick,Post,Left Foot
6179acdd-2127-41a6-98ab-a7cc1fc8206c,266320,2014-12-07,2014/2015,793,Espanyol,32,113.8,50.8,0.10722284,Open Play,Blocked,Right Foot
d7f15985-4f88-431a-b3aa-5a764d3dc29c,266320,2014-12-07,2014/2015,793,Espanyol,45,96.7,36.4,0.03997891,Open Play,Goal,Left Foot
ac40a289-cdac-498f-90a9-4dc652c139ba,266320,2014-12-07,2014/2015,793,Espanyol,49,102.0,42.0,0.103503406,Open Play,Goal,Right Foot
9f4bab1e-ee46-4468-86e6-2e12c4279fb7,266320,2014-12-07,2014/2015,793,Espanyol,69,93.8,34.9,0.061639562,Free Kick,Off T,Left Foot
4f2d9dae-c29f-4a61-8aad-ed236abd8a79,266320,2014-12-07,2014/2015,793,Espanyol,80,108.2,47.0,0.18947907,Open Play,Goal,Right Foot
8bc51050-28de-4c1c-b25f-9a64a5c3c93b,70264,2014-12-13,2014/2015,793,Getafe,17,108.7,46.0,0.119342186,Open Play,Saved,Left Foot
0be7a67f-96e5-41e7-af43-d15f1f9c4318,70264,2014-12-13,2014/2015,793,Getafe,51,95.3,40.6,0.08094052,Free Kick,Post,Left Foot
a800f665-ae01-4351-b76b-154f3b67a056,70264,2014-12-13,2014/2015,793,Getafe,52,94.5,41.2,0.028641544,Open Play,Blocked,Left Foot
e0a9d03e-685d-484d-aeaa-05132628cbfb,70264,2014-12-13,2014/2015,793,Getafe,57,98.4,60.7,0.01142424,Free Kick,Saved,Left Foot
7b5ec67f-d26b-48de-8464-18ea15c52c63,70264,2014-12-13,2014/2015,793,Getafe,68,109.2,36.5,0.16498986,Open Play,Off T,Head
414b320e-8ce0-4d60-8b1f-7a8deaa883dc,70264,2014-12-13,2014/2015,793,Getafe,81,99.4,37.8,0.03479848,Open Play,Blocked,Left Foot
5e77491a-40fb-4c9c-a51a-0bcdfb2cbd91,70264,2014-12-13,2014/2015,793,Getafe,82,104.7,41.5,0.060427908,Open Play,Blocked,Right Foot
4c481edc-3f59-4a11-ac1c-4b3912d84625,266846,2014-12-20,2014/2015,793,Córdoba CF,36,103.3,33.4,0.05451366,Open Play,Blocked,Left Foot
8b6fd07b-1aac-4167-aa9b-c2b4e6a7bf0d,266846,2014-12-20,2014/2015,793,Córdoba CF,48,104.8,30.6,0.05606797,Open Play,Blocked,Left Foot
4f7c16f4-724c-4e31-9a58-d52ce1420f3d,266846,2014-12-20,2014/2015,793,Córdoba CF,81,105.6,41.2,0.07444693,Open Play,Goal,Right Foot
34fec8e9-8177-49b9-a987-968496a4e5c8,266846,2014-12-20,2014/2015,793,Córdoba CF,90,111.4,48.0,0.080999054,Open Play,Goal,Right Foot
e1516c10-32a2-4dd1-8d5b-c7ddb5fe4a02,266240,2015-01-04,2014/2015,793,Real Sociedad,64,92.8,34.7,0.06321311,Free Kick,Off T,Left Foot
f8f7562f-3e2d-45bd-b865-57d60ceeeaab,266240,2015-01-04,2014/2015,793,Real Sociedad,70,101.5,35.7,0.09112588,Open Play,Off T,Left Foot
175331be-0ed3-4501-a62b-73041daaa475,70303,2015-01-11,2014/2015,793,Atlético Madrid,8,110.0,53.5,0.07427039,Open Play,Off T,Right Foot
08bd4df6-d748-4e02-97f2-3276578f1f8f,70303,2015-01-11,2014/2015,793,Atlético Madrid,28,116.2,50.8,0.07840147,Open Play,Saved,Right Foot
c66e2d19-7731-484e-be42-bd0a6cedfd4a,70303,2015-01-11,2014/2015,793,Atlético Madrid,41,104.7,36.6,0.117516816,Open Play,Off T,Head
12933c7e-4235-4f9a-89f9-492d2faefea7,70303,2015-01-11,2014/2015,793,Atlético Madrid,63,109.0,37.3,0.09201705,Open Play,Blocked,Left Foot
686157a8-76ad-40d8-88a6-17f61f300bb5,70303,2015-01-11,2014/2015,793,Atlético Madrid,65,89.2,31.2,0.02971758,Free Kick,Blocked,Left Foot
ed44e25d-cae6-4ba2-bf63-a5e7ae01beae,70303,2015-01-11,2014/2015,793,Atlético Madrid,83,100.1,46.9,0.059755288,Open Play,Saved,Left Foot
daeccb67-1809-442f-8552-b59aaf53c844,70303,2015-01-11,2014/2015,793,Atlético Madrid,86,112.6,43.7,0.2288875,Open Play,Goal,Left Foot
47ef10a4-a5fc-410b-b505-c8fd8320f09e,266230,2015-01-18,2014/2015,793,RC Deportivo La Coruña,9,109.2,38.8,0.12177422,Open Play,Saved,Left Foot
0eb1361a-4127-47b1-ae39-a8b018ac1f37,266230,2015-01-18,2014/2015,793,RC Deportivo La Coruña,9,105.0,34.5,0.12850176,Open Play,Goal,Head
1f325f07-dda1-48c5-bf0a-61060b4d8318,266230,2015-01-18,2014/2015,793,RC Deportivo La Coruña,32,113.8,34.5,0.34893295,Open Play,Goal,Left Foot
4e9c5873-1baa-44be-bb9d-4dd581f57f00,266230,2015-01-18,2014/2015,793,RC Deportivo La Coruña,34,108.6,51.2,0.13248008,Open Play,Off T,Right Foot
993a3a88-7477-4edc-830b-65212a8710d4,266230,2015-01-18,2014/2015,793,RC Deportivo La Coruña,61,106.7,52.1,0.0623865,Open Play,Goal,Left Foot
f50a6067-9ba2-4a5b-b036-841e4c4a6020,266230,2015-01-18,2014/2015,793,RC Deportivo La Coruña,64,89.9,50.8,0.028949026,Free Kick,Off T,Left Foot
6a27a3b6-af7d-413d-99e9-6e18082e254d,266230,2015-01-18,2014/2015,793,RC Deportivo La Coruña,76,110.2,41.0,0.115191296,Open Play,Blocked,Left Foot
0340e102-9dae-4e17-a78d-23bc98514d12,266794,2015-01-24,2014/2015,793,Elche,20,97.9,60.3,0.01067095,Free Kick,Off T,Left Foot
cc858ec8-5173-4323-8983-e2b54763a270,266794,2015-01-24,2014/2015,793,Elche,54,108.0,40.0,0.7835,Penalty,Goal,Left Foot
30fc43e7-9ec4-4c1d-9177-a418a696680e,266794,2015-01-24,2014/2015,793,Elche,79,93.5,42.1,0.06638451,Free Kick,Saved,Left Foot
30178f0d-3ecb-4c5e-9b2c-56499f5fbda9,266794,2015-01-24,2014/2015,793,Elche,87,105.1,31.2,0.09450401,Open Play,Goal,Left Foot
05619ba1-d5c6-491c-ae81-ba7ab9399623,267597,2015-02-01,2014/2015,793,Villarreal,18,98.3,33.7,0.08316459,Free Kick,Blocked,Left Foot
f9996e0e-2621-44f3-b9ec-07236ed0028d,267597,2015-02-01,2014/2015,793,Villarreal,52,112.2,38.1,0.32233873,Open Play,Blocked,Head
328a321d-5797-4981-a5f0-c1ab7f9b6761,267597,2015-02-01,2014/2015,793,Villarreal,54,100.0,40.2,0.06276511,Open Play,Goal,Right Foot
0da0ae0b-a4f1-4b8f-8a01-84f46cd5c134,266871,2015-02-08,2014/2015,793,Athletic Club,14,91.6,54.6,0.020955082,Free Kick,Goal,Left Foot
3f1f61c0-b5a8-4976-a218-3526cdc13157,266871,2015-02-08,2014/2015,793,Athletic Club,43,101.3,46.0,0.054484632,Open Play,Blocked,Left Foot
10528bc0-2446-4609-8119-7c53efd9edaf,266871,2015-02-08,2014/2015,793,Athletic Club,59,106.0,31.8,0.07153651,Open Play,Off T,Left Foot
b7818ee6-fe08-4cf3-8ea2-99c862f8a125,266871,2015-02-08,2014/2015,793,Athletic Club,61,114.4,36.6,0.40371436,Open Play,Wayward,Left Foot
d514d396-ca8b-4535-b5fe-34667f588d4f,266741,2015-02-15,2014/2015,793,Levante UD,6,102.2,46.3,0.09211749,Open Play,Off T,Left Foot
d7e3da2e-9409-4621-959b-73aa7e23f57c,266741,2015-02-15,2014/2015,793,Levante UD,31,88.6,46.6,0.027717026,Free Kick,Off T,Left Foot
017272f6-ad35-4f24-bd8a-7a8d2892789f,266741,2015-02-15,2014/2015,793,Levante UD,33,106.6,55.3,0.050834134,Open Play,Saved,Left Foot
60d5c3e8-88d1-4ece-ab01-4019d6d1400f,266741,2015-02-15,2014/2015,793,Levante UD,37,110.2,49.4,0.22661938,Open Play,Goal,Right Foot
3f895ad8-c24d-4d59-b10f-d5408fb15206,266741,2015-02-15,2014/2015,793,Levante UD,40,107.9,37.5,0.13667023,Open Play,Off T,Right Foot
c6d360f3-0b3a-4aef-afc1-aa11ff44476f,266741,2015-02-15,2014/2015,793,Levante UD,44,114.9,51.0,0.07435693,Open Play,Off T,Right Foot
258e57e6-d48d-44b3-b95e-75c3e1e5689c,266741,2015-02-15,2014/2015,793,Levante UD,58,112.6,39.8,0.6821315,Open Play,Goal,Right Foot
ce7d1dab-3c7b-4d9e-beb3-8c25f8230854,266741,2015-02-15,2014/2015,793,Levante UD,64,108.0,40.0,0.7835,Penalty,Goal,Left Foot
ed6bfd1d-61c4-405b-8ac8-e170f40dfc66,266741,2015-02-15,2014/2015,793,Levante UD,85,101.0,45.9,0.056671873,Open Play,Saved,Left Foot
f8e11923-e26a-47e0-8a58-2fcae6557c25,266148,2015-02-21,2014/2015,793,Málaga,29,93.8,28.2,0.047456406,Free Kick,Off T,Left Foot
66cd94be-4207-445d-89af-f6d2c6fd5d02,267343,2015-02-28,2014/2015,793,Granada,35,106.7,48.0,0.11771233,Open Play,Off T,Right Foot
17b88d52-4f31-4cd7-b01e-c6469add12dd,267343,2015-02-28,2014/2015,793,Granada,45,114.4,39.4,0.5433782,Open Play,Saved,Left Foot
d79e22db-2f01-47d8-be94-9e49548bd575,267343,2015-02-28,2014/2015,793,Granada,64,95.3,57.0,0.018530168,Free Kick,Off T,Left Foot
6b9b78ac-80d6-46c4-83ed-44ca7e299b23,267343,2015-02-28,2014/2015,793,Granada,69,111.3,40.8,0.66974026,Open Play,Goal,Right Foot
12427799-8fa5-4c12-b170-60440cc5f2cb,267343,2015-02-28,2014/2015,793,Granada,80,109.1,50.6,0.09428223,Open Play,Off T,Left Foot
196f283b-2e27-41dc-8a82-45b5ace17f28,267343,2015-02-28,2014/2015,793,Granada,86,115.8,48.3,0.24489918,Open Play,Saved,Right Foot
c743b132-a431-4d9e-929d-8f916964d1bd,266916,2015-03-08,2014/2015,793,Rayo Vallecano,31,109.2,48.3,0.3683019,Open Play,Off T,Left Foot
0b6a6b8c-39b3-4ea9-b153-bee3b6b0bf2e,266916,2015-03-08,2014/2015,793,Rayo Vallecano,55,108.1,40.1,0.7835,Penalty,Goal,Left Foot
8d5d77db-3650-4f63-9450-4569e807c5ba,266916,2015-03-08,2014/2015,793,Rayo Vallecano,62,114.3,40.5,0.6681712,Open Play,Goal,Left Foot
1faa7242-695b-4b6a-b169-59c8046c601f,266916,2015-03-08,2014/2015,793,Rayo Vallecano,66,99.6,52.9,0.06730314,Free Kick,Saved,Left Foot
e67129ff-1317-424e-996f-9b272d9f7e40,266916,2015-03-08,2014/2015,793,Rayo Vallecano,67,116.2,31.8,0.46639612,Open Play,Goal,Left Foot
7e99fd75-2455-4f6f-bd13-037ff6880362,266916,2015-03-08,2014/2015,793,Rayo Vallecano,86,119.5,47.8,0.03505966,Open Play,Off T,Right Foot
3c0eb1c8-5c15-4e0e-8037-06019f569ce7,266967,2015-03-14,2014/2015,793,Eibar,1,109.9,38.3,0.094198145,Open Play,Blocked,Left Foot
a1ee851d-443b-4529-8d0b-a19b70b4f8d9,266967,2015-03-14,2014/2015,793,Eibar,29,105.2,43.0,0.08475671,Open Play,Blocked,Left Foot
4add3585-d0d8-4871-9de6-35d118e98a95,266967,2015-03-14,2014/2015,793,Eibar,30,108.1,40.1,0.7835,Penalty,Goal,Left Foot
a2f6ae5a-c31e-445a-93e9-2da3f0933dd3,266967,2015-03-14,2014/2015,793,Eibar,53,107.7,42.4,0.069931775,Open Play,Goal,Head
54d505db-35cc-4490-970c-c31e109f6268,267183,2015-03-22,2014/2015,793,Real Madrid,16,105.7,39.1,0.089962654,Open Play,Off T,Head
aa0cb3c6-807d-4ecb-81fa-f356c185af31,267183,2015-03-22,2014/2015,793,Real Madrid,22,93.5,27.6,0.044288155,Free Kick,Blocked,Left Foot
0e42846d-3638-45e2-922b-10c12abf24b1,267183,2015-03-22,2014/2015,793,Real Madrid,72,97.9,43.6,0.043053918,Open Play,Off T,Left Foot
d9d9f425-3f4a-4e50-aa12-afbb67ae3c2e,267183,2015-03-22,2014/2015,793,Real Madrid,76,111.1,29.6,0.09061506,Open Play,Blocked,Right Foot
dd1a6e5e-ddbe-4733-a932-ae9b211e592f,267183,2015-03-22,2014/2015,793,Real Madrid,86,106.8,31.1,0.09575085,Open Play,Saved,Left Foot
b0f1edf8-0ca3-4a1e-a550-af3e39876477,266929,2015-04-05,2014/2015,793,Celta Vigo,12,103.0,39.3,0.14506325,Open Play,Saved,Left Foot
ebcaddab-f444-4a21-979a-ecd9ac4206bb,266929,2015-04-05,2014/2015,793,Celta Vigo,53,114.1,34.5,0.0879483,Open Play,Off T,Left Foot
3dfe775d-5fe9-4bf9-bf4b-2748e2025f00,266929,2015-04-05,2014/2015,793,Celta Vigo,61,104.3,35.9,0.03948969,Open Play,Blocked,Left Foot
59db2f31-6b17-4e0e-91df-62292c7ed1bc,266929,2015-04-05,2014/2015,793,Celta Vigo,89,107.8,36.7,0.30351824,Open Play,Off T,Left Foot
fbfae3ce-8cdb-4ace-a62d-3271816b68e2,267400,2015-04-08,2014/2015,793,Almería,12,104.9,46.8,0.106727555,Open Play,Saved,Head
f81c92b3-48c0-4efe-91db-07bb599c5870,267400,2015-04-08,2014/2015,793,Almería,32,104.1,58.1,0.020557564,Open Play,Goal,Left Foot
4d02c5c2-a71b-42e3-83b9-e29ba034bebf,267400,2015-04-08,2014/2015,793,Almería,83,93.5,24.3,0.024238471,Free Kick,Blocked,Left Foot
c35fcb7a-c6fd-4ee8-85ba-80339e8ed85a,267400,2015-04-08,2014/2015,793,Almería,84,90.0,51.6,0.024892746,Free Kick,Saved,Left Foot
a7185f2f-cc11-4e26-b286-9c336475059d,267400,2015-04-08,2014/2015,793,Almería,87,100.3,58.3,0.020531192,Free Kick,Saved,Left Foot
6aecd922-4431-4be2-bf12-a868592918e5,266142,2015-04-11,2014/2015,793,Sevilla,8,92.0,45.6,0.024927953,Open Play,Blocked,Left Foot
298c307c-7b85-4e8b-b5f5-dc11ac9d09c2,266142,2015-04-11,2014/2015,793,Sevilla,9,105.3,30.8,0.04538518,Open Play,Blocked,Left Foot
d1adb160-0fc5-4539-a668-8f726057f433,266142,2015-04-11,2014/2015,793,Sevilla,13,105.7,50.9,0.05854042,Open Play,Goal,Left Foot
858daf33-df76-49f3-83fe-575126e14f3e,266142,2015-04-11,2014/2015,793,Sevilla,44,100.7,25.6,0.0632795,Free Kick,Saved,Left Foot
f17524c0-5a7b-4400-bc0a-6b7d41320678,266142,2015-04-11,2014/2015,793,Sevilla,60,103.0,33.0,0.039789546,Open Play,Blocked,Left Foot
d63836bd-bee2-41d6-a64f-6e342ffe80c2,266142,2015-04-11,2014/2015,793,Sevilla,73,87.3,47.5,0.02262794,Free Kick,Blocked,Left Foot
8ec0aeda-df5b-477b-a638-857f933b3709,266525,2015-04-18,2014/2015,793,Valencia,39,110.9,46.4,0.18182975,Open Play,Off T,Right Foot
04a71cbe-0ccc-400e-8d24-9617e2505df3,266525,2015-04-18,2014/2015,793,Valencia,63,99.1,57.8,0.0314552,Free Kick,Post,Left Foot
16b7580f-9da5-4803-929a-7c13301505b9,266525,2015-04-18,2014/2015,793,Valencia,93,106.2,38.5,0.4103609,Open Play,Saved,Left Foot
0dfbd199-cac8-469a-8b98-46419b48b36a,266525,2015-04-18,2014/2015,793,Valencia,93,110.1,39.8,0.8206163,Open Play,Goal,Left Foot
769b982c-6eeb-4d35-a25c-3a0b8892077f,266531,2015-04-25,2014/2015,793,Espanyol,24,118.5,31.3,0.031681888,Open Play,Goal,Left Foot
c726b0b8-7f3e-4a26-8b55-a498850cd713,266531,2015-04-25,2014/2015,793,Espanyol,56,105.4,29.8,0.20167184,Open Play,Post,Left Foot
7a11b6f3-0013-471b-83c2-fb95b402a7bd,266531,2015-04-25,2014/2015,793,Espanyol,67,94.6,25.1,0.04105237,Free Kick,Blocked,Left Foot
ae73cacd-2d43-460f-bea5-f6517921400d,266531,2015-04-25,2014/2015,793,Espanyol,76,111.5,41.7,0.17526214,Open Play,Blocked,Left Foot
fbd7a6d7-cd19-444a-9c59-3cb90e78a826,265963,2015-04-28,2014/2015,793,Getafe,8,108.0,40.0,0.7835,Penalty,Goal,Left Foot
9b21192f-4a79-44bc-88e9-005577e72d4f,265963,2015-04-28,2014/2015,793,Getafe,19,102.1,48.8,0.06093577,Open Play,Off T,Left Foot
a2fb29b7-5cc3-4420-a97e-de07ec432b88,265963,2015-04-28,2014/2015,793,Getafe,46,108.5,54.0,0.030443307,Open Play,Goal,Left Foot
a7cba5ef-f6f0-4d06-bf2a-a89099579fa6,265963,2015-04-28,2014/2015,793,Getafe,71,116.0,29.5,0.104130045,Open Play,Saved,Left Foot
3d325c87-6d3b-407b-acf9-2d405b2b6eef,265963,2015-04-28,2014/2015,793,Getafe,82,97.2,34.7,0.07532283,Free Kick,Saved,Left Foot
19fbea81-502a-45a4-bc81-08f4f0c64a20,265866,2015-05-02,2014/2015,793,Córdoba CF,11,109.8,39.4,0.10875897,Open Play,Blocked,Left Foot
38e3adc4-9caa-4654-b2a7-6481d9c8fb8c,265866,2015-05-02,2014/2015,793,Córdoba CF,21,98.4,48.3,0.025427207,Open Play,Blocked,Left Foot
d7629131-499e-469d-aa9e-d87b8cdb4938,265866,2015-05-02,2014/2015,793,Córdoba CF,26,107.1,41.3,0.14467472,Open Play,Saved,Left Foot
5dfe886f-7c17-4426-965e-da73fc24d5e8,265866,2015-05-02,2014/2015,793,Córdoba CF,41,93.3,34.3,0.06007076,Free Kick,Blocked,Left Foot
b4667af2-a820-4331-8495-75898edb6ee6,265866,2015-05-02,2014/2015,793,Córdoba CF,46,106.8,42.9,0.09478591,Open Play,Goal,Head
5427e4e5-1bfd-4f4e-8c89-75c5e3e51d5c,265866,2015-05-02,2014/2015,793,Córdoba CF,67,100.4,40.6,0.059248198,Open Play,Off T,Left Foot
511b17bb-7b96-4a12-8b44-a65e768ae8aa,265866,2015-05-02,2014/2015,793,Córdoba CF,77,112.5,40.9,0.17990799,Open Play,Off T,Head
7f350464-2feb-4ecd-a3ae-5da21cb17cbb,265866,2015-05-02,2014/2015,793,Córdoba CF,79,118.2,39.0,0.7929378,Open Play,Goal,Left Foot
bb48dc32-53c4-40bb-b68a-b02e3950701c,266045,2015-05-09,2014/2015,793,Real Sociedad,7,105.9,42.8,0.071746714,Open Play,Saved,Head
1733196f-fd8f-4f30-91e7-b394dde0fd6c,266045,2015-05-09,2014/2015,793,Real Sociedad,69,103.1,39.4,0.05324051,Open Play,Blocked,Left Foot
d5baedda-4d1e-41ea-ba70-09441b870ce1,266045,2015-05-09,2014/2015,793,Real Sociedad,84,102.0,34.2,0.119053654,Open Play,Saved,Left Foot
9f478fa4-8368-4c08-b78e-a2a620b1ed18,266045,2015-05-09,2014/2015,793,Real Sociedad,86,102.9,41.8,0.10377024,Open Play,Off T,Left Foot
7db3aa60-f014-4922-9be4-92d50d23e9b2,266631,2015-05-17,2014/2015,793,Atlético Madrid,11,104.5,30.3,0.054865986,Open Play,Saved,Left Foot
7a05f8c2-afec-4085-a842-8764fb2e5a91,266631,2015-05-17,2014/2015,793,Atlético Madrid,12,110.2,38.6,0.14381783,Open Play,Saved,Head
4504a6c9-9d7d-414d-ac39-5ee8d0f02d47,266631,2015-05-17,2014/2015,793,Atlético Madrid,17,100.0,31.6,0.045610327,Open Play,Off T,Left Foot
83024bf5-8ced-44aa-a779-0ed74abeb281,266631,2015-05-17,2014/2015,793,Atlético Madrid,19,108.4,36.8,0.12449091,Open Play,Blocked,Head
82467390-bf9c-4698-b4d4-0a634b69bde8,266631,2015-05-17,2014/2015,793,Atlético Madrid,33,109.7,62.7,0.0076346844,Free Kick,Post,Left Foot
b44e50ec-4888-4353-a010-9eb41062c588,266631,2015-05-17,2014/2015,793,Atlético Madrid,64,108.4,34.4,0.05204513,Open Play,Goal,Left Foot
8ab3829f-43fc-4a07-878d-f403aee952a3,266631,2015-05-17,2014/2015,793,Atlético Madrid,89,95.9,26.8,0.04884698,Free Kick,Saved,Left Foot
415e7625-2de5-40a6-9e65-83b28c41d14e,267197,2015-05-23,2014/2015,793,RC Deportivo La Coruña,4,113.5,36.1,0.24557361,Open Play,Goal,Head
cb99cf30-136b-416a-aa31-b91219cba634,267197,2015-05-23,2014/2015,793,RC Deportivo La Coruña,14,108.7,35.5,0.05071556,Open Play,Saved,Head
2f0cbce2-0bfc-415d-87b4-50fe7a2f3754,267197,2015-05-23,2014/2015,793,RC Deportivo La Coruña,16,99.2,47.4,0.06101364,Open Play,Saved,Left Foot
74564a04-527f-4816-9d40-856cf0ac3b24,267197,2015-05-23,2014/2015,793,RC Deportivo La Coruña,16,100.3,47.3,0.047494877,Open Play,Off T,Left Foot
47017600-428b-4c6c-9926-d2a8f5afc1ce,267197,2015-05-23,2014/2015,793,RC Deportivo La Coruña,58,112.2,45.3,0.69642335,Open Play,Goal,Right Foot
c84e0b34-271a-4c32-bd3e-a735297dd7f4,266236,2015-08-23,2015/2016,793,Athletic Club,30,107.9,40.1,0.7835,Penalty,Saved,Left Foot
5637dbb0-4e97-457b-ac24-5473fdf12dbb,266236,2015-08-23,2015/2016,793,Athletic Club,37,90.1,48.7,0.038241796,Free Kick,Blocked,Left Foot
9568997d-bb35-4655-841b-1571fe85c684,266236,2015-08-23,2015/2016,793,Athletic Club,37,92.8,48.6,0.024216257,Open Play,Off T,Left Foot
06d9c112-858c-444a-ac14-752f11320c75,266236,2015-08-23,2015/2016,793,Athletic Club,86,103.8,35.6,0.11785116,Open Play,Saved,Left Foot
c548ace4-72e5-4022-a652-bc6b4e269e08,267422,2015-08-29,2015/2016,793,Málaga,13,99.8,48.4,0.031388998,Open Play,Blocked,Left Foot
2a696464-e2b6-4990-85f7-49d294ead561,267422,2015-08-29,2015/2016,793,Málaga,51,107.7,37.7,0.18648198,Open Play,Saved,Left Foot
4afedd1b-2f8f-4baa-a082-e5247dbcfa99,267422,2015-08-29,2015/2016,793,Málaga,57,105.1,50.9,0.06147192,Open Play,Saved,Left Foot
25b1c2e8-f39d-4b8b-b444-fa73d4130feb,267422,2015-08-29,2015/2016,793,Málaga,64,115.9,51.1,0.060241994,Open Play,Saved,Right Foot
59ab20e7-4df5-4fd9-bfb4-be00af2c58b5,267422,2015-08-29,2015/2016,793,Málaga,69,91.3,45.6,0.025775654,Open Play,Saved,Left Foot
f277705f-f7ac-4b63-9981-bbdabbb1a08c,267422,2015-08-29,2015/2016,793,Málaga,71,107.5,34.7,0.06287669,Open Play,Blocked,Right Foot
8ef50e12-7c81-4f2e-b377-26d242f5630e,267422,2015-08-29,2015/2016,793,Málaga,83,108.9,32.0,0.057921093,Open Play,Saved,Left Foot
e6b1dfb0-cb3f-4be2-a4f0-639e92ce1581,266166,2015-09-12,2015/2016,793,Atlético Madrid,76,110.8,32.5,0.20186234,Open Play,Goal,Left Foot
fbff1a3c-a1fa-4df3-a03b-c21e5d010e17,266166,2015-09-12,2015/2016,793,Atlético Madrid,85,99.7,36.1,0.08975408,Open Play,Off T,Left Foot
76fbad4d-9f7c-486f-af91-1e56c4aff66a,266166,2015-09-12,2015/2016,793,Atlético Madrid,89,94.1,27.2,0.043765664,Free Kick,Off T,Left Foot
f519fd76-3ea3-41e7-9c4b-0ab203187544,266490,2015-09-20,2015/2016,793,Levante UD,14,102.1,21.4,0.009254039,Open Play,Blocked,Left Foot
2971640b-253b-45c4-818e-daa85de51838,266490,2015-09-20,2015/2016,793,Levante UD,14,101.0,39.6,0.09255123,Open Play,Blocked,Left Foot
50d41250-e9fa-433c-a928-b00ac82495f3,266490,2015-09-20,2015/2016,793,Levante UD,14,107.8,44.9,0.11449516,Open Play,Saved,Left Foot
56c6f357-4623-4ce3-a3ed-a378cc76e57a,266490,2015-09-20,2015/2016,793,Levante UD,17,94.4,29.6,0.056144536,Free Kick,Off T,Left Foot
1d400672-67bf-47f7-a570-b4c33ff61533,266490,2015-09-20,2015/2016,793,Levante UD,35,101.1,28.2,0.0328684,Open Play,Saved,Left Foot
d913f681-28db-4828-a305-9ecd47a8f35e,266490,2015-09-20,2015/2016,793,Levante UD,38,108.1,37.7,0.07834836,Open Play,Off T,Head
9a138ece-7780-4ba8-ab31-43c9457cc280,266490,2015-09-20,2015/2016,793,Levante UD,45,95.2,46.0,0.07018719,Free Kick,Off T,Left Foot
8aef0d3b-1739-4035-83a1-dfa73570b967,266490,2015-09-20,2015/2016,793,Levante UD,60,108.1,40.1,0.7835,Penalty,Goal,Left Foot
a8f1c2d5-aa75-4e3a-b92e-be4db8acf4bd,266490,2015-09-20,2015/2016,793,Levante UD,75,108.3,40.1,0.7835,Penalty,Off T,Left Foot
bd6630f8-66d3-4ec4-a126-d087d0a2de70,266490,2015-09-20,2015/2016,793,Levante UD,89,103.6,38.8,0.1288102,Open Play,Goal,Left Foot
42780d29-0780-4e51-896a-dae433f6b4ef,266467,2015-09-23,2015/2016,793,Celta Vigo,10,107.9,27.1,0.07016544,Open Play,Saved,Left Foot
82dbe2d6-6961-4bf8-8dd5-714e239f0b9f,266467,2015-09-23,2015/2016,793,Celta Vigo,20,98.1,32.3,0.03589302,Open Play,Blocked,Left Foot
fe51928d-83aa-435f-bb90-6b6062f05fb2,266467,2015-09-23,2015/2016,793,Celta Vigo,21,102.9,43.7,0.063577905,Open Play,Blocked,Left Foot
a8f6ab14-7522-4ff4-9019-e3268f74b710,266467,2015-09-23,2015/2016,793,Celta Vigo,52,107.4,40.1,0.1414436,Open Play,Post,Left Foot
2a7c23f2-5c65-4512-981f-ff239e76d89a,266467,2015-09-23,2015/2016,793,Celta Vigo,55,105.2,28.6,0.13523266,Open Play,Saved,Left Foot
ed99dad8-b056-4756-89c5-bc14ce0e891b,266467,2015-09-23,2015/2016,793,Celta Vigo,87,105.8,47.3,0.09803956,Open Play,Saved,Right Foot
3b82944a-c0bc-4659-80ae-5253f1e2c787,266467,2015-09-23,2015/2016,793,Celta Vigo,90,89.1,38.1,0.03216691,Free Kick,Off T,Left Foot
a67f7c1d-49e9-4d44-a193-03c45a53cbe7,266424,2015-11-21,2015/2016,793,Real Madrid,65,108.0,32.1,0.12468384,Open Play,Blocked,Left Foot
55b07cde-34d6-4cc9-b9f8-f01a7ed26c16,266424,2015-11-21,2015/2016,793,Real Madrid,67,88.6,35.5,0.02699797,Free Kick,Blocked,Left Foot
5f7db7fa-6b25-4d9a-8121-456e185ac9c8,266885,2015-11-28,2015/2016,793,Real Sociedad,58,104.5,32.7,0.118607216,Open Play,Off T,Left Foot
fe7c4f80-17ed-4c31-a295-6d683828d7f6,266885,2015-11-28,2015/2016,793,Real Sociedad,59,107.7,33.0,0.12886675,Open Play,Saved,Left Foot
b823cd52-dca5-4b0b-a939-8ed9485fcc08,266885,2015-11-28,2015/2016,793,Real Sociedad,67,97.6,29.8,0.072234705,Free Kick,Post,Left Foot
86974464-8cc6-4721-b8c6-247679b9ddc6,266885,2015-11-28,2015/2016,793,Real Sociedad,86,106.9,53.0,0.059738506,Open Play,Post,Right Foot
7ac8146d-566c-4857-ba36-3c7a4c097740,266885,2015-11-28,2015/2016,793,Real Sociedad,87,105.3,33.3,0.08110295,Open Play,Blocked,Right Foot
0bec3404-cce9-4082-aeae-beb5475155c1,266885,2015-11-28,2015/2016,793,Real Sociedad,89,117.8,36.0,0.3772729,Open Play,Saved,Left Foot
3d71df7f-846c-4ea9-b118-35109b3479fd,266885,2015-11-28,2015/2016,793,Real Sociedad,90,115.5,44.7,0.60287935,Open Play,Goal,Left Foot
8701259d-0eda-4a47-9fbb-59b265f4ad4e,267274,2015-12-05,2015/2016,793,Valencia,4,110.1,40.7,0.2027444,Open Play,Off T,Left Foot
c176973f-8458-4934-8b0c-d21717c45b24,267274,2015-12-05,2015/2016,793,Valencia,9,107.0,39.1,0.056525357,Open Play,Blocked,Left Foot
742c338b-334e-41a9-9cfc-1956033fb33d,267274,2015-12-05,2015/2016,793,Valencia,23,95.9,51.2,0.027761657,Open Play,Blocked,Left Foot
d40bfe30-ab29-4649-91d7-387c197ac400,267274,2015-12-05,2015/2016,793,Valencia,25,112.6,33.1,0.22838086,Open Play,Saved,Right Foot
b95de54a-d5bf-42b7-851c-9f6e03376412,267274,2015-12-05,2015/2016,793,Valencia,46,92.5,38.2,0.024905056,Open Play,Saved Off Target,Left Foot
3bf1e748-216a-49f7-a903-bab50f647204,267274,2015-12-05,2015/2016,793,Valencia,87,92.8,60.5,0.008493287,Free Kick,Saved,Left Foot
20188482-262a-4837-9ccd-907c4d2a2468,267274,2015-12-05,2015/2016,793,Valencia,90,101.2,39.4,0.054578137,Open Play,Saved,Left Foot
8528b153-1fc5-4075-b66e-5c4eac65b74f,266961,2015-12-12,2015/2016,793,RC Deportivo La Coruña,13,89.1,45.1,0.03643483,Free Kick,Saved,Left Foot
a33eceb6-2208-417b-a7e4-52ec75ab23c1,266961,2015-12-12,2015/2016,793,RC Deportivo La Coruña,21,111.4,40.1,0.08387053,Open Play,Blocked,Left Foot
afbb49c8-dafb-4a79-bee7-f5a12d7c9c4a,266961,2015-12-12,2015/2016,793,RC Deportivo La Coruña,26,103.2,30.7,0.062552825,Open Play,Off T,Left Foot
611098ea-808e-4325-8217-1ba92a797286,266961,2015-12-12,2015/2016,793,RC Deportivo La Coruña,30,98.2,54.3,0.023314444,Open Play,Saved,Left Foot
75d33711-acaa-4010-bffb-4a7217cc81bc,266961,2015-12-12,2015/2016,793,RC Deportivo La Coruña,38,92.3,44.1,0.05666045,Free Kick,Goal,Left Foot
676cce54-ef5a-40be-8b9e-3ae5620ca134,266961,2015-12-12,2015/2016,793,RC Deportivo La Coruña,59,111.6,55.8,0.017550224,Open Play,Off T,Left Foot
66593728-226a-4f46-ae3b-475c41cf5667,266961,2015-12-12,2015/2016,793,RC Deportivo La Coruña,64,113.2,59.7,0.007970636,Open Play,Saved,Right Foot
ad5b96c9-07c5-46c3-9ee0-9c0787c20416,266961,2015-12-12,2015/2016,793,RC Deportivo La Coruña,66,100.9,33.5,0.082342595,Open Play,Blocked,Left Foot
3d6e4cb2-dfde-4a1d-9931-f9ed1ebb4277,267327,2015-12-30,2015/2016,793,Real Betis,21,90.0,33.7,0.039353047,Free Kick,Off T,Left Foot
4f0ed81c-4a9a-4a18-8ac7-e68ed0db16f2,267327,2015-12-30,2015/2016,793,Real Betis,32,112.3,38.2,0.5633142,Open Play,Goal,Right Foot
6803e65c-8c0c-48fc-b398-fb44642a17f6,267327,2015-12-30,2015/2016,793,Real Betis,60,107.7,37.0,0.12003958,Open Play,Blocked,Left Foot
246a0423-eab5-40a9-9eec-afc32d8454d9,267327,2015-12-30,2015/2016,793,Real Betis,61,109.8,30.2,0.17522186,Open Play,Saved,Left Foot
a95edda0-99b9-406a-9241-1fcada5c2169,267327,2015-12-30,2015/2016,793,Real Betis,68,91.6,30.9,0.035006933,Free Kick,Saved to Post,Left Foot
b5192d74-353e-4252-bdea-6138fdc04dc4,267327,2015-12-30,2015/2016,793,Real Betis,73,96.3,43.0,0.08322828,Free Kick,Post,Left Foot
39313a8a-06fa-4dbf-9e09-93232be3a6c2,266670,2016-01-02,2015/2016,793,Espanyol,35,89.3,40.3,0.03474868,Free Kick,Post,Left Foot
6c075fbc-e037-4271-9f3a-c97e2acaf743,266670,2016-01-02,2015/2016,793,Espanyol,50,107.5,31.8,0.09230284,Open Play,Blocked,Left Foot
1f6d2341-b150-47ff-b45e-ffd34aab8aa0,266670,2016-01-02,2015/2016,793,Espanyol,63,100.3,47.6,0.08497689,Open Play,Saved,Left Foot
6f36ce21-5a97-4c59-81d4-34c457be12a4,266670,2016-01-02,2015/2016,793,Espanyol,88,87.3,42.2,0.03074007,Free Kick,Off T,Left Foot
d01376b4-be3f-4cbe-b584-d8a6d37d2930,266620,2016-01-09,2015/2016,793,Granada,7,113.4,36.5,0.44654724,Open Play,Goal,Left Foot
e8c495dc-b757-4fe9-8cc1-023257fac4e4,266620,2016-01-09,2015/2016,793,Granada,13,118.0,32.9,0.34811714,Open Play,Goal,Left Foot
9e4df83e-aee3-419c-8c2f-67338d26352d,266620,2016-01-09,2015/2016,793,Granada,30,112.4,43.9,0.26486662,Open Play,Saved,Left Foot
950206c9-98a7-4315-a2e0-cb99148da851,266620,2016-01-09,2015/2016,793,Granada,57,112.6,39.5,0.54631764,Open Play,Goal,Left Foot
f2b11975-12d2-481a-9d4c-9e23492817e2,266620,2016-01-09,2015/2016,793,Granada,60,97.1,62.0,0.008511118,Free Kick,Blocked,Left Foot
a03d512c-aa96-4b45-84d6-cfbab64fae20,266149,2016-01-17,2015/2016,793,Athletic Club,6,108.0,40.0,0.7835,Penalty,Goal,Left Foot
c51d7cac-f754-4e09-98d7-7ae26927b4c8,266149,2016-01-17,2015/2016,793,Athletic Club,34,108.3,41.5,0.1758322,Open Play,Off T,Left Foot
e88333b5-fa20-4653-b48d-dec89bfb927b,266149,2016-01-17,2015/2016,793,Athletic Club,40,91.6,39.2,0.048041306,Free Kick,Off T,Left Foot
57b5c2c8-4623-461c-984c-48ab0290b583,265894,2016-01-23,2015/2016,793,Málaga,43,113.7,39.7,0.31566206,Open Play,Blocked,Right Foot
68d1f08f-d7f3-4b3a-87ce-40499952cc52,265894,2016-01-23,2015/2016,793,Málaga,49,94.0,50.0,0.055730876,Free Kick,Blocked,Left Foot
82b83f49-9e9b-4dcb-857c-fcb650fbf129,265894,2016-01-23,2015/2016,793,Málaga,50,113.7,45.2,0.23106429,Open Play,Goal,Left Foot
823a060f-e6d0-4ada-9ccd-5f16d307dbd1,265894,2016-01-23,2015/2016,793,Málaga,80,111.6,49.6,0.22053735,Open Play,Off T,Left Foot
5119c069-7744-4618-9662-0cf166178400,265894,2016-01-23,2015/2016,793,Málaga,86,87.1,34.2,0.024582764,Free Kick,Blocked,Left Foot
b3c79734-58bc-401b-aa29-49e88c20eea4,265894,2016-01-23,2015/2016,793,Málaga,87,108.5,32.2,0.07766422,Open Play,Saved,Left Foot
3563288e-ecc2-4be2-b61b-d98de04e11b5,267576,2016-01-30,2015/2016,793,Atlético Madrid,25,92.4,53.6,0.03034106,Free Kick,Off T,Left Foot
8dd694f6-8993-485b-997c-a9f8b97bb02c,267576,2016-01-30,2015/2016,793,Atlético Madrid,29,109.9,37.3,0.15589306,Open Play,Goal,Left Foot
f5e6568d-c5cb-402f-a446-c895b4677fd2,267576,2016-01-30,2015/2016,793,Atlético Madrid,67,114.2,63.4,0.008369259,Free Kick,Saved,Left Foot
8274e786-23f4-44ed-8904-03797633a01e,266160,2016-02-07,2015/2016,793,Levante UD,47,98.5,33.0,0.0595398,Open Play,Saved,Left Foot
b86f6dff-5bcc-45bf-9421-2f9c4b82f107,266160,2016-02-07,2015/2016,793,Levante UD,66,96.7,25.6,0.047456216,Free Kick,Off T,Left Foot
72b976cd-d521-4808-a47b-4ee63333fbab,266254,2016-02-14,2015/2016,793,Celta Vigo,11,95.8,52.7,0.04566393,Free Kick,Off T,Left Foot
25d00e0f-358b-4832-9fbf-ea18eb8d84c3,266254,2016-02-14,2015/2016,793,Celta Vigo,27,90.5,51.0,0.03440175,Free Kick,Goal,Left Foot
597894a4-b1a8-46b5-9b75-feb6078179f6,266254,2016-02-14,2015/2016,793,Celta Vigo,29,102.7,40.0,0.06396358,Open Play,Saved,Left Foot
a623a086-f98c-4403-b849-6a878ff47496,266254,2016-02-14,2015/2016,793,Celta Vigo,80,108.1,40.1,0.7835,Penalty,Wayward,Left Foot
6ad94df9-ffdd-4d1f-a87e-117734f5ea46,266815,2016-02-17,2015/2016,793,Sporting Gijón,24,93.9,43.6,0.034014713,Open Play,Goal,Left Foot
740c6149-c707-4747-8b05-0ae57a12d283,266815,2016-02-17,2015/2016,793,Sporting Gijón,30,110.9,48.8,0.09721118,Open Play,Goal,Left Foot
87118229-9773-4bcf-9c60-140fafe5a692,266815,2016-02-17,2015/2016,793,Sporting Gijón,32,104.3,40.1,0.12105316,Open Play,Saved,Left Foot
bfa848a4-5fb9-4d89-a110-dbddbddc56c2,266815,2016-02-17,2015/2016,793,Sporting Gijón,91,104.7,35.5,0.042875428,Open Play,Blocked,Left Foot
44f3917e-6abf-4e0b-b9fa-fca435c41efc,267273,2016-02-20,2015/2016,793,Las Palmas,14,115.4,34.2,0.24212627,Open Play,Saved,Left Foot
04a2e3f4-76d7-4736-a493-942ee6505d1e,267273,2016-02-20,2015/2016,793,Las Palmas,38,113.5,42.1,0.26131466,Open Play,Saved,Right Foot
677773d5-4294-46fc-bd96-df787d991b86,267273,2016-02-20,2015/2016,793,Las Palmas,41,109.2,36.8,0.2020558,Open Play,Blocked,Left Foot
151b5a88-bc6f-4076-aa5b-ac9b90c4997a,267273,2016-02-20,2015/2016,793,Las Palmas,84,88.0,36.2,0.029365605,Free Kick,Blocked,Left Foot
a24e1560-f6d7-4aa9-8912-bcaa3f7ba25e,265839,2016-02-28,2015/2016,793,Sevilla,30,99.6,29.6,0.074548624,Free Kick,Goal,Left Foot
89a04be6-6216-400b-bb20-0e5a00648267,265839,2016-02-28,2015/2016,793,Sevilla,36,108.3,28.1,0.058455277,Open Play,Saved,Left Foot
aa11f794-5f85-403b-aa97-8700f34f75bf,265839,2016-02-28,2015/2016,793,Sevilla,43,107.6,54.3,0.05036783,Open Play,Blocked,Left Foot
51969e3b-b2e8-4247-b1fd-431aa22019ea,265839,2016-02-28,2015/2016,793,Sevilla,75,110.8,29.0,0.06768157,Open Play,Off T,Left Foot
c6e9ea3a-2793-414b-af61-e3e7c2c5b8b7,266653,2016-03-03,2015/2016,793,Rayo Vallecano,20,111.9,28.4,0.10564601,Open Play,Saved,Left Foot
d02078ff-a25b-4ac2-bbdc-55cae3d80785,266653,2016-03-03,2015/2016,793,Rayo Vallecano,22,108.3,34.4,0.20263678,Open Play,Goal,Left Foot
602e6932-ef9d-4c48-88cf-f79ea806375b,266653,2016-03-03,2015/2016,793,Rayo Vallecano,52,109.8,39.3,0.19386896,Open Play,Goal,Left Foot
e6230d31-d7e7-43d7-b55b-ce3867095264,266653,2016-03-03,2015/2016,793,Rayo Vallecano,63,104.2,35.8,0.116288066,Open Play,Off T,Left Foot
1495cb78-9c0d-4d26-9502-fe5a5881a3c1,266653,2016-03-03,2015/2016,793,Rayo Vallecano,71,105.2,43.4,0.27113342,Open Play,Goal,Left Foot
2239614b-7704-4908-9a8c-88bb504023b8,266056,2016-03-06,2015/2016,793,Eibar,41,105.3,30.5,0.14010455,Open Play,Goal,Left Foot
02fb8793-907a-4f9d-8ec6-37c8607d607c,266056,2016-03-06,2015/2016,793,Eibar,54,108.8,29.3,0.07260708,Open Play,Blocked,Left Foot
da5fa654-516d-40c7-9258-13726dcf940b,266056,2016-03-06,2015/2016,793,Eibar,70,88.2,39.9,0.024191283,Free Kick,Saved,Left Foot
36874b07-67b8-4503-ac3a-e997d2063436,266056,2016-03-06,2015/2016,793,Eibar,75,108.1,40.2,0.7835,Penalty,Goal,Left Foot
ba5bf2df-a64b-4a91-8c4b-c6154175b20c,266498,2016-03-12,2015/2016,793,Getafe,10,108.0,40.0,0.7835,Penalty,Saved,Left Foot
c2fa4f5a-2804-4e5f-ad81-4f9eac903846,266498,2016-03-12,2015/2016,793,Getafe,16,92.1,34.1,0.056815397,Free Kick,Off T,Left Foot
028e64df-c6f1-4e8f-9077-4a58281e968a,266498,2016-03-12,2015/2016,793,Getafe,26,108.4,55.3,0.047487058,Open Play,Blocked,Left Foot
b8597aa2-d318-4ee7-ba99-521e532a9d5e,266498,2016-03-12,2015/2016,793,Getafe,39,94.6,40.3,0.03750979,Open Play,Goal,Left Foot
b4e6a72e-4a5a-45b0-9730-9b1489c3c105,266498,2016-03-12,2015/2016,793,Getafe,42,90.3,47.5,0.03439893,Free Kick,Off T,Left Foot
099aa10b-a421-4a65-af19-455f15093da6,266498,2016-03-12,2015/2016,793,Getafe,62,107.2,27.4,0.091590956,Open Play,Off T,Left Foot
85c93e37-cedd-4fe7-bbbc-9272f030c8ee,266106,2016-03-20,2015/2016,793,Villarreal,12,96.8,34.9,0.038867995,Open Play,Blocked,Left Foot
fc3c3860-2cbb-4e72-b608-5150e734cfe5,266106,2016-03-20,2015/2016,793,Villarreal,14,96.7,58.8,0.009551213,Open Play,Off T,Left Foot
1113da79-7533-446f-8789-6f31deaab424,266106,2016-03-20,2015/2016,793,Villarreal,43,101.0,35.3,0.05587167,Open Play,Saved,Left Foot
ea7b345e-defb-4ff4-9e96-b85be1a0cb87,266106,2016-03-20,2015/2016,793,Villarreal,50,100.2,30.2,0.04116163,Open Play,Blocked,Left Foot
af8c6c42-f167-4b84-8999-a3c8b2bc96e0,267533,2016-04-02,2015/2016,793,Real Madrid,18,94.3,24.6,0.034334444,Free Kick,Off T,Left Foot
7b790694-92ed-436c-9a56-a5638337861f,267533,2016-04-02,2015/2016,793,Real Madrid,47,91.1,43.1,0.0445341,Free Kick,Off T,Left Foot
945c0c9e-3df6-4b38-a9e4-7f50cd0e87dd,267533,2016-04-02,2015/2016,793,Real Madrid,53,102.6,33.9,0.062282465,Open Play,Saved,Left Foot
0bf217db-839b-425c-8cdd-120bdf308263,266664,2016-04-09,2015/2016,793,Real Sociedad,6,107.0,49.1,0.09674706,Open Play,Off T,Right Foot
ecd2a1bb-e124-4dc1-9845-5d22ffd9ba00,266664,2016-04-09,2015/2016,793,Real Sociedad,21,95.3,30.7,0.064099036,Free Kick,Blocked,Left Foot
dad29ae2-dfa0-48d0-beb6-2f4dffe60072,266664,2016-04-09,2015/2016,793,Real Sociedad,29,96.6,46.6,0.04052381,Open Play,Blocked,Left Foot
e1131430-d00a-4be0-9ae1-a971812de052,266664,2016-04-09,2015/2016,793,Real Sociedad,72,108.4,39.0,0.11710452,Open Play,Saved,Left Foot
d88e4c08-02f0-48bd-bdc7-510b276dc6a4,266664,2016-04-09,2015/2016,793,Real Sociedad,77,96.2,42.4,0.044583265,Open Play,Blocked,Left Foot
a514356c-0f32-4755-bcb9-f5d86079234a,266664,2016-04-09,2015/2016,793,Real Sociedad,85,105.6,41.7,0.101428986,Open Play,Saved,Head
9d56b74e-2814-4b95-baf8-4602be5bb267,266664,2016-04-09,2015/2016,793,Real Sociedad,90,100.3,33.1,0.050341185,Open Play,Blocked,Left Foot
6151ba65-48d5-4a9e-bc6c-b0554a8ed585,266557,2016-04-17,2015/2016,793,Valencia,6,113.3,48.2,0.11803146,Open Play,Saved,Left Foot
bf57a75d-ea61-4740-ba61-1bbc73dd701f,266557,2016-04-17,2015/2016,793,Valencia,24,97.5,41.2,0.05887002,Open Play,Saved,Left Foot
9f6dd087-d871-4ad8-836f-fa01fcc18500,266557,2016-04-17,2015/2016,793,Valencia,38,96.5,45.3,0.07990909,Free Kick,Blocked,Left Foot
4ea009d5-1ba3-4679-b132-d46b537f47e8,266557,2016-04-17,2015/2016,793,Valencia,38,110.2,40.5,0.16722068,Open Play,Saved,Head
e25095f2-cbaf-4493-a6eb-a77bffd67ce6,266557,2016-04-17,2015/2016,793,Valencia,50,106.3,50.6,0.07401529,Open Play,Blocked,Right Foot
fe21ccfa-aea6-4c8d-a5e3-638b95e016e5,266557,2016-04-17,2015/2016,793,Valencia,51,94.1,30.1,0.056787577,Free Kick,Blocked,Left Foot
800279c5-2275-469f-b2c3-4836fb731efa,266557,2016-04-17,2015/2016,793,Valencia,62,108.6,38.5,0.10187911,Open Play,Goal,Left Foot
70d2c13e-6cf0-4d80-9344-7508f3ee3c58,266310,2016-04-20,2015/2016,793,RC Deportivo La Coruña,10,107.1,34.0,0.08545912,Open Play,Saved,Left Foot
bfe4a6ad-77c8-4c30-8ff6-c7bb6ac6305b,266310,2016-04-20,2015/2016,793,RC Deportivo La Coruña,36,103.2,30.6,0.06601962,Open Play,Blocked,Left Foot
e8b56951-eec6-4a63-8bd0-9e505410045e,266310,2016-04-20,2015/2016,793,RC Deportivo La Coruña,72,106.5,41.4,0.20229952,Open Play,Goal,Left Foot
811d98b4-0e0d-4fe2-a1bd-06a274def6ec,265944,2016-04-23,2015/2016,793,Sporting Gijón,2,114.6,42.6,0.373829,Open Play,Off T,Head
c155853d-1685-47ba-a755-58f8282b3873,265944,2016-04-23,2015/2016,793,Sporting Gijón,11,103.0,44.1,0.26515892,Open Play,Goal,Head
80294e2c-f5b3-404d-8442-f38e735b4749,265944,2016-04-23,2015/2016,793,Sporting Gijón,15,108.9,32.7,0.15127519,Open Play,Saved,Left Foot
7d4a0e4d-fb36-4bf9-9ecb-094cc671d163,265944,2016-04-23,2015/2016,793,Sporting Gijón,50,97.7,30.1,0.038565822,Open Play,Off T,Left Foot
bf0359b3-1db3-451d-9c24-c191764dd8ed,265944,2016-04-23,2015/2016,793,Sporting Gijón,55,105.0,40.9,0.06802601,Open Play,Off T,Left Foot
8013ed79-47a7-49b6-95d3-4847e0b5e8ef,265944,2016-04-23,2015/2016,793,Sporting Gijón,61,88.9,53.7,0.008533415,Free Kick,Off T,Left Foot
291cbbb6-e5fa-4be2-9297-d457b0db9e86,265944,2016-04-23,2015/2016,793,Sporting Gijón,71,114.1,35.0,0.0950242,Open Play,Blocked,Left Foot
2c6a4124-7607-4197-ab3b-0be6c69f095d,266986,2016-04-30,2015/2016,793,Real Betis,53,103.8,37.2,0.047341857,Open Play,Blocked,Right Foot
c9cb9331-9201-432f-96a4-5283e14e3923,266986,2016-04-30,2015/2016,793,Real Betis,56,104.2,45.2,0.07121654,Open Play,Blocked,Left Foot
54486dd0-d0e5-4eab-8db8-f1c1138cfc7d,265958,2016-05-08,2015/2016,793,Espanyol,7,94.7,41.1,0.07573616,Free Kick,Goal,Left Foot
f8a3c402-fec2-4bdb-9747-18bee113fc78,265958,2016-05-08,2015/2016,793,Espanyol,9,116.2,45.7,0.29718226,Open Play,Saved,Right Foot
b759b5f5-9d53-4476-b2f2-74384f0ba312,265958,2016-05-08,2015/2016,793,Espanyol,15,96.3,24.5,0.039084595,Free Kick,Off T,Left Foot
ff01b7e2-4ad5-47d4-a64e-a5d554d59bea,265958,2016-05-08,2015/2016,793,Espanyol,21,108.1,41.3,0.14641865,Open Play,Off T,Right Foot
8bca3a4a-a724-4af7-b685-57ec48e3ea1b,265958,2016-05-08,2015/2016,793,Espanyol,32,103.9,34.8,0.05311185,Open Play,Blocked,Left Foot
d5ca7c69-3d47-4270-84f9-a2f7400a63c0,265958,2016-05-08,2015/2016,793,Espanyol,84,107.9,32.4,0.14840929,Open Play,Off T,Left Foot
e210dd67-0466-40a3-bb72-c136fb7e3543,267506,2016-05-14,2015/2016,793,Granada,9,97.2,37.3,0.05668044,Open Play,Saved,Right Foot
5e764a99-afbc-4273-8f5d-a3440a2873fa,267506,2016-05-14,2015/2016,793,Granada,24,101.0,60.3,0.011607954,Free Kick,Saved,Left Foot
7a93e179-6dfc-4fb9-9c1a-ad0322ac2548,267506,2016-05-14,2015/2016,793,Granada,54,89.1,27.1,0.0154890325,Free Kick,Saved,Left Foot
637354ba-2603-451d-9650-86959b1de1d3,267506,2016-05-14,2015/2016,793,Granada,87,115.6,33.8,0.13360833,Open Play,Saved,Right Foot
3929eb4f-8459-4518-b64a-248613f61ebd,267670,2016-08-20,2016/2017,793,Real Betis,29,107.7,28.5,0.06365459,Open Play,Blocked,Left Foot
6d88a6ca-d4c7-49ab-bd63-d7a5cd215402,267670,2016-08-20,2016/2017,793,Real Betis,29,108.9,34.0,0.12132992,Open Play,Post,Right Foot
caa5879d-6d3b-4ede-a333-982d82769b69,267670,2016-08-20,2016/2017,793,Real Betis,36,97.5,45.7,0.042551167,Open Play,Goal,Left Foot
36671eee-63b9-491b-ac72-7c333f6a1901,267670,2016-08-20,2016/2017,793,Real Betis,47,98.5,36.8,0.06032091,Open Play,Off T,Left Foot
ef4f606a-d7a7-4854-8080-af9260c6837d,267670,2016-08-20,2016/2017,793,Real Betis,48,100.7,38.9,0.06427451,Open Play,Saved,Left Foot
fbdeca78-a9cb-4e06-a0ae-ad66e8e7af12,267670,2016-08-20,2016/2017,793,Real Betis,49,100.4,36.4,0.12717782,Open Play,Saved,Left Foot
cd0f205c-bc1d-4026-881d-11dd710a00c7,267670,2016-08-20,2016/2017,793,Real Betis,56,98.6,35.0,0.14387201,Open Play,Goal,Left Foot
071f6d02-0a99-49be-b94d-95b91c1c05fd,267670,2016-08-20,2016/2017,793,Real Betis,60,89.6,44.1,0.043557353,Free Kick,Blocked,Left Foot
54b954f3-7873-4ede-bd52-1f18c397f6b4,267670,2016-08-20,2016/2017,793,Real Betis,65,98.2,32.0,0.08148363,Free Kick,Off T,Left Foot
35f46659-1711-492a-8e2c-ffe2dda94aa6,267670,2016-08-20,2016/2017,793,Real Betis,74,107.3,31.9,0.107660666,Open Play,Saved,Left Foot
1300796d-22e7-4e80-a9c0-8b2c9313e988,267670,2016-08-20,2016/2017,793,Real Betis,88,101.7,49.9,0.062091593,Open Play,Blocked,Right Foot
f7bda9bb-b524-44f3-90c6-1c4bcaf1720a,267670,2016-08-20,2016/2017,793,Real Betis,90,112.7,29.2,0.059334464,Open Play,Blocked,Left Foot
9ea0ec7c-a5da-4b7c-bf8a-9019658b8ea8,266892,2016-08-28,2016/2017,793,Athletic Club,53,103.1,33.1,0.06376422,Open Play,Off T,Left Foot
217a4cf5-7ec9-4ddc-b5bc-d21161cb4f27,266892,2016-08-28,2016/2017,793,Athletic Club,69,103.8,40.1,0.08918184,Open Play,Off T,Right Foot
db60b928-fba4-494d-a430-8f659916078b,266669,2016-09-10,2016/2017,793,Deportivo Alavés,62,93.5,21.9,0.009368065,Free Kick,Off T,Left Foot
94060b6f-5358-4bf3-87bf-93108f51c29a,266669,2016-09-10,2016/2017,793,Deportivo Alavés,72,96.9,49.0,0.079017,Free Kick,Off T,Left Foot
f7ab193c-f2e6-4222-8cc6-94137ddaa141,266669,2016-09-10,2016/2017,793,Deportivo Alavés,93,109.5,34.5,0.09885991,Open Play,Off T,Left Foot
2808cc64-8e71-4f4a-a413-9f14c94f3603,267212,2016-09-17,2016/2017,793,Leganés,13,107.2,36.1,0.13497858,Open Play,Blocked,Left Foot
7887284b-0b9a-4403-8b23-4158ecec3426,267212,2016-09-17,2016/2017,793,Leganés,14,108.9,48.1,0.4110943,Open Play,Goal,Left Foot
4db9e988-7519-4a04-943d-ca25d7d10525,267212,2016-09-17,2016/2017,793,Leganés,54,108.3,40.1,0.7835,Penalty,Goal,Left Foot
61a4ceae-3bae-40d9-9762-e78cd3dde16b,267212,2016-09-17,2016/2017,793,Leganés,58,118.3,29.5,0.015503568,Open Play,Saved,Left Foot
f7156aa5-cf97-40d3-a0ad-c49407c961a7,267212,2016-09-17,2016/2017,793,Leganés,62,104.1,39.0,0.076270774,Open Play,Saved to Post,Left Foot
0cbe64d3-f3a2-4bf5-bf64-a751e9e215f6,267212,2016-09-17,2016/2017,793,Leganés,90,93.6,46.6,0.057524472,Free Kick,Off T,Left Foot
29081bd9-ab55-4b1a-9160-4666fcf4e62d,267220,2016-09-21,2016/2017,793,Atlético Madrid,3,104.9,49.0,0.044989157,Open Play,Blocked,Left Foot
deb1bcfb-318e-4769-b2e5-c507179d4b5d,267220,2016-09-21,2016/2017,793,Atlético Madrid,13,92.4,42.0,0.025621621,Open Play,Saved,Left Foot
910b7d22-f1ab-497b-8e58-0d8b8691619b,267220,2016-09-21,2016/2017,793,Atlético Madrid,24,104.2,58.1,0.020486068,Open Play,Blocked,Left Foot
670d71eb-c369-4b58-9198-08b40d7eca02,267220,2016-09-21,2016/2017,793,Atlético Madrid,44,102.6,30.5,0.048364207,Open Play,Saved,Left Foot
5ba64f91-cd48-44ef-96a0-3a7ff9495af2,267220,2016-09-21,2016/2017,793,Atlético Madrid,45,105.3,48.9,0.06664309,Open Play,Blocked,Left Foot
f26c2bf2-63ca-4a30-9cc0-9cc0d8b078ce,267492,2016-10-15,2016/2017,793,RC Deportivo La Coruña,57,112.8,29.5,0.1158993,Open Play,Goal,Left Foot
b3451feb-647f-4944-b2eb-a5dbd8a1eb24,267492,2016-10-15,2016/2017,793,RC Deportivo La Coruña,60,101.2,42.6,0.060000196,Open Play,Blocked,Left Foot
7af43ee1-2888-4093-bdf7-0c02216e990a,267492,2016-10-15,2016/2017,793,RC Deportivo La Coruña,82,99.9,31.0,0.044142812,Open Play,Saved,Left Foot
4a91574a-a7a6-4307-a468-c315a215f2c3,267492,2016-10-15,2016/2017,793,RC Deportivo La Coruña,87,99.4,56.0,0.0461462,Free Kick,Off T,Left Foot
00df0453-9964-49f6-bae4-e7c419e47a05,266033,2016-10-22,2016/2017,793,Valencia,21,103.4,49.8,0.05234774,Open Play,Goal,Left Foot
759e5a95-2b42-4eb1-9efe-c6ffefb6f49a,266033,2016-10-22,2016/2017,793,Valencia,30,112.7,28.6,0.10208521,Open Play,Saved,Left Foot
588f932b-69ed-42e7-92cf-2ef31834f78f,266033,2016-10-22,2016/2017,793,Valencia,70,86.4,32.9,0.02208806,Free Kick,Off T,Left Foot
f4410738-23ae-4c31-a6cf-44ca59f9f07d,266033,2016-10-22,2016/2017,793,Valencia,93,107.9,40.1,0.7835,Penalty,Goal,Left Foot
9e882828-e5a7-4b42-862d-1369456c4445,267058,2016-10-29,2016/2017,793,Granada,6,104.4,41.8,0.07251356,Open Play,Blocked,Right Foot
5e1fd66c-6980-4255-a8df-69b645f15c25,267058,2016-10-29,2016/2017,793,Granada,30,90.0,36.2,0.035129197,Free Kick,Blocked,Left Foot
da031567-63b5-4152-9a1a-4e3c9ce143bd,267058,2016-10-29,2016/2017,793,Granada,79,95.7,48.0,0.06677706,Free Kick,Blocked,Left Foot
df7d4743-3d13-4b6f-ab89-682a307dd548,267058,2016-10-29,2016/2017,793,Granada,88,106.6,32.0,0.16632399,Open Play,Off T,Left Foot
63b65252-ece1-4776-ad4e-f8605654be87,266989,2016-11-06,2016/2017,793,Sevilla,36,98.5,28.2,0.042925697,Open Play,Off T,Left Foot
ba7753b0-8763-4e82-b50c-dd0241832781,266989,2016-11-06,2016/2017,793,Sevilla,42,101.1,37.6,0.10216704,Open Play,Goal,Left Foot
173eaeb1-6c17-41b3-bd7c-170658584092,266989,2016-11-06,2016/2017,793,Sevilla,51,102.8,28.2,0.08281018,Open Play,Blocked,Left Foot
f89e2dd7-b012-406c-adf6-ceb19477ada2,266989,2016-11-06,2016/2017,793,Sevilla,53,103.2,43.6,0.091935106,Open Play,Saved,Left Foot
f219dab5-8345-4735-9051-a884a105982a,266989,2016-11-06,2016/2017,793,Sevilla,58,103.2,34.9,0.2836566,Open Play,Off T,Right Foot
6b640a83-86b3-4ed9-81af-0a2e9921b1ed,266989,2016-11-06,2016/2017,793,Sevilla,76,107.9,33.1,0.14585906,Open Play,Saved,Head
b2fde176-484d-4108-944d-42d8a3245fb7,266191,2016-11-27,2016/2017,793,Real Sociedad,50,105.8,27.4,0.05643403,Open Play,Blocked,Right Foot
cfa588ec-8530-4986-a00e-1206568a6398,266191,2016-11-27,2016/2017,793,Real Sociedad,58,107.2,37.2,0.14210126,Open Play,Goal,Left Foot
f35f9267-e630-44ff-85d3-dc7c44926496,267076,2016-12-03,2016/2017,793,Real Madrid,17,92.9,54.4,0.033678334,Free Kick,Saved,Left Foot
49bd27c0-88a2-4f0b-bd2d-f8cdc3524e62,267076,2016-12-03,2016/2017,793,Real Madrid,81,111.0,30.4,0.21328022,Open Play,Off T,Left Foot
d86b7d5e-103f-4a9f-8ef7-b5da3eefd61a,266357,2016-12-10,2016/2017,793,Osasuna,14,108.0,37.8,0.36875984,Open Play,Saved,Left Foot
7913cc61-8f26-4646-bc09-69badc2d36a3,266357,2016-12-10,2016/2017,793,Osasuna,24,110.7,44.9,0.3886022,Open Play,Saved,Left Foot
0faa2d07-f501-40b2-b750-99869f4689fc,266357,2016-12-10,2016/2017,793,Osasuna,42,110.9,29.3,0.1271873,Open Play,Off T,Left Foot
7316e54b-9e8a-49b0-b265-24796b8c1cf2,266357,2016-12-10,2016/2017,793,Osasuna,67,102.1,51.3,0.055789776,Open Play,Saved,Left Foot
1904f7be-6f88-40e9-9a06-0a860388df99,266357,2016-12-10,2016/2017,793,Osasuna,71,114.0,33.2,0.3266208,Open Play,Goal,Left Foot
9f774e5c-5ca7-4d18-bd74-128701927233,266357,2016-12-10,2016/2017,793,Osasuna,89,108.5,28.6,0.11065115,Open Play,Blocked,Left Foot
05c63d81-1dbe-4079-9083-3a222d836f1b,266357,2016-12-10,2016/2017,793,Osasuna,91,107.1,39.3,0.15568887,Open Play,Goal,Left Foot
863212ae-4f73-4fa5-b364-3ae58cae7763,266528,2016-12-18,2016/2017,793,Espanyol,6,112.9,49.0,0.16319357,Open Play,Off T,Right Foot
2d6b5636-c098-4dcf-bb67-31770217c7f8,266528,2016-12-18,2016/2017,793,Espanyol,24,92.3,31.4,0.04467113,Free Kick,Blocked,Left Foot
4b738613-8f44-4b2a-85ad-7c9ec181cf87,266528,2016-12-18,2016/2017,793,Espanyol,28,108.5,26.6,0.05265325,Open Play,Blocked,Left Foot
1a9a0f6f-65ce-456e-a2a4-0a6dc8afe0cb,266528,2016-12-18,2016/2017,793,Espanyol,47,98.0,49.2,0.051278997,Open Play,Off T,Left Foot
3c3b17cf-9b12-4e5a-9346-531fe8a5539e,266528,2016-12-18,2016/2017,793,Espanyol,66,103.6,39.2,0.080539234,Open Play,Saved,Left Foot
976db68a-8e72-4af5-8de6-678495c99964,266528,2016-12-18,2016/2017,793,Espanyol,85,111.4,31.3,0.04957135,Open Play,Off T,Left Foot
a0bde341-f8d6-48ed-96f8-cee27fc02af0,266528,2016-12-18,2016/2017,793,Espanyol,88,113.3,44.3,0.33707324,Open Play,Goal,Left Foot
e62dd938-6048-4e0c-8d00-bf1aa475184c,266477,2017-01-08,2016/2017,793,Villarreal,7,105.4,29.9,0.05872858,Open Play,Blocked,Left Foot
fa615213-7d3c-4c68-a8e6-3b8de18c50b5,266477,2017-01-08,2016/2017,793,Villarreal,42,109.7,34.5,0.062421612,Open Play,Saved,Head
f3f2ced0-d923-4a30-a4a9-e116c03f563e,266477,2017-01-08,2016/2017,793,Villarreal,61,88.5,52.1,0.011704163,Open Play,Blocked,Left Foot
1982f0a0-d5d9-4174-acff-9bb731cf9850,266477,2017-01-08,2016/2017,793,Villarreal,71,102.6,37.6,0.060494788,Open Play,Blocked,Left Foot
5de973a5-b64a-4e1b-9868-45292d7de9f4,266477,2017-01-08,2016/2017,793,Villarreal,72,103.5,44.2,0.06005418,Open Play,Post,Left Foot
5d085de6-f74b-45e3-a499-c781c15a0c83,266477,2017-01-08,2016/2017,793,Villarreal,89,95.1,40.3,0.082220435,Free Kick,Goal,Left Foot
2e4eb1e1-1f97-4479-b00a-da01c1effab4,267395,2017-01-14,2016/2017,793,Las Palmas,2,92.5,46.6,0.06004858,Free Kick,Off T,Left Foot
bdd0d8de-525f-42ca-9baa-238a0120f7b1,267395,2017-01-14,2016/2017,793,Las Palmas,32,116.3,50.6,0.056070644,Open Play,Wayward,Right Foot
cc8f797b-99ce-4cf7-a11c-f3e08450435b,267395,2017-01-14,2016/2017,793,Las Palmas,42,93.7,46.1,0.06286331,Free Kick,Saved,Left Foot
8333e268-97c2-4fe6-8cf0-dd2f55542670,267395,2017-01-14,2016/2017,793,Las Palmas,44,107.2,42.2,0.43293002,Open Play,Saved,Left Foot
8f0dd203-6dc0-4765-80ef-a0d4dfed3816,267395,2017-01-14,2016/2017,793,Las Palmas,44,113.3,46.7,0.09285795,Open Play,Off T,Head
5c46664b-a79d-436c-9ecf-03e859aef143,267395,2017-01-14,2016/2017,793,Las Palmas,50,112.5,28.3,0.11877849,Open Play,Off T,Left Foot
cb58b3fe-4faa-47d5-84fa-31c047c6d453,267395,2017-01-14,2016/2017,793,Las Palmas,51,116.4,41.4,0.4402681,Open Play,Goal,Right Foot
66e0450e-90ed-4508-9b34-0b8db6b3b4b0,266731,2017-01-22,2016/2017,793,Eibar,9,95.1,25.3,0.04232837,Free Kick,Off T,Left Foot
6688bd3a-8d7e-4dbf-8e41-b5ef8918e655,266731,2017-01-22,2016/2017,793,Eibar,29,88.4,40.1,0.029258296,Free Kick,Saved,Left Foot
7acbe64e-9784-4b4e-b59d-795156f6a089,266731,2017-01-22,2016/2017,793,Eibar,30,98.9,38.9,0.052899018,Open Play,Blocked,Left Foot
1fc847e2-18a1-4bcd-a9e2-51375b92bcfe,266731,2017-01-22,2016/2017,793,Eibar,49,112.9,36.5,0.32313696,Open Play,Goal,Left Foot
6156abd7-069e-456e-8780-2d8202027d2f,266516,2017-01-29,2016/2017,793,Real Betis,79,89.8,51.9,0.030364309,Free Kick,Blocked,Left Foot
7c095585-b3a7-4293-a9fa-a605d075cb60,266516,2017-01-29,2016/2017,793,Real Betis,86,99.4,34.1,0.030439641,Open Play,Blocked,Left Foot
1158136b-e6da-446c-ac94-4666ea237df4,266874,2017-02-04,2016/2017,793,Athletic Club,16,106.5,30.3,0.036801632,Open Play,Blocked,Left Foot
24961965-5f9d-4eae-8471-2ace5f3b65e3,266874,2017-02-04,2016/2017,793,Athletic Club,39,113.5,69.5,0.0074438443,Free Kick,Goal,Left Foot
ab3419d0-8750-46c9-a6fc-961a8bd1c5de,266874,2017-02-04,2016/2017,793,Athletic Club,58,112.2,25.9,0.060098663,Open Play,Off T,Left Foot
5ea4c66f-c39a-4519-ac41-4b6af08ef8c8,266273,2017-02-11,2016/2017,793,Deportivo Alavés,3,111.5,26.8,0.04833558,Open Play,Saved,Left Foot
8b3ec8bb-3e40-4c73-8890-6637d1f8f955,266273,2017-02-11,2016/2017,793,Deportivo Alavés,22,104.9,45.9,0.115993254,Open Play,Blocked,Right Foot
3d68e262-90cc-48cf-a285-7e521febf022,266273,2017-02-11,2016/2017,793,Deportivo Alavés,23,98.9,31.4,0.040463492,Open Play,Blocked,Left Foot
7c425d5c-7fc9-41c4-8d49-a528c077c974,266273,2017-02-11,2016/2017,793,Deportivo Alavés,58,112.2,27.1,0.06580321,Open Play,Goal,Left Foot
f4387860-81c8-48d0-88ff-a31e5685432c,266273,2017-02-11,2016/2017,793,Deportivo Alavés,70,90.2,45.1,0.039301757,Free Kick,Off T,Left Foot
26ab9291-6a04-4f37-9d53-5f6da23ac21d,266273,2017-02-11,2016/2017,793,Deportivo Alavés,81,106.8,41.4,0.11432589,Open Play,Blocked,Left Foot
40ed9cf0-2a3a-4f05-b803-d4e19c0850b1,266273,2017-02-11,2016/2017,793,Deportivo Alavés,81,108.7,40.7,0.11481307,Open Play,Blocked,Left Foot
3748d780-c71b-44e8-96f1-b7e1fea5b4b3,267596,2017-02-19,2016/2017,793,Leganés,3,114.9,43.0,0.52781796,Open Play,Goal,Right Foot
e63b558e-a059-472d-9d20-a3382a34cc05,267596,2017-02-19,2016/2017,793,Leganés,9,102.1,66.4,0.0068889987,Free Kick,Off T,Left Foot
645838a2-2542-4631-aa1d-04bdd9c591d9,267596,2017-02-19,2016/2017,793,Leganés,26,112.1,44.6,0.19713694,Open Play,Saved,Left Foot
805f04d2-614a-4d6e-a436-584f124bbaf7,267596,2017-02-19,2016/2017,793,Leganés,29,100.6,40.6,0.09070513,Free Kick,Blocked,Left Foot
f49ee0fe-fabe-4052-9241-78a2726267ea,267596,2017-02-19,2016/2017,793,Leganés,76,94.8,40.4,0.076345034,Free Kick,Off T,Left Foot
55208db0-11bd-4dab-9b0d-6054d47c8a7c,267596,2017-02-19,2016/2017,793,Leganés,89,108.0,40.0,0.7835,Penalty,Goal,Left Foot
ff98a78b-e68a-4bdd-aeb9-878bfaed9855,267464,2017-02-26,2016/2017,793,Atlético Madrid,7,99.2,30.7,0.03960217,Open Play,Off T,Left Foot
25a14c2f-16bf-4e78-b9b8-cb07e6f63e06,267464,2017-02-26,2016/2017,793,Atlético Madrid,28,103.8,30.5,0.08719141,Open Play,Saved,Left Foot
fee8826b-6c72-478e-a94f-0ee1cf7e2ea5,267464,2017-02-26,2016/2017,793,Atlético Madrid,37,98.2,27.8,0.07101795,Free Kick,Saved,Left Foot
e6bb8549-633c-4a75-90e1-6764c8909113,267464,2017-02-26,2016/2017,793,Atlético Madrid,59,104.0,56.4,0.025188522,Open Play,Blocked,Left Foot
e6e05f9b-813b-4554-9b44-643b48539966,267464,2017-02-26,2016/2017,793,Atlético Madrid,85,110.0,45.6,0.1590744,Open Play,Blocked,Right Foot
17b5c93c-1bf6-4b95-b254-06c63f07649e,267464,2017-02-26,2016/2017,793,Atlético Madrid,85,114.9,43.5,0.51809037,Open Play,Goal,Left Foot
474c18c6-74c3-4fbf-a080-64eeb3f6d7c9,265952,2017-03-01,2016/2017,793,Sporting Gijón,8,104.3,37.1,0.30206782,Open Play,Goal,Head
e584fbee-7bae-43ce-a2ae-1f3b8e29d1c1,265952,2017-03-01,2016/2017,793,Sporting Gijón,26,100.0,53.7,0.021847615,Open Play,Blocked,Left Foot
6d9f056e-b02b-4565-bf2c-c4fd0521d2e8,265952,2017-03-01,2016/2017,793,Sporting Gijón,50,101.6,33.9,0.073318884,Open Play,Blocked,Left Foot
c5d4c2ad-7686-4780-b36f-73eded949891,265952,2017-03-01,2016/2017,793,Sporting Gijón,58,101.1,34.9,0.10021217,Free Kick,Post,Left Foot
09c6f3ba-dc53-46e8-b4c3-b5031cb0177a,266299,2017-03-04,2016/2017,793,Celta Vigo,13,97.1,34.5,0.050765842,Open Play,Saved,Left Foot
0f4f143d-fd3f-44cb-8069-7fe49e500d3f,266299,2017-03-04,2016/2017,793,Celta Vigo,18,110.3,56.3,0.050743226,Open Play,Post,Right Foot
d60258a6-359b-4027-ab18-ba86744bb23e,266299,2017-03-04,2016/2017,793,Celta Vigo,23,100.5,39.2,0.111032955,Open Play,Goal,Left Foot
5ea57b0e-7b41-43aa-b14b-56da63d0d30c,266299,2017-03-04,2016/2017,793,Celta Vigo,31,98.3,32.0,0.04063368,Open Play,Blocked,Left Foot
69b598dc-5b0a-4ad4-ae89-79907ddc3696,266299,2017-03-04,2016/2017,793,Celta Vigo,36,98.0,60.6,0.010003077,Free Kick,Off T,Left Foot
303e444d-510f-4338-aa9e-2a58f8cfdbe4,266299,2017-03-04,2016/2017,793,Celta Vigo,63,106.1,46.8,0.14268315,Open Play,Goal,Left Foot
37ab0674-e61a-4359-afd2-c5d6f776bc34,267660,2017-03-12,2016/2017,793,RC Deportivo La Coruña,20,107.0,32.1,0.11076701,Open Play,Blocked,Right Foot
a15cac15-5a38-4b28-bd25-7a85ea5b14c0,267660,2017-03-12,2016/2017,793,RC Deportivo La Coruña,56,99.5,36.7,0.05256832,Open Play,Off T,Left Foot
4fd8e95b-1277-4947-9673-1164aa4d98f5,267660,2017-03-12,2016/2017,793,RC Deportivo La Coruña,81,103.5,54.1,0.039842404,Open Play,Saved,Right Foot
7cdfe118-206e-4177-a565-9af342678087,267660,2017-03-12,2016/2017,793,RC Deportivo La Coruña,90,94.8,43.3,0.08191208,Free Kick,Off T,Left Foot
5490c86d-79a6-474b-a1e6-e2cf1360f43b,267660,2017-03-12,2016/2017,793,RC Deportivo La Coruña,92,101.0,51.8,0.018281685,Open Play,Blocked,Left Foot
4938efa9-9362-4208-8a46-d013eca32794,266440,2017-03-19,2016/2017,793,Valencia,14,114.1,37.5,0.44675562,Open Play,Blocked,Left Foot
fd02f427-130c-4fe4-9857-89cb747cb9e9,266440,2017-03-19,2016/2017,793,Valencia,15,105.3,56.0,0.042963363,Open Play,Off T,Left Foot
4e6e37e2-6096-45e7-aad5-b40ac2b1240e,266440,2017-03-19,2016/2017,793,Valencia,35,96.7,44.2,0.033077016,Open Play,Blocked,Left Foot
58a4c204-0849-48fb-9d77-4f8acaa235d1,266440,2017-03-19,2016/2017,793,Valencia,39,100.1,34.3,0.084035896,Free Kick,Off T,Left Foot
5433196d-f8c5-4d0e-a33f-9c11273ffe25,266440,2017-03-19,2016/2017,793,Valencia,44,108.0,40.0,0.7835,Penalty,Goal,Left Foot
26151086-8e1f-40dc-ae39-ca99abea2c94,266440,2017-03-19,2016/2017,793,Valencia,51,102.8,52.3,0.04564115,Open Play,Blocked,Left Foot
256de70c-7e74-439b-8067-95109155b65f,266440,2017-03-19,2016/2017,793,Valencia,51,112.5,50.2,0.093898796,Open Play,Goal,Right Foot
c8d1d33f-7e22-418f-b9f0-bd653801ca3b,266440,2017-03-19,2016/2017,793,Valencia,71,109.1,25.7,0.035059128,Open Play,Saved,Left Foot
33f72e48-3e9b-4397-97be-c7da712fbd84,266280,2017-04-05,2016/2017,793,Sevilla,3,98.0,37.2,0.051149566,Open Play,Post,Left Foot
7ec7cb57-7e17-44b5-aaaa-0abe5ba89976,266280,2017-04-05,2016/2017,793,Sevilla,27,112.6,44.6,0.12440405,Open Play,Goal,Right Foot
76df1512-ad3b-4072-ac84-8f378aa351af,266280,2017-04-05,2016/2017,793,Sevilla,32,107.2,50.2,0.06521791,Open Play,Goal,Left Foot
d3bd57f5-ba6b-4986-b8b7-5c6034984916,266280,2017-04-05,2016/2017,793,Sevilla,40,111.1,33.6,0.0924841,Open Play,Blocked,Left Foot
1d07a52a-1cec-4f21-9a96-c4f04ffd84cf,266280,2017-04-05,2016/2017,793,Sevilla,44,106.3,26.8,0.050345402,Open Play,Blocked,Left Foot
06a47b19-f3d1-4f9f-8727-044c69c658e4,266280,2017-04-05,2016/2017,793,Sevilla,50,105.8,24.8,0.05614295,Open Play,Saved,Left Foot
b65892be-d365-4b62-8d18-eb6691ba0bca,267590,2017-04-08,2016/2017,793,Málaga,21,94.8,50.1,0.058645867,Free Kick,Off T,Left Foot
fd8700ba-19c8-45d6-a3b0-01dd13b5c1eb,267590,2017-04-08,2016/2017,793,Málaga,50,93.1,43.4,0.06743087,Free Kick,Off T,Left Foot
a4857318-3379-49aa-88b4-588bbd0203e7,267590,2017-04-08,2016/2017,793,Málaga,55,95.7,50.5,0.029379942,Open Play,Off T,Left Foot
9670f69e-e0af-4805-9bb1-c1ebe894a3c2,267590,2017-04-08,2016/2017,793,Málaga,68,88.3,39.1,0.02789879,Free Kick,Blocked,Left Foot
02c9ea31-d6da-4594-9294-4e35f4469a12,267590,2017-04-08,2016/2017,793,Málaga,78,101.7,47.8,0.09406864,Free Kick,Blocked,Left Foot
13cd574b-0f22-4e94-b03c-76254d8fe913,267590,2017-04-08,2016/2017,793,Málaga,94,94.2,45.2,0.06440828,Free Kick,Off T,Left Foot
4926910c-27de-4132-9ded-2b0333f9d9c7,267373,2017-04-15,2016/2017,793,Real Sociedad,16,95.4,40.9,0.048934598,Open Play,Goal,Left Foot
f40eccf1-7b01-4eb3-bcad-39d1b483a7cc,267373,2017-04-15,2016/2017,793,Real Sociedad,36,113.6,39.5,0.7622425,Open Play,Goal,Left Foot
e6f5a52d-eb99-47e0-8fef-9ba627f8c219,267373,2017-04-15,2016/2017,793,Real Sociedad,43,103.9,39.1,0.091789775,Open Play,Blocked,Left Foot
b9aae24c-8e1b-4324-b898-fcef24d252b7,267373,2017-04-15,2016/2017,793,Real Sociedad,49,96.5,62.9,0.008768626,Free Kick,Saved,Left Foot
9e01de73-0ad7-43d4-ad58-4940333a167b,267373,2017-04-15,2016/2017,793,Real Sociedad,50,106.0,42.5,0.14152324,Open Play,Wayward,Left Foot
222581dc-9000-46eb-ab1e-10dd3884f3a4,267569,2017-04-23,2016/2017,793,Real Madrid,32,108.2,39.4,0.38421488,Open Play,Goal,Left Foot
0754215a-ff8e-4b6d-a4f0-24565e7ff1c5,267569,2017-04-23,2016/2017,793,Real Madrid,40,103.2,35.1,0.10128612,Open Play,Off T,Left Foot
0d859a19-f212-420a-a5fe-34b4f59a434b,267569,2017-04-23,2016/2017,793,Real Madrid,47,116.9,47.1,0.104696915,Open Play,Off T,Left Foot
f86d017e-3192-40e8-aaad-dbf0a258de68,267569,2017-04-23,2016/2017,793,Real Madrid,56,88.0,51.4,0.0140916025,Free Kick,Off T,Left Foot
8da2cfe6-3a95-4456-b319-cc3961928441,267569,2017-04-23,2016/2017,793,Real Madrid,68,97.0,26.7,0.027639082,Open Play,Saved,Left Foot
f2763861-46c5-40eb-9aed-047ae0e37335,267569,2017-04-23,2016/2017,793,Real Madrid,82,96.0,46.4,0.044327144,Open Play,Saved,Left Foot
917b81cf-8797-4d87-a036-c22d71ba57f6,267569,2017-04-23,2016/2017,793,Real Madrid,91,104.7,37.3,0.08633588,Open Play,Goal,Left Foot
4ba34aef-3c15-487a-9dc2-090e82991ab3,267101,2017-04-26,2016/2017,793,Osasuna,11,107.3,45.8,0.3887953,Open Play,Goal,Left Foot
433b71d4-bdd5-4464-9131-24ada9abe6cc,267101,2017-04-26,2016/2017,793,Osasuna,25,108.8,55.3,0.041547067,Open Play,Off T,Right Foot
8bb37c45-1b6d-4b0e-80cf-a8674d52631a,267101,2017-04-26,2016/2017,793,Osasuna,29,100.7,30.2,0.026328802,Open Play,Blocked,Left Foot
78f62516-bbef-4cd1-88bd-57814ad800da,267101,2017-04-26,2016/2017,793,Osasuna,60,100.0,36.2,0.06002259,Open Play,Goal,Left Foot
2f98af14-d4ee-40bc-a760-16598fa8c26e,267077,2017-04-29,2016/2017,793,Espanyol,68,90.0,48.3,0.037787445,Free Kick,Saved,Left Foot
31ea8a87-47a0-45ec-9deb-777a5db459e9,267077,2017-04-29,2016/2017,793,Espanyol,81,106.7,34.2,0.06968688,Open Play,Saved,Left Foot
61966f94-4abe-4894-8cd5-b8101922ae6c,267077,2017-04-29,2016/2017,793,Espanyol,90,101.5,40.6,0.06634055,Open Play,Saved,Left Foot
8eba3cd6-1c99-4b2e-a28d-60f7a15d36b9,266952,2017-05-06,2016/2017,793,Villarreal,19,100.9,40.8,0.09180601,Free Kick,Saved,Left Foot
67c176ea-fd0e-419d-abf5-48ca57ade2fa,266952,2017-05-06,2016/2017,793,Villarreal,20,106.3,25.4,0.027181927,Open Play,Blocked,Left Foot
269792eb-d2e9-41e8-ae9e-5a59a6b78eed,266952,2017-05-06,2016/2017,793,Villarreal,28,110.9,27.3,0.037526485,Open Play,Off T,Left Foot
f5429206-927d-43af-bf9c-c82cf57b7f16,266952,2017-05-06,2016/2017,793,Villarreal,44,98.7,29.5,0.03814517,Open Play,Goal,Left Foot
6a008d70-c089-4a48-97f4-1dcfc5c87286,266952,2017-05-06,2016/2017,793,Villarreal,56,102.7,40.1,0.04669065,Open Play,Saved,Right Foot
9edf8b29-f2a0-40af-ba39-c7a210845600,266952,2017-05-06,2016/2017,793,Villarreal,81,108.1,40.1,0.7835,Penalty,Goal,Left Foot
182781ad-22ca-40b3-bb67-d9c7ab347138,267039,2017-05-14,2016/2017,793,Las Palmas,5,110.1,47.2,0.06229273,Open Play,Off T,Head
738fd20c-c18d-4fb6-a6a9-372362c6c1dd,267039,2017-05-14,2016/2017,793,Las Palmas,13,101.8,40.1,0.06321005,Open Play,Blocked,Left Foot
c4f99ac2-4f05-4cc7-9516-a0590eaa14e4,267039,2017-05-14,2016/2017,793,Las Palmas,54,106.1,38.0,0.09864184,Open Play,Blocked,Left Foot
ce78cc58-2431-43d4-86c1-d6826a4946f2,267039,2017-05-14,2016/2017,793,Las Palmas,76,108.1,28.4,0.0925282,Open Play,Off T,Left Foot
ba8b72c4-ab2c-4ecb-9e39-b027db1b8838,267039,2017-05-14,2016/2017,793,Las Palmas,84,93.5,54.1,0.041819163,Free Kick,Blocked,Left Foot
ddb8c127-8e55-4b82-8fff-79d2d8658852,267039,2017-05-14,2016/2017,793,Las Palmas,90,107.3,26.0,0.03076167,Open Play,Saved,Left Foot
eb25fb00-592a-4065-8d97-b0dff608dbfb,267432,2017-05-21,2016/2017,793,Eibar,37,116.2,53.0,0.019167472,Open Play,Off T,Head
eb1336af-02d2-4888-b878-10e90874b4c5,267432,2017-05-21,2016/2017,793,Eibar,55,113.9,39.2,0.33883366,Open Play,Off T,Right Foot
5289a60a-02fe-4a9b-9545-659d44864eb6,267432,2017-05-21,2016/2017,793,Eibar,64,96.7,48.8,0.031858966,Open Play,Blocked,Left Foot
372e6ff5-cc5f-4c9a-b1b9-25cd4fb645e1,267432,2017-05-21,2016/2017,793,Eibar,69,108.1,40.1,0.7835,Penalty,Saved,Left Foot
a0eaeaa9-ab20-426f-8f06-f2e987d554c8,267432,2017-05-21,2016/2017,793,Eibar,74,108.1,40.1,0.7835,Penalty,Goal,Left Foot
8484e1d6-4fe3-483f-b80b-5f91daf66fe6,267432,2017-05-21,2016/2017,793,Eibar,91,104.1,38.0,0.08887383,Open Play,Goal,Right Foot
b6b64f49-b4f5-41cd-901a-8249a1725b02,9575,2017-08-20,2017/2018,227,Real Betis,3,100.3,49.3,0.04162843,Open Play,Off T,Left Foot
cefff8af-9b10-495f-a3c3-7954b924615a,9575,2017-08-20,2017/2018,227,Real Betis,13,99.0,26.3,0.06456012,Free Kick,Off T,Left Foot
619d6dea-da55-479f-9330-10af8729d729,9575,2017-08-20,2017/2018,227,Real Betis,17,96.0,46.3,0.034974698,Open Play,Blocked,Left Foot
86f0976e-88f7-49ae-9d93-69303374a253,9575,2017-08-20,2017/2018,227,Real Betis,24,102.8,40.6,0.085124165,Open Play,Off T,Left Foot
0664a8ea-a16c-4014-b0d5-9f8dcdf17442,9575,2017-08-20,2017/2018,227,Real Betis,34,92.3,42.5,0.055818643,Free Kick,Post,Left Foot
4a63382f-2717-419b-a87d-3d4abf3fbca2,9575,2017-08-20,2017/2018,227,Real Betis,59,97.8,34.2,0.034475986,Open Play,Post,Left Foot
290ad550-2ddb-437f-a38b-ab4b7b775e58,9575,2017-08-20,2017/2018,227,Real Betis,70,97.9,61.1,0.011076395,Free Kick,Off T,Left Foot
5a35a152-3ed2-4f6c-ad68-dca868598a12,9575,2017-08-20,2017/2018,227,Real Betis,80,101.4,24.0,0.03717771,Open Play,Post,Left Foot
86a65f01-4b74-4840-a3c4-f811819dfcfa,9575,2017-08-20,2017/2018,227,Real Betis,81,112.4,35.9,0.14244185,Open Play,Off T,Head
78510bd5-7ebc-4025-856a-e673ecf54008,9575,2017-08-20,2017/2018,227,Real Betis,82,103.5,45.9,0.053793248,Open Play,Saved,Left Foot
330e2f1c-697b-46b7-9525-130e7cc4ad2e,9581,2017-08-26,2017/2018,227,Deportivo Alavés,8,99.1,31.6,0.02390957,Open Play,Saved,Left Foot
efe3ff20-3fd1-4e31-8da4-78d703e28f0a,9581,2017-08-26,2017/2018,227,Deportivo Alavés,22,106.8,31.9,0.1062292,Open Play,Saved,Left Foot
f0a90598-ce1d-4858-9699-68bab27c0b4a,9581,2017-08-26,2017/2018,227,Deportivo Alavés,38,108.0,40.0,0.7835,Penalty,Saved,Left Foot
ebaf34e8-e9db-4338-abf8-cc55875656dd,9581,2017-08-26,2017/2018,227,Deportivo Alavés,43,103.3,30.8,0.041579653,Open Play,Wayward,Left Foot
5bf533f0-3e24-4c0f-ad90-8d32d885a67b,9581,2017-08-26,2017/2018,227,Deportivo Alavés,47,94.7,41.1,0.03421357,Open Play,Off T,Left Foot
e8bc1cd6-caf5-4a67-b301-e103f82cb7f8,9581,2017-08-26,2017/2018,227,Deportivo Alavés,52,88.7,41.5,0.028106632,Free Kick,Saved,Left Foot
1918c154-f5ea-4656-bc0b-4ce574874075,9581,2017-08-26,2017/2018,227,Deportivo Alavés,54,109.7,28.4,0.0752324,Open Play,Goal,Left Foot
d6defd92-40b7-429d-9937-457d4d576265,9581,2017-08-26,2017/2018,227,Deportivo Alavés,65,108.4,34.9,0.1732524,Open Play,Goal,Left Foot
9cab05ae-500e-449b-9174-3bf72000ec44,9581,2017-08-26,2017/2018,227,Deportivo Alavés,73,102.6,41.4,0.075990595,Open Play,Post,Left Foot
279c1857-1826-4b66-b0ba-e45b16ef7f73,9581,2017-08-26,2017/2018,227,Deportivo Alavés,74,102.9,39.0,0.05024694,Open Play,Saved,Left Foot
b9d68130-0203-48e3-b58e-20a0abd185ff,9592,2017-09-09,2017/2018,227,Espanyol,2,106.0,57.8,0.02063885,Open Play,Off T,Left Foot
c09c6e64-612b-4ba2-931e-5cde922a24b3,9592,2017-09-09,2017/2018,227,Espanyol,25,110.0,39.5,0.22810669,Open Play,Goal,Left Foot
076ce5b0-d566-4378-9839-8186ec060da2,9592,2017-09-09,2017/2018,227,Espanyol,30,115.1,48.4,0.06847119,Open Play,Blocked,Right Foot
5656d749-a0c6-4469-bdea-a07ab0919ba9,9592,2017-09-09,2017/2018,227,Espanyol,34,116.1,33.8,0.21361075,Open Play,Goal,Right Foot
c2880ca3-e61a-4a89-8714-4c1fc8dc6620,9592,2017-09-09,2017/2018,227,Espanyol,52,105.2,36.8,0.069163196,Open Play,Blocked,Left Foot
5f1f5de5-115f-484d-95c4-19fba32feefc,9592,2017-09-09,2017/2018,227,Espanyol,66,110.6,34.3,0.19144897,Open Play,Goal,Left Foot
a34b794b-1560-45ee-9e80-5eb76019c2c3,9592,2017-09-09,2017/2018,227,Espanyol,82,102.7,37.2,0.084849656,Open Play,Off T,Left Foot
c77baa89-bfd3-40d1-94e4-1c14ba14d209,9592,2017-09-09,2017/2018,227,Espanyol,85,93.7,54.1,0.04135879,Free Kick,Blocked,Left Foot
06fb833f-5ed0-46fd-ae15-d4aa43b25929,9602,2017-09-16,2017/2018,227,Getafe,46,90.6,39.2,0.039230976,Free Kick,Saved,Left Foot
681287ed-8b61-4593-a080-74f3a4907f80,9602,2017-09-16,2017/2018,227,Getafe,46,97.7,42.0,0.036075544,Open Play,Off T,Left Foot
32e60611-7da0-4d75-840d-4111740957c9,9602,2017-09-16,2017/2018,227,Getafe,87,97.5,40.4,0.060605086,Open Play,Blocked,Left Foot
d4705b10-9d1a-4ab1-8b79-52d63507923f,9609,2017-09-19,2017/2018,227,Eibar,20,108.0,40.0,0.7835,Penalty,Goal,Left Foot
e091c827-7ebd-4635-ae8e-dcbb18305012,9609,2017-09-19,2017/2018,227,Eibar,25,97.5,44.5,0.047606777,Open Play,Saved,Left Foot
46263ab7-ba56-47d1-a0b7-65f3f8c5952f,9609,2017-09-19,2017/2018,227,Eibar,36,102.9,43.8,0.048926115,Open Play,Saved,Left Foot
d322885f-19af-4a9b-955b-98b7a132bf52,9609,2017-09-19,2017/2018,227,Eibar,52,102.2,42.8,0.07069023,Open Play,Saved,Left Foot
8bbfe3f7-2e14-4af7-ad0c-92c786276624,9609,2017-09-19,2017/2018,227,Eibar,58,102.0,36.4,0.07203339,Open Play,Goal,Left Foot
9e13945c-7e87-42b3-899a-2d19cd039a5f,9609,2017-09-19,2017/2018,227,Eibar,61,110.3,48.5,0.17052749,Open Play,Goal,Left Foot
22b3929d-a738-4b7a-8f5e-c2e9dbd97875,9609,2017-09-19,2017/2018,227,Eibar,80,94.1,24.3,0.028948843,Free Kick,Off T,Left Foot
ba112504-ee72-48ca-ab62-c84f8b4c73fc,9609,2017-09-19,2017/2018,227,Eibar,86,111.7,46.3,0.11769616,Open Play,Goal,Left Foot
f44b49ad-ede7-4e6b-8904-6c0bc8ff3414,9620,2017-09-23,2017/2018,227,Girona,16,88.5,41.9,0.025290273,Free Kick,Saved,Left Foot
93dec032-2fdb-48de-958e-1fbb5f2bc4be,9620,2017-09-23,2017/2018,227,Girona,45,107.2,53.2,0.13628857,Open Play,Saved,Left Foot
8510f8db-aba1-4ce6-a2dc-cc338f0d4ee7,9620,2017-09-23,2017/2018,227,Girona,91,97.7,30.5,0.07185451,Free Kick,Off T,Left Foot
56364431-8566-410f-886a-8cc0addcaacb,9636,2017-10-01,2017/2018,227,Las Palmas,9,97.7,40.5,0.050529245,Open Play,Blocked,Left Foot
c6b992f4-2d65-4bad-93c6-a714c33c5c5e,9636,2017-10-01,2017/2018,227,Las Palmas,20,99.2,51.9,0.06945788,Free Kick,Saved,Left Foot
495cd52b-4f04-45be-a649-2e195323822d,9636,2017-10-01,2017/2018,227,Las Palmas,43,105.4,56.3,0.037546486,Open Play,Off T,Left Foot
b4950aa6-668a-430e-b401-f3de2a87f894,9636,2017-10-01,2017/2018,227,Las Palmas,46,91.5,43.0,0.048985716,Free Kick,Saved,Left Foot
bbf4c6db-3e27-4af5-ad2e-b56c3eba886b,9636,2017-10-01,2017/2018,227,Las Palmas,49,111.2,52.1,0.15505868,Open Play,Saved,Left Foot
645af17c-29ea-4355-9559-d2193324ba58,9636,2017-10-01,2017/2018,227,Las Palmas,55,108.1,40.3,0.11080628,Open Play,Off T,Head
ed1d38ad-9c4c-493f-89b8-fa5f34992606,9636,2017-10-01,2017/2018,227,Las Palmas,64,109.6,27.3,0.06051614,Open Play,Saved,Left Foot
1f60346b-53f4-4953-9d74-5b4559d71213,9636,2017-10-01,2017/2018,227,Las Palmas,69,110.6,33.5,0.09786986,Open Play,Blocked,Left Foot
b86b941b-c27d-4e90-8b69-ee77dffa1646,9636,2017-10-01,2017/2018,227,Las Palmas,69,116.2,46.3,0.8913795,Open Play,Goal,Left Foot
ddf62112-8330-4164-9b7e-ab34f2f9fa20,9636,2017-10-01,2017/2018,227,Las Palmas,76,109.5,42.2,0.50833166,Open Play,Goal,Left Foot
e59e0369-bed4-481d-a7eb-87803830dcfc,9642,2017-10-14,2017/2018,227,Atlético Madrid,38,101.9,28.6,0.03482873,Open Play,Blocked,Left Foot
5637e36c-5bd4-4909-8992-80d3a4e8d9af,9642,2017-10-14,2017/2018,227,Atlético Madrid,44,102.5,24.8,0.025948292,Open Play,Blocked,Left Foot
e63a3ea2-0612-4905-8e28-0e4becfbde10,9642,2017-10-14,2017/2018,227,Atlético Madrid,56,93.7,40.4,0.063199304,Free Kick,Post,Left Foot
701c8e1f-d337-4aa0-be0a-5ccde0abaab4,9642,2017-10-14,2017/2018,227,Atlético Madrid,65,111.3,25.6,0.046763822,Open Play,Saved,Left Foot
5a6102b3-5de1-4ec8-a5fb-ab5a46a3cebb,9642,2017-10-14,2017/2018,227,Atlético Madrid,70,103.0,40.9,0.1372938,Open Play,Off T,Left Foot
ea611850-e76c-41b0-a1b2-bbb68d259f38,9642,2017-10-14,2017/2018,227,Atlético Madrid,93,101.5,40.6,0.1275154,Free Kick,Saved,Left Foot
1dfca41d-8da0-43fc-9638-de3304474318,9650,2017-10-21,2017/2018,227,Málaga,26,99.0,42.4,0.088674314,Free Kick,Blocked,Left Foot
218f7e4e-0bc2-405d-8ab4-fa31b56e5830,9650,2017-10-21,2017/2018,227,Málaga,26,100.5,43.0,0.041899264,Open Play,Wayward,Left Foot
a046263c-4a72-4c8b-898a-34b701fdc12f,9650,2017-10-21,2017/2018,227,Málaga,52,109.4,24.8,0.04702447,Open Play,Saved,Left Foot
7fff571a-9d24-4d85-b4a7-9934fd6de502,9661,2017-10-28,2017/2018,227,Athletic Club,5,97.8,44.1,0.04444295,Open Play,Saved,Left Foot
ebef3440-5357-4a1f-8ddc-9e3144aed782,9661,2017-10-28,2017/2018,227,Athletic Club,20,115.7,44.8,0.5978338,Open Play,Post,Right Foot
9045339a-3127-4bca-93d1-3498cb870d03,9661,2017-10-28,2017/2018,227,Athletic Club,35,109.3,31.9,0.21986549,Open Play,Goal,Left Foot
9b601a2b-74ec-4959-bcf2-7ced61da0bf0,9661,2017-10-28,2017/2018,227,Athletic Club,89,91.1,41.3,0.043679845,Free Kick,Off T,Left Foot
9805dbfb-a526-4938-b9a8-d6c16b0d1352,9673,2017-11-04,2017/2018,227,Sevilla,2,91.9,43.6,0.053006314,Free Kick,Blocked,Left Foot
baebc874-a7fa-47a2-b895-c4586219f0ee,9673,2017-11-04,2017/2018,227,Sevilla,3,107.4,27.2,0.08361778,Open Play,Saved,Left Foot
8f50d92b-5ecd-4ccf-ac94-a678aa34df77,9673,2017-11-04,2017/2018,227,Sevilla,6,99.9,44.5,0.038301665,Open Play,Off T,Left Foot
e5cf368f-6990-4e25-95e9-f1a77c962be0,9673,2017-11-04,2017/2018,227,Sevilla,44,103.1,31.6,0.09410028,Open Play,Off T,Left Foot
f397086f-00ed-4e6d-901f-c56516d9bde4,9673,2017-11-04,2017/2018,227,Sevilla,71,103.0,33.7,0.10357721,Open Play,Saved,Left Foot
e8308428-6541-45ed-adbc-911d287532bf,9682,2017-11-18,2017/2018,227,Leganés,23,109.2,52.8,0.04382518,Open Play,Off T,Right Foot
fe83510d-53e6-4f2c-af8e-80f3735c4f6f,9682,2017-11-18,2017/2018,227,Leganés,87,95.0,35.2,0.061930783,Open Play,Saved,Left Foot
92acf220-7a73-4efb-80cf-254cb1fd042e,9682,2017-11-18,2017/2018,227,Leganés,89,116.0,29.0,0.04817314,Open Play,Blocked,Left Foot
93bfe92d-2a42-430f-8427-e086397d606e,9695,2017-11-26,2017/2018,227,Valencia,29,100.3,45.1,0.08140483,Open Play,Saved,Left Foot
6b4c2c2f-6faf-4728-9326-ff3401b6e40a,9695,2017-11-26,2017/2018,227,Valencia,32,91.6,52.1,0.03326934,Free Kick,Saved,Left Foot
4dfbd5ae-feac-493f-8fa9-3815de900c7d,9695,2017-11-26,2017/2018,227,Valencia,41,107.2,47.4,0.054906625,Open Play,Blocked,Left Foot
1d7dc2d6-b417-47c1-b3da-3471bd9c0d5f,9695,2017-11-26,2017/2018,227,Valencia,53,113.3,27.6,0.058590524,Open Play,Blocked,Left Foot
87d777d9-3371-4ab6-965f-776531c59796,9700,2017-12-02,2017/2018,227,Celta Vigo,15,97.4,52.5,0.024672147,Open Play,Blocked,Left Foot
a1969a60-46db-4266-923f-b8ee86f9919b,9700,2017-12-02,2017/2018,227,Celta Vigo,21,109.6,31.0,0.17752771,Open Play,Goal,Left Foot
37242b17-7ba7-469f-9c53-737046bb523d,9700,2017-12-02,2017/2018,227,Celta Vigo,30,112.1,32.5,0.052463926,Open Play,Blocked,Head
93746b4b-af76-487e-9906-1f63b65bb03d,9700,2017-12-02,2017/2018,227,Celta Vigo,30,117.4,31.7,0.175617,Open Play,Post,Left Foot
8a58a58d-19ee-415d-9950-017220319ee8,9700,2017-12-02,2017/2018,227,Celta Vigo,33,102.0,50.9,0.04933521,Open Play,Blocked,Left Foot
1e7598f3-dafa-4616-ad00-bed569872da1,9700,2017-12-02,2017/2018,227,Celta Vigo,63,104.1,38.3,0.2532595,Open Play,Saved,Left Foot
9c909201-90e0-4e5b-b3a7-9cc8705429ff,9700,2017-12-02,2017/2018,227,Celta Vigo,63,111.0,41.0,0.08234711,Open Play,Saved,Head
7c86ce49-67d8-4492-8737-924e8c4553a4,9700,2017-12-02,2017/2018,227,Celta Vigo,63,113.0,37.0,0.10057845,Open Play,Blocked,Left Foot
231e3fba-7770-4be0-9219-22bf6bc65bb2,9700,2017-12-02,2017/2018,227,Celta Vigo,65,107.7,27.7,0.10083951,Open Play,Blocked,Left Foot
ca8f37b2-1d27-4b0a-8ad9-45feb88a31c6,9700,2017-12-02,2017/2018,227,Celta Vigo,84,114.8,42.5,0.3005074,Open Play,Off T,Head
0bfca6be-c8c7-4484-a548-a3c498cf3c92,9700,2017-12-02,2017/2018,227,Celta Vigo,95,93.4,38.1,0.060355652,Free Kick,Blocked,Left Foot
3569c552-b4fc-43eb-a564-363922ca2f0d,9717,2017-12-10,2017/2018,227,Villarreal,2,101.8,24.4,0.031318266,Open Play,Blocked,Left Foot
61dcaa5a-51ee-48bb-bd74-171d10793b49,9717,2017-12-10,2017/2018,227,Villarreal,21,96.3,33.6,0.07344525,Free Kick,Saved,Left Foot
44fedeb8-1d49-445b-a6a8-92d9694cc016,9717,2017-12-10,2017/2018,227,Villarreal,37,100.4,37.4,0.06101549,Open Play,Off T,Left Foot
55ef24f6-2a07-4b67-8c26-3a53f0db5173,9717,2017-12-10,2017/2018,227,Villarreal,58,106.0,39.1,0.15743552,Open Play,Off T,Left Foot
ad7a8356-11b3-43af-8e4f-ff2e9437b87a,9717,2017-12-10,2017/2018,227,Villarreal,70,107.4,31.9,0.12941745,Open Play,Off T,Left Foot
c0c98cd7-8d88-434a-a8a9-1a4f49eb56b0,9717,2017-12-10,2017/2018,227,Villarreal,82,108.7,43.1,0.6201431,Open Play,Goal,Left Foot
1b1932c0-55b3-46b9-97cf-29e055a925bf,9726,2017-12-17,2017/2018,227,RC Deportivo La Coruña,2,108.1,43.3,0.2438267,Open Play,Off T,Left Foot
981d50bb-3c36-41c8-86ec-0409b1e4a648,9726,2017-12-17,2017/2018,227,RC Deportivo La Coruña,13,101.3,31.7,0.053536907,Open Play,Saved,Left Foot
e4b92e34-970c-4022-9dbd-3025d9a7241f,9726,2017-12-17,2017/2018,227,RC Deportivo La Coruña,25,106.2,31.3,0.058392756,Open Play,Saved,Left Foot
b3ca18fa-1685-495f-88cd-8e21ac207caa,9726,2017-12-17,2017/2018,227,RC Deportivo La Coruña,27,116.8,50.1,0.058217578,Open Play,Saved,Left Foot
cdbb16bd-9e3d-48cc-901f-4483ca953c89,9726,2017-12-17,2017/2018,227,RC Deportivo La Coruña,36,105.7,35.2,0.2479206,Open Play,Post,Left Foot
c513fd4f-2fd6-41ef-bf40-fc96977422e8,9726,2017-12-17,2017/2018,227,RC Deportivo La Coruña,40,102.1,30.9,0.09486146,Open Play,Post,Left Foot
aa4d918b-d44c-4e90-8720-9febed38c4bd,9726,2017-12-17,2017/2018,227,RC Deportivo La Coruña,48,108.9,28.9,0.06666764,Open Play,Blocked,Left Foot
2bb06aba-80e2-479d-a774-dcd339d82c97,9726,2017-12-17,2017/2018,227,RC Deportivo La Coruña,66,90.6,42.8,0.037057683,Free Kick,Post,Left Foot
f32d8230-7aa9-4f73-aedf-c6e4e2a32d3b,9726,2017-12-17,2017/2018,227,RC Deportivo La Coruña,66,101.3,41.9,0.10144666,Open Play,Off T,Left Foot
0e7f0d9b-d5c3-45f9-ba07-3b48285851d7,9726,2017-12-17,2017/2018,227,RC Deportivo La Coruña,69,108.2,40.1,0.7835,Penalty,Saved,Left Foot
034a66ce-7590-4718-98c1-2d47bf506396,9726,2017-12-17,2017/2018,227,RC Deportivo La Coruña,79,106.5,36.5,0.27692708,Open Play,Off T,Left Foot
3fdeb82b-9bba-4d27-92df-c11c8b27c669,9736,2017-12-23,2017/2018,227,Real Madrid,45,88.4,53.3,0.00835276,Free Kick,Blocked,Left Foot
93c50fb5-3515-4a85-ba9c-7f2c97fdfa80,9736,2017-12-23,2017/2018,227,Real Madrid,63,108.0,40.0,0.7835,Penalty,Goal,Left Foot
5ff67f69-dfd1-4f09-a3e3-4081189d184e,9736,2017-12-23,2017/2018,227,Real Madrid,69,103.6,33.4,0.13456826,Open Play,Saved,Left Foot
749de276-881e-4ef9-b80a-4af5bf84cc27,9736,2017-12-23,2017/2018,227,Real Madrid,86,98.0,44.0,0.029453512,Open Play,Saved,Left Foot
4fc0bf2c-6477-4c96-855e-5a0e6d38ea60,9742,2018-01-07,2017/2018,227,Levante UD,11,104.8,33.1,0.06194032,Open Play,Goal,Left Foot
90a84ba8-d5fd-487d-b0bb-f56675e05abf,9742,2018-01-07,2017/2018,227,Levante UD,31,96.5,44.8,0.07672674,Free Kick,Off T,Left Foot
83f33071-efd7-4e6b-b397-c919e2edea6f,9742,2018-01-07,2017/2018,227,Levante UD,39,93.7,45.0,0.0568588,Free Kick,Blocked,Left Foot
3e580f8c-fe95-43d7-86e5-9510eacba3ec,9742,2018-01-07,2017/2018,227,Levante UD,44,116.4,30.0,0.14862949,Open Play,Saved,Left Foot
f8827dea-623c-4c97-aab2-883e5911ecc5,9742,2018-01-07,2017/2018,227,Levante UD,78,92.8,37.9,0.054949585,Free Kick,Blocked,Left Foot
98c34f9a-e97a-4316-9e81-a867131841a2,9754,2018-01-14,2017/2018,227,Real Sociedad,8,93.4,34.1,0.024847673,Open Play,Off T,Left Foot
efdd6842-9771-4aff-b60b-0e530267ecdc,9754,2018-01-14,2017/2018,227,Real Sociedad,63,90.5,32.9,0.040632173,Free Kick,Blocked,Left Foot
f1e6f1c3-7323-400e-a5bc-1bfa5169dbe0,9754,2018-01-14,2017/2018,227,Real Sociedad,75,88.8,50.7,0.027174614,Free Kick,Off T,Left Foot
98ab2540-db2f-4148-b8d3-3e6701be013d,9754,2018-01-14,2017/2018,227,Real Sociedad,81,101.5,31.4,0.04932548,Open Play,Saved,Right Foot
d14b0c3e-f406-44fc-ba0a-532ef094d71a,9754,2018-01-14,2017/2018,227,Real Sociedad,84,88.5,37.6,0.027806494,Free Kick,Goal,Left Foot
073ed067-8140-41c8-bdf6-4c82dc9bd828,9765,2018-01-21,2017/2018,227,Real Betis,30,112.7,28.4,0.12287381,Open Play,Off T,Left Foot
024c228e-78fe-4e34-bd31-ac4832156ec1,9765,2018-01-21,2017/2018,227,Real Betis,63,106.0,33.0,0.39335403,Open Play,Goal,Left Foot
31dacb7e-0b38-43f3-bc14-4ce98c23c945,9765,2018-01-21,2017/2018,227,Real Betis,75,101.7,29.8,0.12342647,Open Play,Off T,Left Foot
12ea8849-b45b-4a94-ae61-41930d74e7bf,9765,2018-01-21,2017/2018,227,Real Betis,79,108.7,32.4,0.41498187,Open Play,Goal,Left Foot
c59b0ff3-7ad1-4a2d-a52d-3055ed0144b4,9774,2018-01-28,2017/2018,227,Deportivo Alavés,34,109.5,65.2,0.0076981853,Free Kick,Saved,Left Foot
7e8de94d-ffb5-4eaf-9a25-da79a9a5c83e,9774,2018-01-28,2017/2018,227,Deportivo Alavés,41,90.1,51.7,0.024530374,Free Kick,Saved to Post,Left Foot
d4f9c74a-924d-446b-bcb7-0b96d9ea7810,9774,2018-01-28,2017/2018,227,Deportivo Alavés,58,112.6,33.8,0.07556715,Open Play,Saved,Left Foot
7f907353-dc04-459c-95b7-3924123c0c44,9774,2018-01-28,2017/2018,227,Deportivo Alavés,73,97.8,63.6,0.00797245,Free Kick,Saved,Left Foot
6d8b260c-f12a-4328-bff1-6a2cafb88604,9774,2018-01-28,2017/2018,227,Deportivo Alavés,83,99.4,49.7,0.07648037,Free Kick,Goal,Left Foot
32ed39f2-66b2-42e4-8d72-4b3a44853115,9774,2018-01-28,2017/2018,227,Deportivo Alavés,91,105.9,43.3,0.12332555,Open Play,Saved,Left Foot
39a8083b-f27f-4698-b008-a37dae6c480a,9794,2018-02-11,2017/2018,227,Getafe,21,89.2,25.8,0.008359714,Free Kick,Blocked,Left Foot
7daeecd1-717c-4064-b504-3367b0c9c739,9794,2018-02-11,2017/2018,227,Getafe,67,88.7,44.2,0.033299297,Free Kick,Off T,Left Foot
5400816e-8fbd-4767-8d37-28ca78ea4b00,9794,2018-02-11,2017/2018,227,Getafe,79,94.7,52.2,0.027730916,Open Play,Saved,Left Foot
5ff992d8-43c1-4a0c-8de1-6648ebc95036,9794,2018-02-11,2017/2018,227,Getafe,79,96.7,36.8,0.046526033,Open Play,Saved,Left Foot
93ced658-ca96-41f4-9a90-f6cd83420e3d,9799,2018-02-17,2017/2018,227,Eibar,36,109.8,25.5,0.057629403,Open Play,Post,Left Foot
144697a2-b20f-4ac5-9fbd-cd775f4e463a,9799,2018-02-17,2017/2018,227,Eibar,79,112.3,33.5,0.40145993,Open Play,Saved,Left Foot
32a8ca47-2aa9-4173-afae-86700c30480f,9799,2018-02-17,2017/2018,227,Eibar,87,109.9,40.6,0.4894891,Open Play,Saved,Left Foot
88a053ec-5244-458c-8d4d-ae4bc10c9019,9799,2018-02-17,2017/2018,227,Eibar,91,102.1,35.0,0.11168972,Open Play,Off T,Left Foot
2d3f7d98-65a5-4605-9ae7-2769e37993ae,9811,2018-02-24,2017/2018,227,Girona,10,98.2,26.7,0.05379928,Free Kick,Saved,Left Foot
4d693cd7-4dd1-4d28-88c8-b899ab025800,9811,2018-02-24,2017/2018,227,Girona,18,106.1,34.9,0.15707526,Open Play,Blocked,Left Foot
50c3462c-4527-4b30-9d34-fa7f2d80bcc2,9811,2018-02-24,2017/2018,227,Girona,27,98.3,37.4,0.059753884,Open Play,Off T,Left Foot
79503977-6e91-4b5b-9460-d1f0faa6bccb,9811,2018-02-24,2017/2018,227,Girona,29,107.0,41.7,0.28102666,Open Play,Goal,Left Foot
f7c7d3b5-303d-49f2-8ec6-6d7c59e02382,9811,2018-02-24,2017/2018,227,Girona,35,97.0,37.0,0.078852065,Free Kick,Goal,Left Foot
eb1411ae-f1dd-4199-8b4d-9db1f51ffcdc,9811,2018-02-24,2017/2018,227,Girona,55,104.8,28.8,0.081631415,Open Play,Saved,Left Foot
1a9caac8-2392-47d0-854e-b842e0988ee6,9811,2018-02-24,2017/2018,227,Girona,69,98.0,39.4,0.079531334,Free Kick,Saved,Left Foot
4e1cb64e-2f7d-477f-990d-e6493bd453b6,9827,2018-03-01,2017/2018,227,Las Palmas,10,95.3,45.0,0.07276522,Free Kick,Saved,Left Foot
76c635b6-4fbc-428b-a42f-55eeeca26a4b,9827,2018-03-01,2017/2018,227,Las Palmas,20,99.8,44.5,0.095831625,Free Kick,Goal,Left Foot
9d9aa935-646d-459a-8fd8-4e67e993cda5,9827,2018-03-01,2017/2018,227,Las Palmas,39,107.3,35.2,0.08855898,Open Play,Blocked,Left Foot
3dcbfc7f-cb2d-4f62-8cf3-b741bf986d23,9827,2018-03-01,2017/2018,227,Las Palmas,68,95.6,40.8,0.07428246,Free Kick,Blocked,Left Foot
423a3690-ddef-449c-a1f1-0557fc2630c9,9837,2018-03-04,2017/2018,227,Atlético Madrid,12,100.9,18.3,0.011260992,Free Kick,Blocked,Left Foot
97d54faf-5790-4a91-a6cb-e7910ab557e7,9837,2018-03-04,2017/2018,227,Atlético Madrid,20,96.1,42.3,0.054955997,Open Play,Saved,Left Foot
2cbf0a45-3455-422e-8f7f-9d8db932aef9,9837,2018-03-04,2017/2018,227,Atlético Madrid,25,95.1,46.9,0.065203466,Free Kick,Goal,Left Foot
2f85cf59-ec74-4f45-8b2c-cac3004f22d4,9837,2018-03-04,2017/2018,227,Atlético Madrid,57,98.3,27.8,0.06196515,Free Kick,Blocked,Left Foot
5abb54f4-dfaa-4b54-9313-f8e5d98bea7e,9837,2018-03-04,2017/2018,227,Atlético Madrid,76,99.7,44.2,0.099879466,Open Play,Blocked,Left Foot
6fb7f69a-b2be-48a8-8350-9e2b83833b5f,9855,2018-03-18,2017/2018,227,Athletic Club,3,93.5,35.9,0.060844686,Free Kick,Saved,Left Foot
0b1d1be4-7e10-4906-a466-eb699aca2a20,9855,2018-03-18,2017/2018,227,Athletic Club,11,99.8,43.7,0.083627425,Open Play,Saved,Left Foot
f3066ed5-b842-43fb-aab1-fa7bc1863e02,9855,2018-03-18,2017/2018,227,Athletic Club,11,113.2,52.9,0.087903194,Open Play,Saved,Right Foot
c3d6d5b1-b68d-4d8c-87b2-75a9d7e44f27,9855,2018-03-18,2017/2018,227,Athletic Club,29,100.4,39.8,0.056776803,Open Play,Goal,Left Foot
f19eb326-f4da-4f60-a330-f7b04c5fcbfc,9855,2018-03-18,2017/2018,227,Athletic Club,41,100.0,33.3,0.047239076,Open Play,Blocked,Left Foot
de127199-6588-4321-9058-5bd289b61c4f,9855,2018-03-18,2017/2018,227,Athletic Club,54,93.5,38.1,0.058634493,Free Kick,Blocked,Left Foot
af6b7891-4a6a-4ed1-9538-23aa71e931a4,9855,2018-03-18,2017/2018,227,Athletic Club,54,95.4,38.4,0.022256775,Open Play,Blocked,Left Foot
4dfb771f-e7e0-4358-81bd-bd40039b2fe9,9855,2018-03-18,2017/2018,227,Athletic Club,80,101.3,49.1,0.056550734,Open Play,Saved,Left Foot
13075d8d-11f7-4612-8dfc-36573d87ff47,9855,2018-03-18,2017/2018,227,Athletic Club,87,107.0,25.9,0.06463445,Open Play,Off T,Left Foot
bbdaf5cf-e894-4ea4-804f-b6050ac2e3db,9860,2018-03-31,2017/2018,227,Sevilla,75,93.6,42.5,0.029525133,Open Play,Off T,Left Foot
e04fa3e0-d8ea-4ef5-838d-d2aad07ade5d,9860,2018-03-31,2017/2018,227,Sevilla,85,117.0,29.4,0.046117578,Open Play,Saved,Left Foot
4034311f-2e92-4023-8f63-78a10719c8a0,9860,2018-03-31,2017/2018,227,Sevilla,86,102.1,44.6,0.046122506,Open Play,Blocked,Left Foot
4d9173da-eada-4a08-8b8c-aa7caf14739f,9860,2018-03-31,2017/2018,227,Sevilla,88,95.0,39.0,0.042512797,Open Play,Goal,Left Foot
67d36fb9-8906-43d9-961c-56d4bea04792,9870,2018-04-07,2017/2018,227,Leganés,21,99.0,31.9,0.07734115,Free Kick,Blocked,Left Foot
bd5ebd93-b60e-4eed-9854-006efaa841d1,9870,2018-04-07,2017/2018,227,Leganés,26,95.0,52.1,0.048233103,Free Kick,Goal,Left Foot
e4c7ed88-c603-4d77-84b7-1f0c3ebb7b74,9870,2018-04-07,2017/2018,227,Leganés,31,106.0,37.1,0.17395128,Open Play,Goal,Left Foot
bd61af6e-e2c4-4b68-aa7f-174feda68f1c,9870,2018-04-07,2017/2018,227,Leganés,69,104.5,26.2,0.040078085,Open Play,Wayward,Left Foot
6129862c-4dc4-4993-8f7d-71f8fef1fbbd,9870,2018-04-07,2017/2018,227,Leganés,72,98.1,62.5,0.03735973,Open Play,Saved,Left Foot
ad41f580-4dc5-4214-895a-ea11a2675e54,9870,2018-04-07,2017/2018,227,Leganés,86,114.5,41.6,0.6410955,Open Play,Goal,Left Foot
6b8010bf-0d4d-4eef-b816-d8a66bb85060,9880,2018-04-14,2017/2018,227,Valencia,31,111.8,33.9,0.08205735,Open Play,Off T,Head
8cd1433e-0de9-4130-b73e-fe717aa3a690,9880,2018-04-14,2017/2018,227,Valencia,32,110.2,44.0,0.069981925,Open Play,Off T,Head
9d02f429-e9eb-4e99-a5ee-d8083c6f2764,9880,2018-04-14,2017/2018,227,Valencia,55,99.1,43.9,0.044264324,Open Play,Saved,Left Foot
994a0ea5-b72e-416b-979e-39526221e8a1,9880,2018-04-14,2017/2018,227,Valencia,56,100.3,41.5,0.098247774,Open Play,Saved,Left Foot
4f246a76-4dde-43b9-9ce0-1b9329d8b6f0,9880,2018-04-14,2017/2018,227,Valencia,64,100.1,39.3,0.0612357,Open Play,Off T,Left Foot
5d077c66-a4b8-474f-a1ce-ece33711511e,9880,2018-04-14,2017/2018,227,Valencia,77,101.7,36.9,0.16257137,Open Play,Off T,Left Foot
fed59fc9-061e-43c3-a025-70f8cca5879e,9889,2018-04-17,2017/2018,227,Celta Vigo,68,96.3,39.9,0.04123735,Open Play,Off T,Left Foot
3270dea9-833b-4670-b0f9-59c556576da9,9912,2018-04-29,2017/2018,227,RC Deportivo La Coruña,28,103.8,36.2,0.044886697,Open Play,Off T,Head
d2971c10-ee29-4e55-ad6d-af715479073e,9912,2018-04-29,2017/2018,227,RC Deportivo La Coruña,29,93.1,48.3,0.055207707,Free Kick,Saved,Left Foot
3db5d6e5-fd5e-4efc-95f7-682733ad1abc,9912,2018-04-29,2017/2018,227,RC Deportivo La Coruña,37,115.1,29.8,0.115233235,Open Play,Goal,Left Foot
959eb0b1-9364-4dda-949d-826de3ecca02,9912,2018-04-29,2017/2018,227,RC Deportivo La Coruña,50,113.8,48.3,0.13283968,Open Play,Saved,Left Foot
84450d4e-c14f-4752-bbac-5e1aca7bf2ad,9912,2018-04-29,2017/2018,227,RC Deportivo La Coruña,51,112.7,49.3,0.078109145,Open Play,Off T,Right Foot
79c77dc3-6fe4-44fb-ad60-c3275b2d8d66,9912,2018-04-29,2017/2018,227,RC Deportivo La Coruña,60,108.7,27.7,0.056803092,Open Play,Blocked,Left Foot
e95186d2-fbb2-4efd-b260-5737ebd36d1a,9912,2018-04-29,2017/2018,227,RC Deportivo La Coruña,78,101.8,37.0,0.11306126,Open Play,Blocked,Left Foot
8a227f2d-2140-4fab-a687-a6ac8d120626,9912,2018-04-29,2017/2018,227,RC Deportivo La Coruña,81,114.9,42.9,0.62983155,Open Play,Goal,Right Foot
6963d38c-ea9b-42f8-bcda-1772f912b308,9912,2018-04-29,2017/2018,227,RC Deportivo La Coruña,84,108.0,38.0,0.38936394,Open Play,Goal,Left Foot
0ca38903-2d66-4306-80db-ce106bc445b7,9924,2018-05-06,2017/2018,227,Real Madrid,51,103.6,36.2,0.107331924,Open Play,Goal,Left Foot
b1c7886d-d062-4333-b7ec-eca6bfcb5822,9924,2018-05-06,2017/2018,227,Real Madrid,62,95.1,32.7,0.06222486,Free Kick,Blocked,Left Foot
5aa93bcf-1bbb-41e5-925b-34ba6d72d069,9924,2018-05-06,2017/2018,227,Real Madrid,69,106.4,30.5,0.36068064,Open Play,Saved,Left Foot
44c04d3a-4e24-46d5-ab6e-b8bd40301475,9924,2018-05-06,2017/2018,227,Real Madrid,81,107.3,53.5,0.030279562,Open Play,Off T,Left Foot
2bab6165-cb0e-4b0e-aa37-56f9abc4c7f3,9924,2018-05-06,2017/2018,227,Real Madrid,81,114.9,54.7,0.018667642,Open Play,Saved,Right Foot
1fcda1a4-23c9-42df-8153-6c6142fcc3c7,9928,2018-05-09,2017/2018,227,Villarreal,6,103.3,51.7,0.053563748,Open Play,Off T,Left Foot
30bc5d8c-e362-41a8-8335-47dde89e893e,9928,2018-05-09,2017/2018,227,Villarreal,26,100.9,34.3,0.050181236,Open Play,Blocked,Left Foot
7f8ffcb0-8e3a-455e-8782-a0c19fa4115c,9928,2018-05-09,2017/2018,227,Villarreal,44,115.2,33.1,0.20992146,Open Play,Goal,Left Foot
231c4dbd-be91-466f-a5ec-cd4fa1481905,9928,2018-05-09,2017/2018,227,Villarreal,84,100.6,39.6,0.07338555,Open Play,Blocked,Left Foot
78d511a2-b6f7-4dd1-bbb6-56be345da5c0,9948,2018-05-20,2017/2018,227,Real Sociedad,76,110.2,36.3,0.09121557,Open Play,Saved,Head
becd7956-ce44-479e-8fc9-16a2d1f1f349,15946,2018-08-18,2018/2019,227,Deportivo Alavés,2,111.5,52.9,0.07699243,Open Play,Off T,Right Foot
ddd194ca-08fb-43d0-87c2-33647f975f9f,15946,2018-08-18,2018/2019,227,Deportivo Alavés,15,93.7,34.7,0.016932096,Open Play,Saved,Left Foot
3cd35952-9d03-4aa4-8676-54aff47621a1,15946,2018-08-18,2018/2019,227,Deportivo Alavés,37,96.5,52.6,0.049073674,Free Kick,Post,Left Foot
8a0ba5f5-17e0-4dae-acad-5701afdd1ff9,15946,2018-08-18,2018/2019,227,Deportivo Alavés,57,100.0,57.4,0.024773644,Open Play,Off T,Left Foot
f8132d81-31dc-45ec-ae0a-455471f6aba7,15946,2018-08-18,2018/2019,227,Deportivo Alavés,63,97.8,45.4,0.08320293,Free Kick,Goal,Left Foot
fe79e3fe-9a47-42ee-81ab-e5e5de37259a,15946,2018-08-18,2018/2019,227,Deportivo Alavés,65,106.3,47.0,0.069850795,Open Play,Post,Left Foot
dc22f071-40e1-470b-92f0-5772192ef884,15946,2018-08-18,2018/2019,227,Deportivo Alavés,89,106.6,46.8,0.09483012,Open Play,Saved,Left Foot
036c1a04-8d9b-40c0-8b35-780df67fab4d,15946,2018-08-18,2018/2019,227,Deportivo Alavés,91,111.5,36.2,0.42062446,Open Play,Goal,Left Foot
41792ce3-ecfe-48e9-a639-40e390bb3443,15956,2018-08-25,2018/2019,227,Real Valladolid,42,94.9,38.6,0.06438187,Free Kick,Off T,Left Foot
ab358ae9-7fff-4821-9123-35902f670d3d,15973,2018-09-02,2018/2019,227,Huesca,15,110.2,50.8,0.13622634,Open Play,Goal,Right Foot
3bba4267-9a68-491c-bfb1-76b31f4ed1ae,15973,2018-09-02,2018/2019,227,Huesca,20,111.5,34.6,0.098762296,Open Play,Saved,Head
21c25b19-c99c-4b26-b5cf-14336ab4d7a8,15973,2018-09-02,2018/2019,227,Huesca,22,95.0,35.6,0.03473062,Open Play,Blocked,Left Foot
804e0794-e6d3-4a11-9d87-96ffc44740b9,15973,2018-09-02,2018/2019,227,Huesca,34,88.6,47.1,0.029354997,Free Kick,Off T,Left Foot
7cb554cc-8471-48a0-8554-7c9e5ed2b493,15973,2018-09-02,2018/2019,227,Huesca,46,117.6,49.4,0.06906999,Open Play,Saved to Post,Left Foot
5873978b-67fc-4e02-bdc1-6695e758a463,15973,2018-09-02,2018/2019,227,Huesca,60,103.4,35.2,0.2742397,Open Play,Goal,Left Foot
1a5a3d12-94a0-46e6-b03c-5d292c93b592,15973,2018-09-02,2018/2019,227,Huesca,77,96.5,49.4,0.062529676,Free Kick,Off T,Left Foot
a2fc6aa3-a635-4ea3-aabb-02fb4111c716,15978,2018-09-15,2018/2019,227,Real Sociedad,59,97.8,43.6,0.029981874,Open Play,Saved,Left Foot
f2721f0c-485e-4081-bc9a-01d12d8ef83e,15978,2018-09-15,2018/2019,227,Real Sociedad,78,97.6,47.7,0.038261805,Open Play,Off T,Left Foot
2e7dff80-a991-416c-89dc-def54212e885,15986,2018-09-23,2018/2019,227,Girona,11,105.2,32.2,0.20269015,Open Play,Saved,Left Foot
f5669284-14c4-43ad-9465-9d69a849eec3,15986,2018-09-23,2018/2019,227,Girona,18,105.4,41.7,0.2065906,Open Play,Goal,Left Foot
28e403c0-745d-46ad-ba30-0b264d391cbe,15986,2018-09-23,2018/2019,227,Girona,39,92.6,27.1,0.031941224,Free Kick,Saved,Left Foot
f5c7aa4d-68b5-407f-a82a-d36bc6adabc4,15986,2018-09-23,2018/2019,227,Girona,59,91.9,40.3,0.046135064,Free Kick,Post,Left Foot
e319ab69-0ef4-42bc-8be9-457fcbf823d0,15986,2018-09-23,2018/2019,227,Girona,61,97.6,57.2,0.030201381,Free Kick,Saved Off Target,Left Foot
a1a23627-d952-4b7e-9bef-6b317f97a164,15986,2018-09-23,2018/2019,227,Girona,68,93.8,38.8,0.061037187,Free Kick,Saved,Left Foot
64a50bc2-60e7-4340-b4c2-4929a6379404,15998,2018-09-26,2018/2019,227,Leganés,16,95.8,42.0,0.05264626,Open Play,Post,Left Foot
4eaa5f1c-d50f-4ef9-a8a4-553f9f27c6fe,15998,2018-09-26,2018/2019,227,Leganés,17,100.4,41.6,0.08441909,Open Play,Saved,Left Foot
3424f822-9014-4be6-9cee-f624a7adced6,16010,2018-09-29,2018/2019,227,Athletic Club,71,94.6,47.4,0.061186552,Free Kick,Blocked,Left Foot
8792710d-3dec-42c9-8987-820dc0623f32,16010,2018-09-29,2018/2019,227,Athletic Club,72,105.9,51.8,0.040588498,Open Play,Blocked,Left Foot
95f1b49c-39b1-474b-bb78-d998e598cca6,16010,2018-09-29,2018/2019,227,Athletic Club,76,107.9,32.3,0.08154796,Open Play,Post,Left Foot
cd3981d3-9cc6-4a82-9140-d76197e3af45,16010,2018-09-29,2018/2019,227,Athletic Club,77,100.0,34.3,0.029911907,Open Play,Off T,Left Foot
5d8c8792-ea49-4509-b127-5601d7336f38,16010,2018-09-29,2018/2019,227,Athletic Club,83,107.9,60.7,0.007767651,Open Play,Saved,Left Foot
50bec0e4-c11b-46e2-bbba-724860490421,16023,2018-10-07,2018/2019,227,Valencia,20,95.8,47.7,0.034218077,Open Play,Saved,Left Foot
deadde81-f025-4b1b-81d3-cfe1323376f8,16023,2018-10-07,2018/2019,227,Valencia,22,96.8,40.4,0.058597814,Open Play,Goal,Left Foot
80987e47-95f2-4b0e-98d7-1b1579b6a14f,16023,2018-10-07,2018/2019,227,Valencia,54,114.5,26.9,0.0645367,Open Play,Saved,Left Foot
a0fc49c1-ba28-4777-a85f-6f57bacd0fce,16023,2018-10-07,2018/2019,227,Valencia,71,89.8,50.0,0.02908752,Free Kick,Off T,Left Foot
e01d2cd1-9a2a-48de-8bc7-9f3afbcf8532,16023,2018-10-07,2018/2019,227,Valencia,79,111.0,29.4,0.072049536,Open Play,Off T,Right Foot
ffc8b36c-00c3-4735-b1ff-bded5f8b859c,16023,2018-10-07,2018/2019,227,Valencia,85,98.5,32.0,0.04160071,Open Play,Saved,Right Foot
d7a45557-acce-491d-9acb-348aa4b9f92d,16029,2018-10-20,2018/2019,227,Sevilla,8,114.0,29.0,0.07489057,Open Play,Blocked,Left Foot
09342f5a-82e2-4fd8-9487-09b1aed195af,16029,2018-10-20,2018/2019,227,Sevilla,12,101.0,47.7,0.10855549,Open Play,Goal,Left Foot
80f4df2b-a30e-4d0c-8b4c-09d639a07138,16056,2018-11-11,2018/2019,227,Real Betis,0,112.9,33.4,0.07439837,Open Play,Wayward,Left Foot
6da54f08-7cef-46db-9968-e5a1bb4899e7,16056,2018-11-11,2018/2019,227,Real Betis,11,106.9,26.5,0.02935495,Open Play,Blocked,Left Foot
0ab48fc2-c744-4841-b7d8-42b7f3c3dd2a,16056,2018-11-11,2018/2019,227,Real Betis,26,88.2,41.0,0.025032723,Free Kick,Blocked,Left Foot
436c9edd-b84b-4cb5-9661-d611535fc872,16056,2018-11-11,2018/2019,227,Real Betis,47,100.3,40.3,0.0454285,Open Play,Off T,Left Foot
698cc140-7572-4bd5-a419-343c7ee6d0a3,16056,2018-11-11,2018/2019,227,Real Betis,50,107.7,30.3,0.039049815,Open Play,Blocked,Left Foot
9dcd6e8b-26db-4283-80ee-76c05fad03b7,16056,2018-11-11,2018/2019,227,Real Betis,67,108.1,40.1,0.7835,Penalty,Goal,Left Foot
036c233e-381c-469c-b60c-84fab071a70b,16056,2018-11-11,2018/2019,227,Real Betis,91,117.4,37.2,0.92521083,Open Play,Goal,Left Foot
6e92cd04-d1d0-41f7-b9f4-cb9c8b3f41bc,16073,2018-11-24,2018/2019,227,Atlético Madrid,39,97.2,59.9,0.011695605,Free Kick,Off T,Left Foot
32aa0fad-2fb5-41d4-bd26-5e1a2e6b6487,16073,2018-11-24,2018/2019,227,Atlético Madrid,55,91.5,50.4,0.020745734,Open Play,Blocked,Left Foot
fe5a49d5-d8f7-466e-a8e5-49686876ed16,16073,2018-11-24,2018/2019,227,Atlético Madrid,81,94.0,52.5,0.0501836,Free Kick,Saved,Left Foot
ca7bcfaf-6eca-446f-9e0f-a6fcee09f97b,16073,2018-11-24,2018/2019,227,Atlético Madrid,86,91.9,41.2,0.046191525,Free Kick,Blocked,Left Foot
5f95bb22-ba8d-4e36-991f-6cc15a20cf4c,16079,2018-12-02,2018/2019,227,Villarreal,7,97.3,44.2,0.048432235,Open Play,Saved,Left Foot
89d31b1e-cd57-479b-97f7-c095d2b3af2f,16079,2018-12-02,2018/2019,227,Villarreal,11,93.3,35.6,0.062270783,Free Kick,Blocked,Left Foot
8efe2c8d-6244-4564-aeb5-c9847ab52071,16079,2018-12-02,2018/2019,227,Villarreal,26,93.1,34.6,0.056344714,Free Kick,Saved,Left Foot
13ab7e04-0113-479d-8940-437bdbd0b875,16079,2018-12-02,2018/2019,227,Villarreal,38,112.5,30.9,0.14805076,Open Play,Saved,Left Foot
2f94a36b-6ce3-4bd8-a823-bd4ce727c779,16079,2018-12-02,2018/2019,227,Villarreal,47,92.2,44.0,0.027284013,Open Play,Blocked,Left Foot
02ed25c7-94a2-4c04-b8c4-c68d0d27bcab,16079,2018-12-02,2018/2019,227,Villarreal,91,97.1,40.8,0.038131237,Open Play,Saved,Left Foot
7fb057cd-b017-4e3a-9342-1ebcfe03e18c,16086,2018-12-08,2018/2019,227,Espanyol,16,92.9,42.9,0.06519264,Free Kick,Goal,Left Foot
3cf9f53a-86b7-4a93-bc63-c2766938d169,16086,2018-12-08,2018/2019,227,Espanyol,36,113.1,47.1,0.25297776,Open Play,Post,Head
bc53ac90-28df-4b1c-8a3b-9235cf8a53ce,16086,2018-12-08,2018/2019,227,Espanyol,57,114.7,49.0,0.23628311,Open Play,Saved,Right Foot
0cb55b84-2e78-4ed3-a50d-552c230e058b,16086,2018-12-08,2018/2019,227,Espanyol,64,92.8,28.1,0.04339203,Free Kick,Goal,Left Foot
942eaf4b-45bf-4ff9-b479-f94cf63169e8,16086,2018-12-08,2018/2019,227,Espanyol,68,112.7,41.3,0.38777235,Open Play,Saved,Head
76e78eb2-16ac-469b-a271-0e25c2d486a8,16095,2018-12-16,2018/2019,227,Levante UD,9,95.6,40.7,0.03404741,Open Play,Off T,Left Foot
6e04a2ef-53f6-4429-95fc-ea46e79417e0,16095,2018-12-16,2018/2019,227,Levante UD,25,94.7,50.2,0.04648035,Free Kick,Saved,Left Foot
de9211d8-c08d-4919-bb0d-1db43fcc51f9,16095,2018-12-16,2018/2019,227,Levante UD,32,100.0,33.8,0.061956845,Open Play,Blocked,Left Foot
943af0c2-6b6a-4cec-9d1d-ecbf32f884bf,16095,2018-12-16,2018/2019,227,Levante UD,42,111.4,49.0,0.20736858,Open Play,Goal,Right Foot
7fe0e3b1-b54a-4a73-a432-9f798265a9eb,16095,2018-12-16,2018/2019,227,Levante UD,46,103.6,38.4,0.135215,Open Play,Goal,Left Foot
219d6f8d-07ec-4e44-8d6b-9bd72a509b97,16095,2018-12-16,2018/2019,227,Levante UD,59,115.3,37.7,0.5726979,Open Play,Goal,Left Foot
7bd9534e-5b86-4bf6-85df-f70917ba78fb,16095,2018-12-16,2018/2019,227,Levante UD,77,95.3,48.2,0.061749477,Free Kick,Off T,Left Foot
0a319e85-d945-44d8-8e27-334d7d36a064,16109,2018-12-22,2018/2019,227,Celta Vigo,9,102.3,37.0,0.09813295,Open Play,Saved,Left Foot
7a505a61-f6a5-416b-9578-338b05791d4f,16109,2018-12-22,2018/2019,227,Celta Vigo,44,101.9,37.7,0.25337613,Open Play,Goal,Left Foot
3f988462-c604-45c1-8467-b82cc418e000,16109,2018-12-22,2018/2019,227,Celta Vigo,91,99.1,28.4,0.066200085,Free Kick,Off T,Left Foot
96803a32-b737-451d-a043-83d87b09fb68,16120,2019-01-06,2018/2019,227,Getafe,19,108.5,34.0,0.15501873,Open Play,Saved,Left Foot
75f4ff01-baa7-4d0e-a90e-4b056f4c7ff4,16120,2019-01-06,2018/2019,227,Getafe,19,117.0,31.0,0.3412828,Open Play,Goal,Left Foot
9b2f6108-6b19-4756-92ff-3893306df5e4,16120,2019-01-06,2018/2019,227,Getafe,53,106.1,31.1,0.105519824,Open Play,Saved,Right Foot
91fa463e-afb8-4ee3-94da-a6dae6050aa5,16120,2019-01-06,2018/2019,227,Getafe,62,95.8,30.9,0.06380812,Free Kick,Off T,Left Foot
d8d3458a-f07a-4a9b-8cf6-5aec97b4550f,16120,2019-01-06,2018/2019,227,Getafe,74,101.3,42.5,0.27254462,Open Play,Saved,Left Foot
eb50d981-f261-4c2e-ba44-879ce1906209,16120,2019-01-06,2018/2019,227,Getafe,82,92.9,40.1,0.021718958,Open Play,Saved,Left Foot
dcb453bf-05a6-48b5-b0db-53b737447891,16120,2019-01-06,2018/2019,227,Getafe,85,88.3,51.0,0.021257285,Free Kick,Off T,Left Foot
05708802-81ab-40d1-82c6-6fda08bc1776,16131,2019-01-13,2018/2019,227,Eibar,52,110.5,30.6,0.16109194,Open Play,Goal,Left Foot
1e9c8eeb-3455-41aa-a137-8b35ba7d446c,16131,2019-01-13,2018/2019,227,Eibar,57,101.1,37.7,0.31420144,Open Play,Saved,Left Foot
ec55ed5d-325a-4567-89e4-7220878df27f,16136,2019-01-20,2018/2019,227,Leganés,70,96.2,46.6,0.0402071,Open Play,Saved,Left Foot
f683d80f-7b24-4ca4-8823-b87cd04fc79a,16136,2019-01-20,2018/2019,227,Leganés,91,107.5,33.7,0.14919198,Open Play,Goal,Right Foot
03e72628-3d62-4c93-b2c9-d61b6e46804b,16149,2019-01-27,2018/2019,227,Girona,22,97.6,45.8,0.04622492,Open Play,Off T,Left Foot
0c8dc490-eca7-40e1-8cc3-b9a139f3e286,16149,2019-01-27,2018/2019,227,Girona,30,98.2,34.3,0.08718545,Free Kick,Blocked,Left Foot
27a73f6f-9015-4a4a-aef5-63a8f2517662,16149,2019-01-27,2018/2019,227,Girona,46,91.5,53.4,0.028214965,Free Kick,Off T,Left Foot
582475ef-43bf-48a3-afbd-608006b74079,16149,2019-01-27,2018/2019,227,Girona,54,99.9,30.1,0.034527913,Open Play,Blocked,Left Foot
a06053ce-77f6-4dc9-9bcd-5374073ade63,16149,2019-01-27,2018/2019,227,Girona,59,105.1,28.2,0.034187198,Open Play,Blocked,Left Foot
eb79ee68-e079-4a1a-9f92-736679f15c4a,16149,2019-01-27,2018/2019,227,Girona,67,104.2,41.8,0.27387187,Open Play,Goal,Left Foot
02bcc8d6-8ee5-48fc-94e4-82b7bead5d8d,16149,2019-01-27,2018/2019,227,Girona,76,110.1,41.8,0.2880414,Open Play,Saved,Left Foot
6423db20-7e34-436b-b322-7526512be6ed,16157,2019-02-02,2018/2019,227,Valencia,7,94.8,43.6,0.07695142,Free Kick,Saved,Left Foot
429ca1e9-8081-4442-b124-6ddf831f51c2,16157,2019-02-02,2018/2019,227,Valencia,11,95.6,55.4,0.021679128,Open Play,Off T,Left Foot
099a7c3d-aa74-44d1-82ab-9aead403cbf7,16157,2019-02-02,2018/2019,227,Valencia,38,108.0,40.0,0.7835,Penalty,Goal,Left Foot
c2d03074-7a73-49e9-a57e-c7d08bc317a4,16157,2019-02-02,2018/2019,227,Valencia,42,113.5,22.0,0.008904223,Open Play,Saved,Left Foot
45c56822-39cd-4b54-9cf4-44c15e97cb72,16157,2019-02-02,2018/2019,227,Valencia,44,110.5,45.1,0.16006258,Open Play,Off T,Left Foot
023b721f-b06d-47f2-b4be-c1f35a6c77cc,16157,2019-02-02,2018/2019,227,Valencia,45,100.6,37.9,0.07713294,Open Play,Saved,Left Foot
dab69695-856a-4068-88c6-6afe6bf2985d,16157,2019-02-02,2018/2019,227,Valencia,62,112.3,31.8,0.09043971,Open Play,Off T,Head
2dc679d3-1e5b-41a9-993f-4e2518aced74,16157,2019-02-02,2018/2019,227,Valencia,63,97.3,34.1,0.0348344,Open Play,Goal,Left Foot
19974387-b7b3-4306-a842-885931e3d87f,16173,2019-02-10,2018/2019,227,Athletic Club,36,98.4,58.9,0.008874286,Open Play,Saved,Left Foot
b3267bdc-7451-4c6f-b097-9fe8c4583084,16173,2019-02-10,2018/2019,227,Athletic Club,41,96.9,41.4,0.046035517,Open Play,Blocked,Left Foot
03c134e5-fb51-41f5-832c-a5c405de00f5,16173,2019-02-10,2018/2019,227,Athletic Club,45,98.8,29.3,0.025812896,Open Play,Blocked,Left Foot
930b932d-c9ae-431e-881d-aeb7e87b298b,16173,2019-02-10,2018/2019,227,Athletic Club,52,90.6,32.3,0.03933233,Free Kick,Off T,Left Foot
47ae2ff6-7ac5-462c-8e09-4b5c91fd123e,16182,2019-02-16,2018/2019,227,Real Valladolid,36,98.1,24.6,0.024798097,Open Play,Blocked,Left Foot
17408824-d2ba-42af-9136-0531333fdc92,16182,2019-02-16,2018/2019,227,Real Valladolid,40,97.0,36.5,0.0457258,Open Play,Blocked,Left Foot
8123bdeb-7354-49a0-b6e9-5e28a442d6c8,16182,2019-02-16,2018/2019,227,Real Valladolid,40,102.5,39.5,0.08866248,Open Play,Blocked,Right Foot
eafdab54-3e61-4d58-84c7-9074543870c2,16182,2019-02-16,2018/2019,227,Real Valladolid,41,106.4,50.2,0.06446961,Open Play,Blocked,Left Foot
c03605ad-3939-4f8d-bc5d-2cfdc767c93b,16182,2019-02-16,2018/2019,227,Real Valladolid,42,108.0,40.0,0.7835,Penalty,Goal,Left Foot
eeb775ee-f93e-46c9-b07b-f7b3aabd2132,16182,2019-02-16,2018/2019,227,Real Valladolid,48,110.0,42.4,0.14827083,Open Play,Saved,Left Foot
28b4f31f-e0d0-419e-a510-b60ddba3aadf,16182,2019-02-16,2018/2019,227,Real Valladolid,52,106.4,39.0,0.048129868,Open Play,Off T,Left Foot
1fa06e74-f1bc-4efb-8b61-d1a68adefa42,16182,2019-02-16,2018/2019,227,Real Valladolid,64,100.6,47.0,0.06395871,Open Play,Saved,Left Foot
4bf6601b-0006-4d5b-8ca4-5f70f839e3af,16182,2019-02-16,2018/2019,227,Real Valladolid,72,95.7,53.5,0.022849875,Open Play,Off T,Left Foot
7420e889-272c-4945-8021-62d11d77d847,16182,2019-02-16,2018/2019,227,Real Valladolid,84,108.1,40.1,0.7835,Penalty,Saved,Left Foot
ea20782e-58d8-4e64-8edf-7a1e2f940e0a,16182,2019-02-16,2018/2019,227,Real Valladolid,84,111.5,45.1,0.25021553,Open Play,Saved,Head
5f9bc123-b671-460b-98ec-d67e5fe52db1,16182,2019-02-16,2018/2019,227,Real Valladolid,87,100.3,44.1,0.07491254,Open Play,Off T,Left Foot
602416d1-b33d-4e65-a50e-4ae96b87a9a8,16190,2019-02-23,2018/2019,227,Sevilla,9,101.7,34.7,0.057840433,Open Play,Blocked,Left Foot
12c7bf15-0f31-439e-8c90-8e4b53763870,16190,2019-02-23,2018/2019,227,Sevilla,25,105.4,40.9,0.06997206,Open Play,Goal,Left Foot
e2fdb68a-5344-4110-a576-1982c2a93a5e,16190,2019-02-23,2018/2019,227,Sevilla,54,104.9,25.1,0.037612785,Open Play,Blocked,Left Foot
09d348aa-ed45-45f1-a826-7755e1e65d11,16190,2019-02-23,2018/2019,227,Sevilla,66,103.8,45.0,0.0855435,Open Play,Goal,Right Foot
6e189b7e-1532-4f84-9d4a-cd8596f91727,16190,2019-02-23,2018/2019,227,Sevilla,70,101.6,56.2,0.026081862,Open Play,Off T,Left Foot
718ff4ea-b8d1-4ad8-8964-d5468a3a4ccb,16190,2019-02-23,2018/2019,227,Sevilla,77,97.9,37.7,0.04284601,Open Play,Saved,Left Foot
e1df6030-7750-4c2a-a9ee-026a503be450,16190,2019-02-23,2018/2019,227,Sevilla,78,100.8,33.3,0.033764433,Open Play,Blocked,Left Foot
121f7992-c74d-4fb3-b5e8-b1489571847c,16190,2019-02-23,2018/2019,227,Sevilla,84,111.2,36.1,0.37015414,Open Play,Goal,Left Foot
30eed986-fb64-408a-81a0-d21c396a00a5,16196,2019-03-02,2018/2019,227,Real Madrid,18,112.0,50.2,0.40198335,Open Play,Off T,Left Foot
0f17bd6c-c175-4b26-b124-023dbb10bbfd,16196,2019-03-02,2018/2019,227,Real Madrid,36,93.9,38.4,0.06268028,Free Kick,Off T,Left Foot
989f4f1b-560c-4ee8-ad8c-5165e4f8174f,16196,2019-03-02,2018/2019,227,Real Madrid,38,112.5,44.2,0.3760662,Open Play,Saved,Left Foot
0f43f574-0b96-472f-90ec-013d806ea654,16196,2019-03-02,2018/2019,227,Real Madrid,41,92.6,57.4,0.0104137175,Free Kick,Off T,Left Foot
1130f2b6-88d5-44bc-bbe8-93095b18eb11,16196,2019-03-02,2018/2019,227,Real Madrid,68,116.0,24.0,0.009436116,Open Play,Wayward,Left Foot
2f09f0a7-6223-4392-8194-3e3db640e19e,16196,2019-03-02,2018/2019,227,Real Madrid,92,99.7,39.8,0.059283435,Open Play,Off T,Left Foot
3cbad039-8ce9-43dc-8f5b-05b737f686bd,16205,2019-03-09,2018/2019,227,Rayo Vallecano,22,105.1,39.9,0.11437729,Open Play,Saved,Head
3d5fef88-bed8-4632-87fb-6908454d6584,16205,2019-03-09,2018/2019,227,Rayo Vallecano,36,95.1,46.4,0.034796998,Open Play,Off T,Left Foot
7028a89f-e6b2-4761-add5-bff93eaf2e8c,16205,2019-03-09,2018/2019,227,Rayo Vallecano,50,108.1,40.1,0.7835,Penalty,Goal,Left Foot
6e504461-0523-4504-9f7b-fa822d7cc880,16205,2019-03-09,2018/2019,227,Rayo Vallecano,58,108.1,35.1,0.13294333,Open Play,Saved,Right Foot
18328d78-4b8f-45e9-b93c-ae015487c6bc,16205,2019-03-09,2018/2019,227,Rayo Vallecano,68,97.4,31.7,0.08038454,Free Kick,Blocked,Left Foot
87a6fd08-f331-4bf7-97d2-fae7db0d1f90,16205,2019-03-09,2018/2019,227,Rayo Vallecano,84,90.1,43.1,0.034564197,Free Kick,Off T,Left Foot
14a6205d-a4b9-424c-aeb8-32f42c3c583b,16215,2019-03-17,2018/2019,227,Real Betis,17,95.6,44.4,0.08467998,Free Kick,Goal,Left Foot
87e8aa27-37dc-49ed-9cc3-236a748255b1,16215,2019-03-17,2018/2019,227,Real Betis,24,94.0,46.1,0.06263858,Free Kick,Saved,Left Foot
8cb68a1f-908f-4890-89ae-f8d59a194b2d,16215,2019-03-17,2018/2019,227,Real Betis,46,109.1,37.8,0.2838922,Open Play,Goal,Left Foot
1a10df43-d61a-4fcb-8412-56b86666fe83,16215,2019-03-17,2018/2019,227,Real Betis,84,103.4,27.3,0.0553791,Open Play,Goal,Left Foot
97a04bf7-2964-4ec5-8c4d-2b81819345f9,16215,2019-03-17,2018/2019,227,Real Betis,92,113.0,38.2,0.20298362,Open Play,Post,Left Foot
42eb4e89-95f7-42b0-9cd0-5e1fc07c4126,16231,2019-03-30,2018/2019,227,Espanyol,8,111.8,34.1,0.09426805,Open Play,Blocked,Left Foot
91662bd4-f3a2-4277-ae78-bcebf730aefc,16231,2019-03-30,2018/2019,227,Espanyol,35,90.3,39.5,0.037966073,Free Kick,Blocked,Left Foot
42ceb479-8e77-471b-9bb2-da99bff4e058,16231,2019-03-30,2018/2019,227,Espanyol,41,110.0,29.9,0.1104063,Open Play,Off T,Left Foot
0fd97468-83da-4460-8e14-c2c87180ddd4,16231,2019-03-30,2018/2019,227,Espanyol,70,101.4,44.2,0.09995406,Free Kick,Goal,Left Foot
67a87c41-7942-4343-a90f-e37e91e2c055,16231,2019-03-30,2018/2019,227,Espanyol,73,103.2,32.4,0.09092206,Open Play,Off T,Left Foot
b6446a5e-c8ba-4a8e-900d-fa94492eb242,16231,2019-03-30,2018/2019,227,Espanyol,88,108.1,36.1,0.16834752,Open Play,Goal,Left Foot
6c358d9b-bc44-45c5-b7a1-d639aad8c0b8,16240,2019-04-02,2018/2019,227,Villarreal,89,100.4,43.1,0.11242789,Free Kick,Goal,Left Foot
9528c838-6fa3-4b28-bbbb-0d026a71535a,16240,2019-04-02,2018/2019,227,Villarreal,90,87.2,42.4,0.020667935,Open Play,Off T,Left Foot
ed3cafdb-f3e2-49a3-9a0b-d811440f1487,16248,2019-04-06,2018/2019,227,Atlético Madrid,22,94.3,46.8,0.06365061,Free Kick,Off T,Left Foot
dec858bf-5503-4f47-822f-511a426e0996,16248,2019-04-06,2018/2019,227,Atlético Madrid,43,102.8,49.1,0.057175413,Open Play,Saved,Left Foot
bc4e8975-c30d-4e4b-ba26-ea5186618509,16248,2019-04-06,2018/2019,227,Atlético Madrid,55,99.8,44.1,0.086096756,Open Play,Saved,Left Foot
a62bfa03-cf9d-41f2-9c99-f1add654c50c,16248,2019-04-06,2018/2019,227,Atlético Madrid,60,102.6,37.2,0.08353407,Open Play,Saved,Left Foot
92ecae4b-99e9-4958-b8d2-003f304ea1e3,16248,2019-04-06,2018/2019,227,Atlético Madrid,63,98.0,44.8,0.07505362,Open Play,Saved,Left Foot
8efe7d32-468f-4957-be25-3d1d70598ca4,16248,2019-04-06,2018/2019,227,Atlético Madrid,68,99.5,40.7,0.098306745,Open Play,Saved,Left Foot
dbada73c-dea9-46b7-be89-7d9e1134ee83,16248,2019-04-06,2018/2019,227,Atlético Madrid,83,99.5,47.8,0.035068896,Open Play,Blocked,Left Foot
e1bfe975-519f-4e6e-a941-a1fec34f281f,16248,2019-04-06,2018/2019,227,Atlético Madrid,85,108.0,42.5,0.07466725,Open Play,Goal,Left Foot
9d578f12-e756-4521-a329-94c51814d302,16265,2019-04-20,2018/2019,227,Real Sociedad,10,94.3,28.7,0.050465677,Free Kick,Blocked,Left Foot
3af88fd8-9e35-4814-851a-87758f2aead4,16265,2019-04-20,2018/2019,227,Real Sociedad,26,97.9,47.4,0.080229186,Free Kick,Off T,Left Foot
949e033b-7f9e-4043-90be-8e5e9255e179,16265,2019-04-20,2018/2019,227,Real Sociedad,37,100.0,56.9,0.028298087,Open Play,Saved,Left Foot
7975e5b6-c674-4673-a428-18e519d188d6,16275,2019-04-23,2018/2019,227,Deportivo Alavés,68,112.7,27.4,0.036729824,Open Play,Saved to Post,Left Foot
f43b0878-0a94-4ad9-b52c-8130d5981db0,16275,2019-04-23,2018/2019,227,Deportivo Alavés,92,106.6,47.8,0.1427784,Open Play,Off T,Left Foot
25ca3e69-1952-41ad-8410-4da1a332e225,16289,2019-04-27,2018/2019,227,Levante UD,50,97.8,37.0,0.07208596,Open Play,Saved,Left Foot
ef51c188-a662-46f3-8c48-b22221db69c6,16289,2019-04-27,2018/2019,227,Levante UD,61,111.6,47.3,0.070449896,Open Play,Goal,Left Foot
961e25dc-8c5a-4b3a-b353-77121b82b454,16289,2019-04-27,2018/2019,227,Levante UD,78,103.4,29.4,0.065370984,Open Play,Saved,Left Foot
92e58d5c-04ab-4b36-84cf-84e264c85c67,16289,2019-04-27,2018/2019,227,Levante UD,83,98.5,45.2,0.075434096,Open Play,Off T,Left Foot
1e2560b6-3090-4888-a3e2-a28160aa3237,16306,2019-05-12,2018/2019,227,Getafe,54,109.2,32.5,0.30990028,Open Play,Saved,Left Foot
aaa4b054-abb4-4841-851f-d62003fea852,16306,2019-05-12,2018/2019,227,Getafe,81,100.8,37.5,0.09900023,Open Play,Off T,Left Foot
6bf50c74-3730-4657-bd51-a906d882b925,16306,2019-05-12,2018/2019,227,Getafe,86,115.8,30.2,0.0942768,Open Play,Saved,Left Foot
d9d13b35-b021-48e3-8a05-62cfb12b2589,16317,2019-05-19,2018/2019,227,Eibar,3,105.5,37.8,0.12899871,Open Play,Blocked,Right Foot
581b2f7a-b33d-4291-a4eb-c3ec09ea1953,16317,2019-05-19,2018/2019,227,Eibar,26,86.5,45.1,0.0245723,Free Kick,Off T,Left Foot
3bd95dcc-ea8c-4eda-a5dc-17668cf8cc6a,16317,2019-05-19,2018/2019,227,Eibar,30,113.9,30.2,0.21617931,Open Play,Goal,Left Foot
6f66567f-ddbb-453a-9b08-122f45d10732,16317,2019-05-19,2018/2019,227,Eibar,31,105.1,31.0,0.20478109,Open Play,Goal,Left Foot
2923543a-8d70-4757-b6c5-4759110e1850,16317,2019-05-19,2018/2019,227,Eibar,84,107.3,32.1,0.09632089,Open Play,Off T,Left Foot
96934eec-df0b-4385-aba9-6fde69f46d8d,303666,2019-09-21,2019/2020,227,Granada,49,88.1,31.1,0.027426755,Free Kick,Blocked,Left Foot
7ed2896c-6d75-4e8f-8793-57497b2b00c9,303666,2019-09-21,2019/2020,227,Granada,81,104.6,31.4,0.09181099,Open Play,Saved,Left Foot
64f6fbe9-b6bd-4268-b5b3-035d85bf3688,303430,2019-09-24,2019/2020,227,Villarreal,2,118.5,25.9,0.009021396,Open Play,Off T,Left Foot
6cc33eb2-2bdf-4df2-a4c3-7e8e553362b1,303473,2019-10-06,2019/2020,227,Sevilla,22,93.6,55.9,0.021670973,Free Kick,Off T,Left Foot
89ed16ac-abd4-4b1c-af4c-392c3061fba7,303473,2019-10-06,2019/2020,227,Sevilla,24,110.4,27.1,0.031016037,Open Play,Blocked,Left Foot
d067af51-f58f-4bfe-a8d1-21fcec0c811d,303473,2019-10-06,2019/2020,227,Sevilla,34,96.3,54.5,0.03718205,Free Kick,Off T,Left Foot
68d818db-5da9-4aa6-b650-69d6c0ef6c72,303473,2019-10-06,2019/2020,227,Sevilla,59,105.5,29.1,0.086702704,Open Play,Saved,Left Foot
1d72f439-2ca0-4593-9138-8603ea42692f,303473,2019-10-06,2019/2020,227,Sevilla,77,97.7,51.3,0.071187966,Free Kick,Goal,Left Foot
fd655610-d3bb-4218-9214-d9bca81bcc7c,303473,2019-10-06,2019/2020,227,Sevilla,85,91.7,48.2,0.023257881,Open Play,Saved,Left Foot
19e1a90d-a795-469d-9c1b-520cdf5bb0fe,303700,2019-10-19,2019/2020,227,Eibar,57,111.6,34.1,0.09960104,Open Play,Goal,Left Foot
540f59ab-ee01-4f57-b6f1-94dbbb065fc0,303700,2019-10-19,2019/2020,227,Eibar,69,113.5,49.2,0.061925292,Open Play,Blocked,Right Foot
b5218c07-b83e-47b8-9de3-8835c0b709f5,303700,2019-10-19,2019/2020,227,Eibar,82,94.3,39.1,0.07689556,Free Kick,Off T,Left Foot
0851c8b5-236f-44e1-93a4-111ef1e5fce2,303600,2019-10-29,2019/2020,227,Real Valladolid,13,87.2,40.1,0.023874886,Free Kick,Saved,Left Foot
acb1e149-14fb-4b73-89b9-5952a7a59e1f,303600,2019-10-29,2019/2020,227,Real Valladolid,32,96.6,30.4,0.040261455,Open Play,Blocked,Right Foot
e7e4e627-a469-4740-b7bb-226801e59d5d,303600,2019-10-29,2019/2020,227,Real Valladolid,33,93.1,50.2,0.05498078,Free Kick,Goal,Left Foot
ddeca117-8a87-4544-9d44-1e78525f0151,303600,2019-10-29,2019/2020,227,Real Valladolid,45,101.3,58.1,0.032086894,Free Kick,Saved,Left Foot
226c2a84-2fbb-4875-ab0d-e9dae8d3b223,303600,2019-10-29,2019/2020,227,Real Valladolid,74,104.9,34.3,0.11852098,Open Play,Goal,Left Foot
9fe33af0-ca3c-4870-9986-f3dea19a811d,303600,2019-10-29,2019/2020,227,Real Valladolid,91,109.4,37.3,0.11797575,Open Play,Off T,Left Foot
d30db613-31b1-4eba-8cd6-94830e9ba36d,303504,2019-11-02,2019/2020,227,Levante UD,37,108.2,39.9,0.7835,Penalty,Goal,Left Foot
0fe63b9c-773e-42a7-bedb-861fc78eb53c,303504,2019-11-02,2019/2020,227,Levante UD,42,114.2,39.0,0.41671252,Open Play,Saved,Left Foot
e19443a7-0560-4862-9a20-8cc80bc6bd40,303504,2019-11-02,2019/2020,227,Levante UD,42,114.5,40.3,0.38939497,Open Play,Saved,Left Foot
3f5f7cf8-811c-4959-99e6-63b9224ad039,303504,2019-11-02,2019/2020,227,Levante UD,79,97.6,53.7,0.028620113,Open Play,Blocked,Left Foot
998a2885-6dd0-45c4-8b19-788b6f8913e9,303504,2019-11-02,2019/2020,227,Levante UD,93,97.5,48.7,0.04000554,Open Play,Blocked,Left Foot
c124006c-277a-4278-aa74-dc87474d375b,303487,2019-11-09,2019/2020,227,Celta Vigo,13,102.1,36.3,0.059386693,Open Play,Saved,Left Foot
d0cb82f7-bf75-4e1c-9f10-295ec30f0b06,303487,2019-11-09,2019/2020,227,Celta Vigo,22,107.9,40.0,0.7835,Penalty,Goal,Left Foot
2da2218a-d744-4ece-b96d-8695edc5724b,303487,2019-11-09,2019/2020,227,Celta Vigo,31,93.8,31.8,0.021434236,Open Play,Saved,Left Foot
169a5012-1329-4133-9e7c-0edf00ef5039,303487,2019-11-09,2019/2020,227,Celta Vigo,45,93.5,43.4,0.06978913,Free Kick,Goal,Left Foot
938e2a53-357d-4ac5-8035-89b87bb7655f,303487,2019-11-09,2019/2020,227,Celta Vigo,47,95.4,43.1,0.07819711,Free Kick,Goal,Left Foot
719cfeec-a013-4d39-9568-ee7fea72f06d,303715,2019-11-23,2019/2020,227,Leganés,55,103.5,41.7,0.11079634,Open Play,Saved,Left Foot
0dab2fa1-d461-4822-bff9-ecbcb942f0c3,303524,2019-12-01,2019/2020,227,Atlético Madrid,59,92.8,42.9,0.025975442,Open Play,Saved,Left Foot
4bd09fda-9b31-4b00-a460-7ee893df5575,303524,2019-12-01,2019/2020,227,Atlético Madrid,63,101.6,43.6,0.068789504,Open Play,Blocked,Left Foot
230c2d9f-a815-499e-9ac4-47e866922d18,303524,2019-12-01,2019/2020,227,Atlético Madrid,85,100.9,36.8,0.07971766,Open Play,Goal,Left Foot
d8228044-ab03-4c87-9be0-a162e90c60d6,303451,2019-12-07,2019/2020,227,Mallorca,3,102.8,59.3,0.0112979235,Open Play,Blocked,Left Foot
447c44db-457b-470f-9b57-ebbfc543e91b,303451,2019-12-07,2019/2020,227,Mallorca,16,95.5,48.4,0.029984502,Open Play,Goal,Left Foot
1e2b9b9e-e47b-4048-99a7-cd977a38653c,303451,2019-12-07,2019/2020,227,Mallorca,29,117.9,31.1,0.09215889,Open Play,Saved,Left Foot
819cb3c7-bba6-4244-84db-8b35b356eb52,303451,2019-12-07,2019/2020,227,Mallorca,40,99.1,40.4,0.062288746,Open Play,Goal,Left Foot
6214e231-4d6d-4965-aa20-43e7b9c1f669,303451,2019-12-07,2019/2020,227,Mallorca,62,96.9,48.1,0.047353737,Open Play,Off T,Left Foot
f030e128-6c99-4551-9a9e-2826dd222182,303451,2019-12-07,2019/2020,227,Mallorca,82,106.1,50.1,0.071273744,Open Play,Goal,Left Foot
c6557559-34d4-45a6-89c4-6089a6b4a50d,303451,2019-12-07,2019/2020,227,Mallorca,92,102.6,46.2,0.06513883,Open Play,Blocked,Left Foot
17aa47e1-1949-4fb8-9997-209cfacae798,303664,2019-12-14,2019/2020,227,Real Sociedad,35,107.1,37.1,0.05115923,Open Play,Off T,Head
36fb177b-aafb-406e-9d9f-e14542b05547,303596,2019-12-18,2019/2020,227,Real Madrid,29,103.7,41.1,0.121690474,Open Play,Blocked,Left Foot
23fe002f-6d7c-4ed7-af9f-5629265242cd,303596,2019-12-18,2019/2020,227,Real Madrid,66,88.2,34.3,0.028623912,Free Kick,Blocked,Left Foot
610d5bbb-1754-4870-b473-aa7d5f602ade,303517,2019-12-21,2019/2020,227,Deportivo Alavés,38,116.5,48.1,0.3886432,Open Play,Off T,Right Foot
e1f88bfc-5494-41ba-969a-750761cb7221,303517,2019-12-21,2019/2020,227,Deportivo Alavés,40,97.5,56.4,0.020772992,Open Play,Blocked,Left Foot
cf58a879-8dde-4813-b55b-056a96ab36ca,303517,2019-12-21,2019/2020,227,Deportivo Alavés,68,96.6,32.6,0.03741511,Open Play,Goal,Left Foot
b37fd21b-4635-4b34-829d-9b76859873a9,303517,2019-12-21,2019/2020,227,Deportivo Alavés,85,91.1,48.0,0.037091825,Free Kick,Off T,Left Foot
137b7941-7508-4dd6-9c5d-a80daddf3452,303652,2020-01-04,2019/2020,227,Espanyol,25,103.6,49.5,0.05965564,Open Play,Saved,Left Foot
9de47e12-5d3c-4171-b484-362029e49bfc,303652,2020-01-04,2019/2020,227,Espanyol,40,108.2,32.1,0.059782352,Open Play,Saved,Head
ac01bf20-bd3b-4735-ab91-f80fa86c7d73,303652,2020-01-04,2019/2020,227,Espanyol,42,95.9,58.3,0.011169554,Free Kick,Saved,Left Foot
d35000b1-e466-458d-81b0-6dd9be0ff7f8,303652,2020-01-04,2019/2020,227,Espanyol,45,104.7,43.9,0.08474831,Open Play,Blocked,Left Foot
74a627a2-679e-4fcc-9cc1-0e78bff37c2d,303652,2020-01-04,2019/2020,227,Espanyol,46,109.3,60.6,0.009262109,Open Play,Blocked,Left Foot
8231b90f-1d90-4c76-b5ca-f316f525230b,303610,2020-01-19,2019/2020,238,Granada,13,93.9,42.6,0.061984953,Free Kick,Off T,Left Foot
56d4586c-65b2-42dd-8c4d-08a093cf58d2,303610,2020-01-19,2019/2020,238,Granada,17,106.5,29.1,0.10068528,Open Play,Blocked,Left Foot
8fc6e9f5-9a9f-404f-8d5a-4b50c8d13df6,303610,2020-01-19,2019/2020,238,Granada,23,95.7,53.0,0.04548394,Free Kick,Blocked,Left Foot
9582c287-19fd-42f7-8f0f-ceafb67aa877,303610,2020-01-19,2019/2020,238,Granada,44,105.8,33.5,0.09533782,Open Play,Off T,Left Foot
254985b2-061c-45e7-87e0-8cc6695cb239,303610,2020-01-19,2019/2020,238,Granada,49,93.9,45.0,0.031329256,Open Play,Off T,Left Foot
d7108fa7-2d36-417a-8d8d-7e9d012d3c1f,303610,2020-01-19,2019/2020,238,Granada,62,101.6,46.8,0.094711035,Free Kick,Blocked,Left Foot
e58a032e-6029-404e-b5d9-7af9dfd94287,303610,2020-01-19,2019/2020,238,Granada,75,106.2,39.9,0.3695814,Open Play,Goal,Right Foot
9c31c48a-19c2-4d3b-be12-a73147866d58,303610,2020-01-19,2019/2020,238,Granada,78,97.8,37.7,0.055878557,Open Play,Saved,Left Foot
a2416c47-f085-40be-a7eb-8d5496ab53bb,303610,2020-01-19,2019/2020,238,Granada,87,97.3,37.2,0.041366413,Open Play,Blocked,Left Foot
5c08768f-657b-4a95-aade-107ff422144c,303400,2020-01-25,2019/2020,238,Valencia,3,100.3,28.6,0.02420704,Open Play,Blocked,Left Foot
c963496c-9428-4af6-8aa1-1fa3ef31000b,303400,2020-01-25,2019/2020,238,Valencia,27,91.6,49.6,0.036293074,Free Kick,Off T,Left Foot
e953a145-49e8-458c-b712-903533d261e9,303400,2020-01-25,2019/2020,238,Valencia,35,87.7,44.6,0.022277988,Free Kick,Saved,Left Foot
e21c020b-2f7f-4041-be3f-f2c7978efe9b,303400,2020-01-25,2019/2020,238,Valencia,56,110.8,37.1,0.077165686,Open Play,Blocked,Left Foot
82be98da-2f8c-4c8a-bfae-b4e134f0234c,303400,2020-01-25,2019/2020,238,Valencia,58,102.0,30.5,0.08753725,Open Play,Off T,Left Foot
758c9b88-d509-4e8a-98b0-1a21598f314c,303400,2020-01-25,2019/2020,238,Valencia,67,102.6,24.3,0.03477353,Open Play,Off T,Left Foot
40739665-cb79-4e83-b008-a8ff36ebf1a5,303400,2020-01-25,2019/2020,238,Valencia,69,108.1,43.2,0.086148135,Open Play,Off T,Head
03a2ea54-3a61-4095-bc5b-a34f1070650d,303400,2020-01-25,2019/2020,238,Valencia,72,99.1,29.9,0.083707705,Free Kick,Saved,Left Foot
ac044f6b-0b77-42ce-8d50-eb9e8d3f4e3c,303400,2020-01-25,2019/2020,238,Valencia,85,93.5,43.0,0.028237574,Open Play,Saved,Left Foot
24d64308-5b20-4ab7-b3ff-5d2ffbbc54e4,303400,2020-01-25,2019/2020,238,Valencia,91,93.5,52.0,0.041233625,Free Kick,Off T,Left Foot
08419e8f-ba52-424b-841a-0d3113138550,303400,2020-01-25,2019/2020,238,Valencia,92,110.0,31.5,0.28938475,Open Play,Saved,Left Foot
4d8f6fa2-34a8-47f6-8685-9ead5ae19f2c,303682,2020-02-02,2019/2020,238,Levante UD,12,103.1,39.8,0.10049659,Open Play,Off T,Left Foot
791e223d-e112-4b3b-b8a0-b2b762cc04b8,303682,2020-02-02,2019/2020,238,Levante UD,16,102.4,41.8,0.06942015,Open Play,Saved,Left Foot
23bb8cba-cf76-4598-afef-b6e6ea60a547,303682,2020-02-02,2019/2020,238,Levante UD,28,105.1,39.2,0.15458818,Open Play,Saved,Left Foot
b8af6abe-3961-4b9f-8d75-cac2af05a76c,303682,2020-02-02,2019/2020,238,Levante UD,49,112.2,43.5,0.15223525,Open Play,Blocked,Left Foot
93459a56-3ce0-4d57-b5e5-058e19e4802a,303682,2020-02-02,2019/2020,238,Levante UD,57,100.6,57.8,0.024213422,Open Play,Saved,Left Foot
460429da-60b5-4998-bf1a-9007b4bc9808,303682,2020-02-02,2019/2020,238,Levante UD,62,96.3,42.2,0.03852409,Open Play,Blocked,Left Foot
939ece75-b71a-4963-920f-1011916c3985,303682,2020-02-02,2019/2020,238,Levante UD,70,101.1,41.9,0.064027414,Open Play,Saved,Left Foot
e4294cfc-1a39-4539-8311-de2e82b95488,303682,2020-02-02,2019/2020,238,Levante UD,73,114.6,50.4,0.2140835,Open Play,Saved,Left Foot
9528410e-e390-4439-89ba-6195dfae1b8d,303682,2020-02-02,2019/2020,238,Levante UD,76,101.1,37.4,0.04678642,Open Play,Blocked,Left Foot
cb2ad009-7e16-425b-b6b1-8a95189a07fb,303682,2020-02-02,2019/2020,238,Levante UD,89,107.5,32.6,0.11908889,Open Play,Off T,Left Foot
182d5e2b-fce3-48f0-9584-152eb5e9f6da,303707,2020-02-09,2019/2020,238,Real Betis,22,113.3,44.9,0.3199348,Open Play,Saved,Right Foot
d1e36cba-2dad-4782-b44e-da709cb1fdad,303707,2020-02-09,2019/2020,238,Real Betis,46,103.2,44.8,0.102483295,Open Play,Saved,Left Foot
f0e0413d-9506-44b7-8081-46ce105d6115,303707,2020-02-09,2019/2020,238,Real Betis,61,107.6,48.2,0.072550386,Open Play,Saved,Right Foot
a96995a7-9e87-4708-8275-18f47d078f0e,303707,2020-02-09,2019/2020,238,Real Betis,66,106.6,26.3,0.048573647,Open Play,Off T,Left Foot
7b08e456-ee98-4a78-9494-43bca0e9aa6f,303377,2020-02-15,2019/2020,238,Getafe,11,93.2,44.4,0.028946491,Open Play,Blocked,Left Foot
0e912d64-b375-46da-9fd5-3d99595fd4f8,303377,2020-02-15,2019/2020,238,Getafe,13,100.3,42.8,0.28312442,Open Play,Saved,Left Foot
bf8b2ab5-b33c-4919-86b4-d91455c7b96d,303377,2020-02-15,2019/2020,238,Getafe,42,87.3,45.3,0.029414823,Free Kick,Off T,Left Foot
f098254a-5760-4a21-94ad-48c9e6ae420c,303377,2020-02-15,2019/2020,238,Getafe,47,112.0,32.2,0.08731783,Open Play,Saved,Head
377a9067-2b93-4c8c-8d6c-a4562bc9a532,303377,2020-02-15,2019/2020,238,Getafe,58,115.6,51.7,0.05222106,Open Play,Blocked,Right Foot
e7b7d64a-a987-41ef-a6a6-d3d11b4298a7,303377,2020-02-15,2019/2020,238,Getafe,89,100.2,51.6,0.046041254,Open Play,Off T,Left Foot
cf0fc241-1826-4478-abde-b9780d25e125,303731,2020-02-22,2019/2020,238,Eibar,13,106.0,34.8,0.38735494,Open Play,Goal,Left Foot
e43a2545-f307-4bb9-a810-01afb1498351,303731,2020-02-22,2019/2020,238,Eibar,36,111.7,27.3,0.118563764,Open Play,Goal,Left Foot
1c0c7ac1-f01c-4f6d-9c51-3e97154fa119,303731,2020-02-22,2019/2020,238,Eibar,39,110.5,43.7,0.32442024,Open Play,Goal,Left Foot
8034279a-0e32-4be1-8f1d-433a5984e056,303731,2020-02-22,2019/2020,238,Eibar,78,91.4,37.9,0.04361769,Free Kick,Saved Off Target,Left Foot
17c2fd69-d646-41c9-8b1f-b34c210463dd,303731,2020-02-22,2019/2020,238,Eibar,86,116.2,36.1,0.7798548,Open Play,Goal,Left Foot
f0d9b6b7-c75d-492f-b4f0-d199d6560825,303470,2020-03-01,2019/2020,238,Real Madrid,29,107.6,53.6,0.053671066,Open Play,Saved,Right Foot
e54e1dd0-0bb3-4d1d-9504-f49d0f121101,303470,2020-03-01,2019/2020,238,Real Madrid,37,102.7,40.7,0.1768797,Open Play,Saved,Left Foot
621f0663-79c1-4380-a110-760a94ebea5b,303470,2020-03-01,2019/2020,238,Real Madrid,46,102.8,26.2,0.036573373,Open Play,Blocked,Left Foot
4f8e5cf6-4ea2-41d1-8c04-5c0ec5885f8b,303479,2020-03-07,2019/2020,238,Real Sociedad,28,115.2,31.5,0.23616955,Open Play,Saved,Left Foot
9e6dd29a-9eea-4fd3-8f34-5441031f7269,303479,2020-03-07,2019/2020,238,Real Sociedad,39,104.8,35.7,0.114583604,Open Play,Off T,Left Foot
b99a16e2-8d6e-44fe-8ecd-ce68f012136a,303479,2020-03-07,2019/2020,238,Real Sociedad,53,101.4,41.0,0.065282725,Open Play,Off T,Right Foot
df6b62f2-83a9-4891-9e60-a0640d0ec1e3,303479,2020-03-07,2019/2020,238,Real Sociedad,56,94.1,31.9,0.05700268,Free Kick,Blocked,Left Foot
7118cd09-13da-4be9-8616-c79bcfbbdbc9,303479,2020-03-07,2019/2020,238,Real Sociedad,59,112.9,38.2,0.17695262,Open Play,Off T,Left Foot
1d86d89c-c25b-4cd0-a352-d4b039c980f3,303479,2020-03-07,2019/2020,238,Real Sociedad,80,108.2,40.0,0.7835,Penalty,Goal,Left Foot
20ece3ed-9575-47f0-a5b1-2961338aabb1,303548,2020-06-13,2019/2020,238,Mallorca,11,109.7,32.1,0.0700182,Open Play,Blocked,Left Foot
eedab3b9-3e2b-4f68-864a-68c2350c2a60,303548,2020-06-13,2019/2020,238,Mallorca,65,111.5,29.2,0.064504825,Open Play,Off T,Left Foot
0bfb5394-a1e2-4665-870d-a2ea5dd349b0,303548,2020-06-13,2019/2020,238,Mallorca,92,107.1,38.6,0.12757918,Open Play,Goal,Right Foot
0b6d6669-53a7-41da-ad59-76a927b14166,303532,2020-06-16,2019/2020,238,Leganés,43,109.7,38.7,0.054992266,Open Play,Off T,Head
1f61bccb-1c44-4ffe-90bd-ae2951a377fc,303532,2020-06-16,2019/2020,238,Leganés,50,89.8,52.9,0.01854127,Free Kick,Saved,Left Foot
7aba96d4-71fd-4f14-90f7-45e6cf35d412,303532,2020-06-16,2019/2020,238,Leganés,68,108.1,40.1,0.7835,Penalty,Goal,Left Foot
eee2034b-45e9-4642-8138-f6d96ba4cc20,303674,2020-06-19,2019/2020,238,Sevilla,20,100.4,54.7,0.056780923,Free Kick,Blocked,Left Foot
164d7d88-b82e-41fc-aa02-77c261ae14ec,303674,2020-06-19,2019/2020,238,Sevilla,23,90.0,34.1,0.040437523,Free Kick,Saved,Left Foot
730a17a9-68f3-40e4-adef-571e46a57233,303674,2020-06-19,2019/2020,238,Sevilla,72,90.2,35.7,0.04124182,Free Kick,Saved,Left Foot
15244c79-4c38-48bd-acde-554422333fd1,303674,2020-06-19,2019/2020,238,Sevilla,84,95.6,42.9,0.037953604,Open Play,Blocked,Left Foot
83a169f7-9ee3-4b48-afee-6e066c3cfe4b,303493,2020-06-23,2019/2020,238,Athletic Club,9,99.0,27.5,0.03216688,Open Play,Saved,Left Foot
23b9c737-6735-45ed-ae38-18415e7cc8a3,303493,2020-06-23,2019/2020,238,Athletic Club,24,102.9,40.5,0.056494646,Open Play,Blocked,Left Foot
fb64ac03-52e5-463e-b8da-a102cc7e5d86,303493,2020-06-23,2019/2020,238,Athletic Club,43,96.3,31.0,0.039949823,Open Play,Off T,Left Foot
508e69b2-1d05-42e3-bd78-1d9e935bb7a9,303493,2020-06-23,2019/2020,238,Athletic Club,79,103.9,47.3,0.0724557,Open Play,Off T,Left Foot
209510ea-e76b-4462-b879-60a675458d9c,303493,2020-06-23,2019/2020,238,Athletic Club,86,89.7,40.4,0.033494998,Free Kick,Blocked,Left Foot
0eadfd3a-f3c8-4642-b424-247f40c19f97,303493,2020-06-23,2019/2020,238,Athletic Club,88,97.2,39.9,0.04258538,Open Play,Blocked,Left Foot
c4ada3e2-9be1-4b0b-aaec-effb0c701185,303493,2020-06-23,2019/2020,238,Athletic Club,95,98.5,52.8,0.061364114,Free Kick,Blocked,Left Foot
9b555921-3f93-48f9-babf-014d0ad32101,303516,2020-06-27,2019/2020,238,Celta Vigo,9,96.2,55.6,0.024410915,Open Play,Blocked,Left Foot
de826238-4589-4701-9dde-485b50fc40e3,303516,2020-06-27,2019/2020,238,Celta Vigo,13,95.0,36.6,0.040238496,Open Play,Blocked,Left Foot
4c32a46d-59ce-4873-9cca-71a2fec15d54,303516,2020-06-27,2019/2020,238,Celta Vigo,39,101.4,43.1,0.19511677,Open Play,Off T,Left Foot
ea94609c-16c9-411f-a469-4a7e48440a8f,303516,2020-06-27,2019/2020,238,Celta Vigo,50,116.9,49.6,0.061618626,Open Play,Off T,Left Foot
606a7d13-c991-47a7-8d46-1da5966a8fe9,303516,2020-06-27,2019/2020,238,Celta Vigo,53,99.4,39.6,0.08773125,Open Play,Off T,Left Foot
43c6d2fc-7ead-42ab-8974-49045e975983,303516,2020-06-27,2019/2020,238,Celta Vigo,58,103.0,27.6,0.04453842,Open Play,Blocked,Left Foot
42451f55-1cae-421b-af26-bac19e4aa192,303516,2020-06-27,2019/2020,238,Celta Vigo,75,93.4,46.4,0.056025174,Free Kick,Blocked,Left Foot
8291010d-3488-4ffb-9533-2ae8e34d5996,303696,2020-06-30,2019/2020,238,Atlético Madrid,7,96.1,41.3,0.040412925,Open Play,Blocked,Left Foot
64fd03a4-f5c6-4902-8b63-6f5614629aa9,303696,2020-06-30,2019/2020,238,Atlético Madrid,10,116.1,64.0,0.007892108,Free Kick,Blocked,Left Foot
519f189f-22dc-4515-a66b-9a7b1654f0c3,303696,2020-06-30,2019/2020,238,Atlético Madrid,21,102.9,58.3,0.019544818,Open Play,Off T,Left Foot
ecc85a6f-059f-4243-9a1c-ad7ccd7cc7e9,303696,2020-06-30,2019/2020,238,Atlético Madrid,29,101.4,36.0,0.08832968,Open Play,Off T,Left Foot
1cdf6c4d-4d8b-4e25-9a2c-c8da3d15b7d2,303696,2020-06-30,2019/2020,238,Atlético Madrid,41,92.7,51.2,0.036609735,Free Kick,Saved,Left Foot
cc1c6108-56ad-4eb5-9347-e28385ae3ad5,303696,2020-06-30,2019/2020,238,Atlético Madrid,49,108.2,39.7,0.7835,Penalty,Goal,Left Foot
d0bffe4b-8eca-45c0-8f6d-0d8a0699bd15,303725,2020-07-05,2019/2020,238,Villarreal,18,89.5,45.9,0.03861027,Free Kick,Blocked,Left Foot
a4f0784b-4a78-4764-a0ef-7c6a155ae028,303725,2020-07-05,2019/2020,238,Villarreal,52,103.9,41.0,0.060297627,Open Play,Saved,Left Foot
707a1707-559e-47ba-bb21-27085e6b019d,303725,2020-07-05,2019/2020,238,Villarreal,90,114.4,51.1,0.12783216,Open Play,Saved,Left Foot
12fe3594-d5ad-4be1-bbe6-e2a028e716c8,303725,2020-07-05,2019/2020,238,Villarreal,92,96.7,38.3,0.07438735,Free Kick,Post,Left Foot
121c93aa-f278-414f-8f8e-bc1963505c6c,303615,2020-07-08,2019/2020,238,Espanyol,21,96.3,55.7,0.03879421,Free Kick,Off T,Left Foot
d7691442-4b74-4115-9fc9-eb154511f6b0,303615,2020-07-08,2019/2020,238,Espanyol,55,111.7,30.8,0.124636844,Open Play,Blocked,Left Foot
6e0b45b3-fd88-48da-8021-f7992e710031,303615,2020-07-08,2019/2020,238,Espanyol,67,112.2,28.2,0.07493964,Open Play,Saved,Left Foot
6ab94982-c96e-42ad-9d14-5a351ccf5959,303615,2020-07-08,2019/2020,238,Espanyol,73,106.3,62.8,0.009762889,Free Kick,Blocked,Left Foot
a532ec75-35e6-45c8-b082-9692cc6ebcd0,303680,2020-07-11,2019/2020,238,Real Valladolid,0,93.5,47.7,0.022596503,Open Play,Blocked,Left Foot
1a9a17ee-8cb3-4360-892b-e2ec9f79f6bc,303680,2020-07-11,2019/2020,238,Real Valladolid,41,102.7,31.5,0.04987303,Open Play,Blocked,Left Foot
be9847f6-e29f-48f5-ab05-27614535d7b6,303680,2020-07-11,2019/2020,238,Real Valladolid,62,95.8,55.7,0.03852629,Free Kick,Saved,Left Foot
fb7e2b9c-2bb9-498e-9176-e8d266b5e5a2,303634,2020-07-16,2019/2020,238,Osasuna,21,98.0,57.4,0.029575732,Free Kick,Post,Left Foot
87f6e879-d189-43db-934a-a654df5096dc,303634,2020-07-16,2019/2020,238,Osasuna,31,90.7,39.0,0.038606964,Free Kick,Off T,Left Foot
6b21265a-925e-4043-94ad-3c783afced33,303634,2020-07-16,2019/2020,238,Osasuna,38,103.6,31.0,0.07566984,Open Play,Blocked,Left Foot
4830bf06-815d-4564-93b7-642ca7d43cb0,303634,2020-07-16,2019/2020,238,Osasuna,49,94.2,43.3,0.065232,Free Kick,Off T,Left Foot
228c699d-5a9c-4f4b-9fc7-3242bf64623c,303634,2020-07-16,2019/2020,238,Osasuna,53,111.6,51.2,0.11500101,Open Play,Saved,Right Foot
656b4fa1-8eaf-4a8b-bf8f-966470bd74f5,303634,2020-07-16,2019/2020,238,Osasuna,55,106.4,34.5,0.1349216,Open Play,Blocked,Left Foot
41acb0bc-52ac-403e-bfc9-789c1e5911d7,303634,2020-07-16,2019/2020,238,Osasuna,61,94.5,34.9,0.06402673,Free Kick,Goal,Left Foot
6a0f309b-d3ab-486b-9ba8-9f9cc022b610,303634,2020-07-16,2019/2020,238,Osasuna,64,72.4,75.1,0.0028530266,Open Play,Off T,Left Foot
56b79496-7184-4bb8-89b6-edea61b35024,303634,2020-07-16,2019/2020,238,Osasuna,96,95.0,63.0,0.009036645,Free Kick,Off T,Left Foot
e930c02e-f19b-4c8e-b895-2e2f059c7cfc,303421,2020-07-19,2019/2020,238,Deportivo Alavés,15,96.7,43.2,0.037364207,Open Play,Post,Left Foot
afee94b0-acee-4bf2-b502-55438d22036a,303421,2020-07-19,2019/2020,238,Deportivo Alavés,20,96.2,49.5,0.0665842,Free Kick,Off T,Left Foot
b76c9bff-7df4-441b-9c8d-41337b38c542,303421,2020-07-19,2019/2020,238,Deportivo Alavés,33,114.0,35.4,0.5572209,Open Play,Goal,Left Foot
50c0290e-745e-4491-9ff2-f2c4896b1626,303421,2020-07-19,2019/2020,238,Deportivo Alavés,74,108.2,37.7,0.1605108,Open Play,Goal,Left Foot
0499f771-7977-4dba-914c-6f10254b3b91,3773593,2020-09-27,2020/2021,676,Villarreal,25,114.0,33.9,0.20163552,Open Play,Blocked,Left Foot
8c24dc3d-0766-4bb2-a521-15c8141f3137,3773593,2020-09-27,2020/2021,676,Villarreal,34,108.0,39.8,0.7835,Penalty,Goal,Left Foot
b60fb7e0-d3a0-4db5-ac94-fa05419d03d5,3773593,2020-09-27,2020/2021,676,Villarreal,48,108.1,33.3,0.04752446,Open Play,Saved,Left Foot
933c732d-ea3f-4183-976a-2807aaff6185,3773593,2020-09-27,2020/2021,676,Villarreal,65,103.9,54.9,0.054783225,Open Play,Saved,Left Foot
25a5714e-dc0d-48e0-802c-1ed3f0cf09ec,3773593,2020-09-27,2020/2021,676,Villarreal,71,111.8,39.3,0.38601032,Open Play,Off T,Head
b7cccc81-53e3-49f3-9175-4ad9e934e533,3773593,2020-09-27,2020/2021,676,Villarreal,85,104.4,45.0,0.08542609,Open Play,Saved,Right Foot
0c8fa30f-55db-4355-b5bf-ab85faa0ec35,3773593,2020-09-27,2020/2021,676,Villarreal,91,115.0,29.3,0.048478007,Open Play,Blocked,Left Foot
5bab5daf-ad87-420d-9594-539b9d7484cc,3773466,2020-10-01,2020/2021,676,Celta Vigo,69,94.4,25.7,0.041658394,Free Kick,Blocked,Left Foot
c5d1e526-175d-4a88-aaa6-09bdcf5a4f2b,3773466,2020-10-01,2020/2021,676,Celta Vigo,94,112.8,28.1,0.15700933,Open Play,Saved,Left Foot
8fbeb80a-c8ff-49c6-87d8-0d7786c7fc10,3773672,2020-10-04,2020/2021,676,Sevilla,42,106.9,52.8,0.09066692,Open Play,Off T,Left Foot
ab0b6c33-706a-4c6a-836c-bcc33496fe14,3773672,2020-10-04,2020/2021,676,Sevilla,80,95.2,32.4,0.036086563,Open Play,Saved,Left Foot
d5e8a26a-fc36-40e5-8122-789c8fdfbbe6,3773672,2020-10-04,2020/2021,676,Sevilla,93,94.0,55.3,0.02161511,Open Play,Off T,Left Foot
58558fd8-a9ab-4198-9569-95661880568e,3773587,2020-10-17,2020/2021,676,Getafe,19,102.3,31.3,0.052492436,Open Play,Post,Left Foot
deae2f22-0fef-4193-8944-a076170df268,3773587,2020-10-17,2020/2021,676,Getafe,41,94.2,40.3,0.06679972,Free Kick,Saved,Left Foot
0aca9f82-2809-47e5-a22f-559cb8d2b0e6,3773587,2020-10-17,2020/2021,676,Getafe,93,105.6,38.8,0.1286825,Open Play,Off T,Left Foot
bec567b2-ac88-48ba-a7c7-054fe22f36d5,3773585,2020-10-24,2020/2021,676,Real Madrid,18,94.3,31.8,0.037000425,Open Play,Saved,Left Foot
9048be6d-8d95-4fb4-ad35-f84fedfc9517,3773585,2020-10-24,2020/2021,676,Real Madrid,23,113.1,47.8,0.4412188,Open Play,Saved,Right Foot
f9bd1830-eb4b-4b62-afd5-243209860568,3773585,2020-10-24,2020/2021,676,Real Madrid,78,91.6,43.0,0.04581602,Free Kick,Blocked,Left Foot
b9ca5464-1f5a-401b-a31d-8101bd61072a,3773386,2020-10-31,2020/2021,676,Deportivo Alavés,22,97.9,44.3,0.07893826,Free Kick,Blocked,Left Foot
6edda5fc-a9ad-4115-994c-27376367c274,3773386,2020-10-31,2020/2021,676,Deportivo Alavés,42,101.3,41.6,0.09501523,Free Kick,Blocked,Left Foot
510062b4-1210-46eb-b400-8dd0631b07b8,3773386,2020-10-31,2020/2021,676,Deportivo Alavés,45,105.3,32.9,0.11245217,Open Play,Saved,Left Foot
ce93dbcd-25d3-4a2c-b702-1215cf5a48fa,3773386,2020-10-31,2020/2021,676,Deportivo Alavés,47,113.3,26.1,0.054102834,Open Play,Saved,Left Foot
759f002e-906d-4e6c-a380-5fa762afc864,3773386,2020-10-31,2020/2021,676,Deportivo Alavés,50,107.4,27.2,0.030959154,Open Play,Saved,Left Foot
5aed2f8f-c46c-4718-82ab-23c88d77a0ee,3773386,2020-10-31,2020/2021,676,Deportivo Alavés,59,99.0,24.7,0.044592485,Free Kick,Off T,Left Foot
e8bf334b-5fec-46e5-b422-1c8528d81a47,3773386,2020-10-31,2020/2021,676,Deportivo Alavés,64,108.4,49.5,0.07794037,Open Play,Saved,Left Foot
18b170d0-3001-4e74-bf28-75d389296306,3773386,2020-10-31,2020/2021,676,Deportivo Alavés,90,94.0,49.1,0.02749131,Open Play,Blocked,Left Foot
811a70c8-7d8d-4d7c-b66b-328021e9d427,3773386,2020-10-31,2020/2021,676,Deportivo Alavés,93,99.0,46.8,0.051498987,Open Play,Blocked,Left Foot
22fc663e-75b8-484a-81e7-a3efe1b40169,3773386,2020-10-31,2020/2021,676,Deportivo Alavés,93,104.9,49.8,0.063643776,Open Play,Off T,Left Foot
85e61cd7-9e92-4db6-bfe7-3b8ffb6cd85e,3773477,2020-11-07,2020/2021,676,Real Betis,60,108.1,40.2,0.7835,Penalty,Goal,Left Foot
203da064-a8d5-426a-83fa-395c9acb99c8,3773477,2020-11-07,2020/2021,676,Real Betis,81,113.0,50.1,0.3188917,Open Play,Goal,Left Foot
d035eb89-a5f2-4e27-a1e7-f56297aef835,3773477,2020-11-07,2020/2021,676,Real Betis,87,111.5,49.2,0.0986297,Open Play,Saved,Right Foot
5f24ae84-aba9-4aef-8dfd-58bbca2e5e92,3773656,2020-11-21,2020/2021,676,Atlético Madrid,40,116.2,31.2,0.17527242,Open Play,Saved,Left Foot
2e9b3e73-f3a9-4b5a-a272-eb77458c1afb,3773656,2020-11-21,2020/2021,676,Atlético Madrid,73,99.0,39.6,0.076766945,Open Play,Blocked,Left Foot
0f242a1a-652e-4e69-9ec8-89b41fffbec6,3773656,2020-11-21,2020/2021,676,Atlético Madrid,80,93.1,45.2,0.059487686,Free Kick,Blocked,Left Foot
294883bf-bf8e-47b8-acd0-f8c18c294f1c,3773547,2020-11-29,2020/2021,676,Osasuna,12,88.5,40.1,0.02482484,Free Kick,Blocked,Left Foot
4ac40269-21c0-4716-a561-562a0adea698,3773547,2020-11-29,2020/2021,676,Osasuna,14,108.9,28.7,0.095153406,Open Play,Blocked,Left Foot
f5afda58-a092-4314-bfaf-78b37dfccec1,3773547,2020-11-29,2020/2021,676,Osasuna,53,92.4,38.0,0.055670984,Free Kick,Off T,Left Foot
9f746a3b-2205-4379-b136-3c853f63bbb4,3773547,2020-11-29,2020/2021,676,Osasuna,72,100.8,33.9,0.060398698,Open Play,Goal,Left Foot
5c4b1f90-ece5-4509-a88b-b4ba253a47b8,3773547,2020-11-29,2020/2021,676,Osasuna,91,99.8,30.6,0.0763903,Free Kick,Saved,Left Foot
d07d0665-d6ee-40ff-8f72-8c680b4366ab,3773428,2020-12-05,2020/2021,676,Cádiz,20,87.5,46.6,0.028775528,Free Kick,Off T,Left Foot
494fcbe0-7614-4ffe-8307-78406c6d9f9e,3773428,2020-12-05,2020/2021,676,Cádiz,25,95.4,42.2,0.055800863,Free Kick,Saved,Left Foot
ac1e540c-3074-49c5-ba53-a9e4ea8ba93b,3773428,2020-12-05,2020/2021,676,Cádiz,49,101.6,34.7,0.03418125,Open Play,Saved,Left Foot
b7d4f0a6-4e8b-4bfe-9716-3701fac6b1df,3773428,2020-12-05,2020/2021,676,Cádiz,53,99.6,33.2,0.07511334,Open Play,Blocked,Right Foot
f9acde91-0eac-4a39-8d83-f172ac2e8ff1,3773428,2020-12-05,2020/2021,676,Cádiz,65,94.8,28.3,0.04378171,Free Kick,Blocked,Left Foot
7894c07f-2a65-49be-aca6-90bd96105daf,3773428,2020-12-05,2020/2021,676,Cádiz,72,99.2,48.5,0.04857075,Open Play,Saved,Left Foot
f037be73-7a8d-4ecc-b77e-c1dd7db1c067,3773428,2020-12-05,2020/2021,676,Cádiz,75,95.3,61.2,0.008729356,Open Play,Saved,Left Foot
85b38e28-9ab5-4d3c-a1ed-e501a0bda090,3773428,2020-12-05,2020/2021,676,Cádiz,83,104.1,41.1,0.052006382,Open Play,Saved,Left Foot
85466225-9cff-422c-a216-8b6a40c346ad,3773428,2020-12-05,2020/2021,676,Cádiz,85,97.1,34.5,0.039142195,Open Play,Blocked,Left Foot
c89fc6af-b522-483d-b046-3f89810c6be5,3773428,2020-12-05,2020/2021,676,Cádiz,93,100.7,40.4,0.08846703,Free Kick,Blocked,Left Foot
104684cd-81b7-49d8-8895-9b9531304c42,3773660,2020-12-13,2020/2021,676,Levante UD,12,103.8,32.1,0.06609147,Open Play,Blocked,Left Foot
5a85f7d3-1dcb-4065-ab6f-a228f5107b84,3773660,2020-12-13,2020/2021,676,Levante UD,25,107.8,38.6,0.038136665,Open Play,Off T,Head
db5fc35c-d1ed-4943-ac3b-65d034102a2c,3773660,2020-12-13,2020/2021,676,Levante UD,29,101.0,50.6,0.052133597,Open Play,Wayward,Left Foot
66a66a1e-39f6-440a-b574-69b3be5591db,3773660,2020-12-13,2020/2021,676,Levante UD,36,92.5,49.6,0.037801396,Free Kick,Blocked,Left Foot
cb4bf080-08fc-4a6b-91e9-fe048cfbf912,3773660,2020-12-13,2020/2021,676,Levante UD,42,90.6,38.4,0.033487294,Free Kick,Saved,Left Foot
868d866d-0f48-40e2-bc02-03528e250083,3773660,2020-12-13,2020/2021,676,Levante UD,50,115.1,29.3,0.07456455,Open Play,Blocked,Left Foot
72b5c0db-f296-4988-868c-202ed4d24891,3773660,2020-12-13,2020/2021,676,Levante UD,53,100.1,33.9,0.053870168,Open Play,Off T,Left Foot
d32c65a8-adff-490f-9f1b-90a4b1a3560a,3773660,2020-12-13,2020/2021,676,Levante UD,62,108.1,30.5,0.08037411,Open Play,Saved,Left Foot
c167a1a1-c913-4160-924d-c8571973ca52,3773660,2020-12-13,2020/2021,676,Levante UD,64,91.7,41.0,0.047732294,Free Kick,Saved,Left Foot
53003de7-fa00-4445-9e66-f82b74e2a18e,3773660,2020-12-13,2020/2021,676,Levante UD,70,116.5,29.1,0.06139338,Open Play,Saved,Left Foot
e7e074ff-307a-430a-a7b2-ead97550f219,3773660,2020-12-13,2020/2021,676,Levante UD,75,107.1,30.2,0.22716096,Open Play,Goal,Left Foot
1457ed62-3b47-4c10-93d7-1c58feecb1f3,3773660,2020-12-13,2020/2021,676,Levante UD,80,115.1,30.2,0.20898964,Open Play,Saved,Left Foot
5017c596-741a-4ee4-a968-d208ca24887c,3773523,2020-12-16,2020/2021,676,Real Sociedad,2,105.0,31.7,0.069486305,Open Play,Blocked,Left Foot
2758551f-569f-4a81-b325-78dcb4099496,3773523,2020-12-16,2020/2021,676,Real Sociedad,22,95.1,43.5,0.0359955,Open Play,Off T,Left Foot
ee968d21-98c2-4328-909b-2e74ea6b2091,3773523,2020-12-16,2020/2021,676,Real Sociedad,47,104.9,31.3,0.10391681,Open Play,Saved,Left Foot
1835bde4-0951-462f-b6d0-7ec8c0f5bfa9,3773377,2020-12-19,2020/2021,676,Valencia,19,94.0,50.6,0.024988044,Open Play,Blocked,Left Foot
085909b5-3bc1-4ea5-b0eb-d998d1a80b81,3773377,2020-12-19,2020/2021,676,Valencia,39,94.4,34.8,0.033650175,Open Play,Blocked,Left Foot
58ebb9b9-3835-46a0-baae-a94315b384d4,3773377,2020-12-19,2020/2021,676,Valencia,48,108.2,40.5,0.7835,Penalty,Saved,Left Foot
18422a17-7d2e-4430-9d3a-1bdf877d60cb,3773377,2020-12-19,2020/2021,676,Valencia,48,118.2,42.8,0.83608377,Open Play,Goal,Head
5c5c6054-5e1c-45b7-a052-06044031c03c,3773377,2020-12-19,2020/2021,676,Valencia,50,99.3,31.2,0.04837009,Open Play,Blocked,Right Foot
9e9622c6-169f-498e-a8ba-28d7afda3514,3773377,2020-12-19,2020/2021,676,Valencia,74,100.0,40.4,0.04318942,Open Play,Saved,Left Foot
5fbc4bf0-fce8-4ffb-930b-4105ebde201d,3773377,2020-12-19,2020/2021,676,Valencia,82,96.0,39.3,0.071193315,Free Kick,Off T,Left Foot
7ea8ffc2-49a6-4fa0-9b09-81eec5e45d2d,3773377,2020-12-19,2020/2021,676,Valencia,83,99.1,41.6,0.082155265,Open Play,Saved,Right Foot
26e4e6fa-b68f-4996-8206-31ffaaa7699b,3773377,2020-12-19,2020/2021,676,Valencia,85,97.2,55.6,0.02903015,Open Play,Off T,Left Foot
8e227cb9-51b2-4ee7-a8eb-f0177b039146,3773571,2020-12-22,2020/2021,676,Real Valladolid,6,98.3,40.6,0.071120165,Open Play,Off T,Left Foot
3bd30597-988e-4fc4-9cfa-1bad08587713,3773571,2020-12-22,2020/2021,676,Real Valladolid,20,102.7,32.8,0.04763609,Open Play,Saved,Left Foot
fe3d5c63-ac47-4faa-9ca0-49f00d6b4486,3773571,2020-12-22,2020/2021,676,Real Valladolid,22,95.9,52.1,0.029678088,Open Play,Blocked,Left Foot
67583bf1-639c-4a20-979d-05ced05ee7b5,3773571,2020-12-22,2020/2021,676,Real Valladolid,36,106.8,48.3,0.12011827,Open Play,Saved,Left Foot
94c6dce5-bae8-4f06-928c-a84a060d1580,3773571,2020-12-22,2020/2021,676,Real Valladolid,44,102.2,48.1,0.19114502,Open Play,Saved,Right Foot
c03c6e33-9512-46c1-b303-3845a03b2095,3773571,2020-12-22,2020/2021,676,Real Valladolid,55,108.7,30.9,0.08781145,Open Play,Blocked,Left Foot
a4eee9c9-d1b2-473e-8a52-d23511a93710,3773571,2020-12-22,2020/2021,676,Real Valladolid,57,104.8,33.5,0.14037842,Open Play,Saved,Left Foot
280badc0-e4ae-4fca-b194-142c237c854e,3773571,2020-12-22,2020/2021,676,Real Valladolid,64,109.0,31.4,0.49982464,Open Play,Goal,Left Foot
a63b42bd-50a1-441e-bba5-e9f7cf3dd197,3773571,2020-12-22,2020/2021,676,Real Valladolid,72,112.1,31.1,0.10538758,Open Play,Saved,Left Foot
d595bab7-b216-466f-a983-1832cbefe3d6,3773571,2020-12-22,2020/2021,676,Real Valladolid,91,113.0,31.1,0.13615698,Open Play,Post,Left Foot
4e2222fa-3ffb-4d5d-a072-866c35935252,3773571,2020-12-22,2020/2021,676,Real Valladolid,93,98.0,45.1,0.047986306,Open Play,Saved,Left Foot
90c7e913-dfd1-4694-ab97-8b111f068f90,3773552,2021-01-03,2020/2021,676,Huesca,8,115.6,49.8,0.08631221,Open Play,Off T,Left Foot
9523a6ba-9018-446a-81d5-7cffaa6f8328,3773552,2021-01-03,2020/2021,676,Huesca,30,99.5,55.6,0.025608072,Open Play,Blocked,Left Foot
c3cf9090-4e98-4875-93df-5e4140cffbda,3773552,2021-01-03,2020/2021,676,Huesca,31,96.5,34.7,0.045421854,Open Play,Off T,Left Foot
8ea42efb-3009-4dee-b0c8-16a5df34f0fe,3773552,2021-01-03,2020/2021,676,Huesca,40,96.2,34.8,0.07923236,Free Kick,Saved,Left Foot
e101dfee-dcc1-4f0e-8e3a-4d49e62f7183,3773552,2021-01-03,2020/2021,676,Huesca,42,98.4,55.7,0.046973187,Free Kick,Off T,Right Foot
258b89ad-2944-47c1-ad5a-5f50afbb2c59,3773552,2021-01-03,2020/2021,676,Huesca,50,101.2,44.8,0.07536486,Open Play,Off T,Left Foot
9ecc3394-0084-488b-9c7c-b672be0b18d6,3773552,2021-01-03,2020/2021,676,Huesca,59,100.4,39.4,0.060821835,Open Play,Off T,Left Foot
8d97fb0b-54ef-49c7-ad57-abb64c9c58dc,3773552,2021-01-03,2020/2021,676,Huesca,67,113.4,28.3,0.13316546,Open Play,Saved,Left Foot
1d9a647b-7207-4425-881c-ac532115239a,3764661,2021-01-06,2020/2021,676,Athletic Club,37,103.5,29.4,0.083078615,Open Play,Goal,Left Foot
cc004d38-ee9c-446b-aa74-fa8f9e08f84a,3764661,2021-01-06,2020/2021,676,Athletic Club,42,101.3,39.3,0.18456303,Open Play,Off T,Left Foot
04b9c00f-1b79-4864-aefd-b549def94215,3764661,2021-01-06,2020/2021,676,Athletic Club,58,96.6,40.8,0.042003106,Open Play,Post,Left Foot
56b8ec6e-4cea-47bc-bf2c-df16aef732b6,3764661,2021-01-06,2020/2021,676,Athletic Club,61,110.5,33.9,0.12407768,Open Play,Goal,Left Foot
e576946a-0590-452f-a09f-ce6584843fce,3764661,2021-01-06,2020/2021,676,Athletic Club,71,104.1,38.8,0.15395764,Open Play,Post,Left Foot
3cabd806-6df9-4421-872f-ea32ab2e7f79,3773565,2021-01-09,2020/2021,676,Granada,34,103.9,37.9,0.056093782,Open Play,Goal,Left Foot
b9f7f288-93b6-4587-bb41-a2e258f58e94,3773565,2021-01-09,2020/2021,676,Granada,41,100.8,43.8,0.093079254,Free Kick,Goal,Left Foot
bb267f5f-4ccd-4255-9323-189688ec8204,3773403,2021-01-31,2020/2021,676,Athletic Club,4,115.2,48.3,0.36933398,Open Play,Saved,Left Foot
2da1be10-811d-4b6e-872c-2fe306a913cc,3773403,2021-01-31,2020/2021,676,Athletic Club,13,114.5,34.0,0.1947482,Open Play,Off T,Other
15b4fdfe-3022-4730-a372-0c85d39d0604,3773403,2021-01-31,2020/2021,676,Athletic Club,19,95.2,41.2,0.070312485,Free Kick,Goal,Left Foot
da3570b8-61dd-45c8-86d5-e98b63705177,3773403,2021-01-31,2020/2021,676,Athletic Club,47,99.1,38.1,0.032157544,Open Play,Blocked,Left Foot
50dd82c0-b06b-427e-8e5b-a50737bb49b9,3773631,2021-02-07,2020/2021,676,Real Betis,58,102.5,52.6,0.056231674,Open Play,Goal,Left Foot
db9bf530-743a-4619-83c5-a7444e6599eb,3773631,2021-02-07,2020/2021,676,Real Betis,78,98.3,52.0,0.064184494,Free Kick,Blocked,Left Foot
42fb382c-9fd1-47d0-acc6-3cf26bdfd0fb,3773526,2021-02-13,2020/2021,676,Deportivo Alavés,6,116.8,16.2,0.006312351,Open Play,Saved,Left Foot
d96971d1-91bb-4a0c-8585-04fc03075533,3773526,2021-02-13,2020/2021,676,Deportivo Alavés,42,98.3,57.6,0.018497137,Open Play,Blocked,Left Foot
5e4656c1-fde6-4550-8166-6514b03b0bc3,3773526,2021-02-13,2020/2021,676,Deportivo Alavés,45,95.5,50.5,0.032672465,Open Play,Goal,Left Foot
22945629-cf1e-4a83-adc2-da4c8e1e4a7f,3773526,2021-02-13,2020/2021,676,Deportivo Alavés,60,96.3,40.9,0.084337875,Free Kick,Saved,Left Foot
cbc5d72c-1137-4d49-a672-87f3c86011e8,3773526,2021-02-13,2020/2021,676,Deportivo Alavés,63,103.3,32.5,0.086829886,Open Play,Off T,Left Foot
de604422-0b57-4ee2-9609-36d530334dae,3773526,2021-02-13,2020/2021,676,Deportivo Alavés,74,95.2,41.6,0.0511018,Open Play,Goal,Left Foot
9a877130-cc34-4a63-8c75-6263f5437b5b,3773526,2021-02-13,2020/2021,676,Deportivo Alavés,86,109.1,27.5,0.05737701,Open Play,Saved,Left Foot
7fe61a6d-221a-4536-a0e5-a32c169e76bc,3773415,2021-02-21,2020/2021,676,Cádiz,17,102.5,51.0,0.054893922,Open Play,Blocked,Right Foot
106e2d22-2084-4115-9c7a-c8bf965dd2a1,3773415,2021-02-21,2020/2021,676,Cádiz,18,92.0,47.2,0.024887033,Open Play,Off T,Left Foot
c4f763be-c3d1-4a2f-9a36-27618ee003db,3773415,2021-02-21,2020/2021,676,Cádiz,22,105.1,43.5,0.15622492,Open Play,Saved,Right Foot
2a46352f-3e70-4748-8963-11046f50e4f8,3773415,2021-02-21,2020/2021,676,Cádiz,28,93.3,38.8,0.024946539,Open Play,Saved,Left Foot
abd57e5d-c23d-4ece-bedc-87358abc2004,3773415,2021-02-21,2020/2021,676,Cádiz,31,108.1,40.2,0.7835,Penalty,Goal,Left Foot
5912ee7f-3ab7-4ef8-9f90-5ccae96b3a83,3773415,2021-02-21,2020/2021,676,Cádiz,63,111.0,43.1,0.064979635,Open Play,Off T,Head
870c3614-04b8-400d-a60d-ef087eea5983,3773415,2021-02-21,2020/2021,676,Cádiz,72,115.4,33.7,0.14559855,Open Play,Off T,Right Foot
3f5b467f-3205-4be4-a500-df764cacdffc,3773415,2021-02-21,2020/2021,676,Cádiz,78,95.6,29.7,0.0346329,Open Play,Off T,Left Foot
3d5476f3-928b-4d33-b366-451c688b19a3,3764440,2021-02-24,2020/2021,676,Elche,47,110.8,42.0,0.3347203,Open Play,Goal,Left Foot
db443e24-c725-4200-ae22-d28ec9e6a924,3764440,2021-02-24,2020/2021,676,Elche,50,99.0,41.6,0.07844107,Open Play,Blocked,Left Foot
f640eb49-0973-4f0b-9b23-2a328eceaf87,3764440,2021-02-24,2020/2021,676,Elche,68,114.1,37.4,0.57921857,Open Play,Goal,Left Foot
ca3d3354-1cb6-41c5-a62a-568ee2428cf8,3773625,2021-02-27,2020/2021,676,Sevilla,23,94.0,76.7,0.01042328,Free Kick,Saved,Left Foot
dad423b8-b43e-4895-8451-7c704426b875,3773625,2021-02-27,2020/2021,676,Sevilla,59,103.3,36.6,0.09164401,Open Play,Off T,Left Foot
b18c5089-ad56-40b2-8548-4573562f1611,3773625,2021-02-27,2020/2021,676,Sevilla,84,111.1,35.4,0.47366056,Open Play,Saved,Left Foot
476b4014-c354-45e8-b33f-2e330974a4a0,3773625,2021-02-27,2020/2021,676,Sevilla,84,117.9,35.6,0.7965053,Open Play,Goal,Right Foot
f283ae85-428b-4651-b0f5-488f451ccf8f,3773665,2021-03-06,2020/2021,676,Osasuna,15,101.3,42.6,0.07305303,Open Play,Blocked,Left Foot
794f4424-b375-4906-9897-d569f14a4bfb,3773665,2021-03-06,2020/2021,676,Osasuna,42,97.0,26.8,0.027122034,Open Play,Blocked,Left Foot
9fd829f3-fc88-41bd-9d28-0bcf361cdc91,3773665,2021-03-06,2020/2021,676,Osasuna,43,100.8,31.2,0.03751865,Open Play,Blocked,Left Foot
77ce75f5-518d-4276-9fd6-ea65b63d1a33,3773665,2021-03-06,2020/2021,676,Osasuna,47,94.4,47.5,0.028897893,Open Play,Saved,Left Foot
06283e95-eb35-4a3d-a3e8-6873be753e62,3773665,2021-03-06,2020/2021,676,Osasuna,81,112.4,47.7,0.1681818,Open Play,Saved,Left Foot
5f504036-eb84-41fe-b917-13aa6aa32e7b,3773369,2021-03-15,2020/2021,676,Huesca,12,99.4,33.0,0.037069704,Open Play,Goal,Left Foot
ba6f6ebc-334c-40b5-81de-e7fc5543de15,3773369,2021-03-15,2020/2021,676,Huesca,15,108.0,34.2,0.11486765,Open Play,Off T,Right Foot
342141ca-ed74-4b9e-aab9-bc6b8db1c133,3773369,2021-03-15,2020/2021,676,Huesca,28,94.5,39.3,0.02686927,Open Play,Blocked,Left Foot
4831100c-9c42-48aa-9748-e7bd3fc81b5d,3773369,2021-03-15,2020/2021,676,Huesca,50,88.0,36.0,0.02805511,Free Kick,Blocked,Left Foot
62949d18-c4a9-4ada-a936-9eb104dc3b70,3773369,2021-03-15,2020/2021,676,Huesca,70,108.7,13.9,0.029017191,Open Play,Off T,Left Foot
2a347d94-f1dc-495c-bbeb-463ef1cdc265,3773369,2021-03-15,2020/2021,676,Huesca,89,94.6,47.5,0.031428445,Open Play,Goal,Left Foot
b392c737-f3fc-4caa-a82c-f827e0e0977d,3773597,2021-03-21,2020/2021,676,Real Sociedad,10,101.2,34.4,0.091919795,Open Play,Saved,Right Foot
e7e46750-1fb4-4bcf-9c97-108d4d2392ba,3773597,2021-03-21,2020/2021,676,Real Sociedad,16,99.5,45.1,0.049781468,Open Play,Blocked,Left Foot
22732a72-1349-4754-bab2-2555aed199d8,3773597,2021-03-21,2020/2021,676,Real Sociedad,55,109.0,38.0,0.29380873,Open Play,Goal,Left Foot
f3a4778b-5707-4270-bf24-a0fd5beafc5d,3773597,2021-03-21,2020/2021,676,Real Sociedad,79,97.2,24.7,0.045369234,Free Kick,Blocked,Left Foot
af7ef559-e6eb-4a7c-ae3d-a9a26137814e,3773597,2021-03-21,2020/2021,676,Real Sociedad,88,108.6,35.7,0.23352109,Open Play,Goal,Left Foot
5a76881c-6b9f-4469-bab2-c6fff6816e68,3773474,2021-04-05,2020/2021,676,Real Valladolid,15,95.4,37.0,0.07077411,Free Kick,Off T,Left Foot
f3ec7f55-0c65-44c8-b65d-e147aeab6602,3773474,2021-04-05,2020/2021,676,Real Valladolid,26,106.4,32.1,0.08671496,Open Play,Off T,Left Foot
5c698483-2ca9-42e0-8d7d-4432119b77ca,3773474,2021-04-05,2020/2021,676,Real Valladolid,39,104.4,31.7,0.11850036,Open Play,Blocked,Left Foot
2e06ce6c-07e8-4925-8486-8eeea7d219f5,3773474,2021-04-05,2020/2021,676,Real Valladolid,50,95.6,43.7,0.069491625,Free Kick,Blocked,Left Foot
6692133c-3011-4663-9435-f1d43fc40ce7,3773474,2021-04-05,2020/2021,676,Real Valladolid,56,93.8,48.7,0.028926669,Open Play,Saved,Left Foot
dfa41fe3-958b-41c0-920b-3453f6cf4bbf,3773474,2021-04-05,2020/2021,676,Real Valladolid,63,94.1,53.1,0.047556136,Free Kick,Saved,Left Foot
316d8ac7-e079-4d13-85c5-dcede370b90f,3773474,2021-04-05,2020/2021,676,Real Valladolid,70,94.1,39.9,0.032605354,Open Play,Off T,Left Foot
65c21002-6430-4202-93ca-71964ebd2c8c,3773497,2021-04-10,2020/2021,676,Real Madrid,40,99.8,33.8,0.04994738,Open Play,Blocked,Left Foot
ee438bca-2b8f-479a-be8b-453890729d30,3773497,2021-04-10,2020/2021,676,Real Madrid,44,112.8,24.6,0.01567179,Open Play,Blocked,Left Foot
aaa1fc98-e20c-4694-933c-1d9f8de21766,3773497,2021-04-10,2020/2021,676,Real Madrid,47,117.0,47.2,0.13461363,Open Play,Saved,Left Foot
eac014e6-1d2b-4c84-9473-c56106932718,3773497,2021-04-10,2020/2021,676,Real Madrid,47,114.1,32.7,0.06691165,Open Play,Blocked,Left Foot
1d0c61ed-8fda-4c25-bf47-1b0577629380,3773497,2021-04-10,2020/2021,676,Real Madrid,64,90.5,35.5,0.04573942,Free Kick,Blocked,Left Foot
f2d71d0f-8059-4abc-90fc-af0a6bf63f1b,3773497,2021-04-10,2020/2021,676,Real Madrid,69,97.2,34.9,0.07932068,Free Kick,Blocked,Left Foot
b3730d7a-c0d5-46e4-b86f-d363ab86e6be,3773497,2021-04-10,2020/2021,676,Real Madrid,90,98.3,52.5,0.06397319,Free Kick,Saved,Left Foot
fd0fc8d1-96ab-4822-be1b-cf512141da52,3773661,2021-04-22,2020/2021,676,Getafe,3,100.9,30.7,0.096754916,Open Play,Post,Left Foot
eb73727e-5d06-4e3e-bf4a-ae23d3240fe0,3773661,2021-04-22,2020/2021,676,Getafe,7,105.8,29.7,0.12135693,Open Play,Goal,Left Foot
5464aeb3-2549-499c-bb7a-e72a5ee83ccb,3773661,2021-04-22,2020/2021,676,Getafe,15,103.1,29.0,0.072197124,Open Play,Off T,Left Foot
bb909e9c-49aa-48cc-bc92-6e0747962fbf,3773661,2021-04-22,2020/2021,676,Getafe,19,100.3,52.0,0.02507951,Open Play,Saved,Left Foot
389ae333-a7a9-45fd-826c-aee840126954,3773661,2021-04-22,2020/2021,676,Getafe,32,107.4,53.5,0.06314573,Open Play,Saved to Post,Right Foot
eabe63ae-b505-4148-af07-7f87bc9b8b78,3773661,2021-04-22,2020/2021,676,Getafe,32,118.8,47.6,0.10368549,Open Play,Goal,Left Foot
29741eaf-6289-44ee-be5d-69b9ca9bb903,3773661,2021-04-22,2020/2021,676,Getafe,90,108.7,50.6,0.14262015,Open Play,Off T,Right Foot
012e1021-c62e-4692-b9e2-ccedd99f2084,3773689,2021-04-25,2020/2021,676,Villarreal,8,88.9,46.7,0.030633146,Free Kick,Blocked,Left Foot
2c0f503e-2038-4bb8-b804-41050982c85a,3773689,2021-04-25,2020/2021,676,Villarreal,17,114.0,27.1,0.04878769,Open Play,Saved,Left Foot
9aa213cb-eeca-4137-a87b-b2d41f428a4c,3773689,2021-04-25,2020/2021,676,Villarreal,56,105.2,46.9,0.06681567,Open Play,Off T,Right Foot
be37446a-8040-4f43-8dca-5eed3d86969d,3773586,2021-04-29,2020/2021,676,Granada,22,112.3,28.1,0.080978274,Open Play,Goal,Left Foot
eeab3222-f5b2-47a3-b417-edd7865d83b9,3773586,2021-04-29,2020/2021,676,Granada,25,98.5,40.7,0.04477437,Open Play,Blocked,Left Foot
c61037f2-40b7-4347-b567-5b9a660510f0,3773586,2021-04-29,2020/2021,676,Granada,28,101.7,42.7,0.08644311,Open Play,Blocked,Left Foot
e58c3c97-915e-4fed-907e-9af5c2992117,3773586,2021-04-29,2020/2021,676,Granada,35,111.1,49.2,0.34449932,Open Play,Saved,Left Foot
7c3220ce-0bea-4802-bfdf-bdd248d7383c,3773586,2021-04-29,2020/2021,676,Granada,73,93.8,41.4,0.031419158,Open Play,Blocked,Left Foot
71dde156-5990-4704-99f3-1dda1ec6d460,3773586,2021-04-29,2020/2021,676,Granada,77,92.0,37.9,0.050268207,Free Kick,Blocked,Left Foot
8499ceeb-3c2b-479d-88e7-094747984c72,3773695,2021-05-02,2020/2021,676,Valencia,30,98.3,56.3,0.04494989,Free Kick,Off T,Left Foot
9eca4c87-8318-4128-9c3f-833df72ce65e,3773695,2021-05-02,2020/2021,676,Valencia,56,108.2,40.1,0.7835,Penalty,Saved,Left Foot
64a95e7e-b937-462f-8e41-e6d02fd9cae2,3773695,2021-05-02,2020/2021,676,Valencia,56,117.3,38.6,0.43860507,Open Play,Goal,Left Foot
033218da-3137-4ce0-a408-132944d70d78,3773695,2021-05-02,2020/2021,676,Valencia,68,95.0,43.0,0.06724297,Free Kick,Goal,Left Foot
b1342554-f089-47f3-8da1-f5d41b17e046,3773695,2021-05-02,2020/2021,676,Valencia,81,110.2,33.2,0.07695855,Open Play,Blocked,Left Foot
95af8614-9fc0-4157-98e3-badb21379d28,3773372,2021-05-08,2020/2021,676,Atlético Madrid,40,102.6,43.8,0.11183241,Open Play,Saved,Left Foot
c929497f-32cd-4198-9bb6-5fbe960e052f,3773372,2021-05-08,2020/2021,676,Atlético Madrid,65,99.3,60.3,0.010816168,Free Kick,Saved,Left Foot
aa155c5a-319c-4010-97c2-6c809184c0f4,3773372,2021-05-08,2020/2021,676,Atlético Madrid,89,92.3,35.2,0.055833194,Free Kick,Off T,Left Foot
4cbe7c5b-98af-4523-b9f6-0e2522474b38,3773387,2021-05-11,2020/2021,676,Levante UD,5,99.3,47.7,0.09009651,Free Kick,Blocked,Left Foot
bfaa342c-57a7-44c0-a299-4f6a3d1c0298,3773387,2021-05-11,2020/2021,676,Levante UD,25,106.1,44.8,0.17742667,Open Play,Goal,Left Foot
6375abc7-3483-4b67-947d-6b04b080b083,3773387,2021-05-11,2020/2021,676,Levante UD,28,100.1,41.4,0.08561085,Open Play,Off T,Left Foot
3dd25777-7011-4679-85c5-a919d293d98c,3773387,2021-05-11,2020/2021,676,Levante UD,31,99.6,38.7,0.05682641,Open Play,Blocked,Left Foot
6c3089a0-268b-4c3e-9818-6577819f3cdb,3773387,2021-05-11,2020/2021,676,Levante UD,46,110.4,23.8,0.043584865,Open Play,Off T,Left Foot
5a2a41aa-c569-469a-9b65-844c92fc8560,3773387,2021-05-11,2020/2021,676,Levante UD,57,105.5,41.7,0.14952034,Open Play,Blocked,Left Foot
f4d77b03-6602-4b80-adac-f840ed665451,3773457,2021-05-16,2020/2021,676,Celta Vigo,9,105.5,42.9,0.09020188,Open Play,Blocked,Left Foot
c56f3aa1-26fe-4e10-a636-0865360df2bc,3773457,2021-05-16,2020/2021,676,Celta Vigo,16,95.2,41.5,0.054610096,Open Play,Off T,Left Foot
203ff9bc-c914-4432-9f3c-46e9dfa8d600,3773457,2021-05-16,2020/2021,676,Celta Vigo,18,113.1,28.9,0.101339325,Open Play,Off T,Left Foot
cb2293ec-4c84-438e-b0c3-ba7be743d402,3773457,2021-05-16,2020/2021,676,Celta Vigo,27,112.3,45.1,0.16491379,Open Play,Goal,Head
eb5fdf0f-6d7d-4096-b301-5818adf09842,3773457,2021-05-16,2020/2021,676,Celta Vigo,41,97.4,45.4,0.04007158,Open Play,Blocked,Left Foot
75c64636-43ea-459e-b0ac-572c00ba3307,3773457,2021-05-16,2020/2021,676,Celta Vigo,84,101.8,45.3,0.07324356,Open Play,Saved,Left Foot
4cd21d22-2a02-4059-a609-65735477ffcb,3773457,2021-05-16,2020/2021,676,Celta Vigo,87,108.7,30.9,0.085805565,Open Play,Wayward,Left Foot
76090519-ebe0-46de-99cc-9d5b3e88cc91,3773457,2021-05-16,2020/2021,676,Celta Vigo,92,99.8,35.6,0.07906983,Open Play,Off T,Left Foot
